[2026-03-17T14:39:13.987] [DEBUG] debug-file - Update task entry:default@SyscapTransform input file:K:\study\HarmonyOs\software\DevEcoStudio\DevEco Studio\sdk\default\openharmony\ets\api\device-define cache by regenerate.
[2026-03-17T14:39:13.988] [DEBUG] debug-file - Update task entry:default@SyscapTransform output file:K:\study\HarmonyOs\code\tank\entry\build\default\intermediates\syscap\default\rpcid.sc cache.
[2026-03-17T14:39:13.988] [DEBUG] debug-file - Incremental task entry:default@SyscapTransform post-execution cost:1 ms .
[2026-03-17T14:39:13.988] [DEBUG] debug-file - There is no need to refresh cache, since the incremental task entry:default@ProcessProfile is up-to-date.
[2026-03-17T14:39:13.988] [DEBUG] debug-file - There is no need to refresh cache, since the incremental task entry:default@ProcessRouterMap is up-to-date.
[2026-03-17T14:39:13.988] [DEBUG] debug-file - There is no need to refresh cache, since the incremental task entry:default@ProcessShareConfig is up-to-date.
[2026-03-17T14:39:13.988] [DEBUG] debug-file - Update task entry:default@ProcessStartupConfig output file:K:\study\HarmonyOs\code\tank\entry\build\default\intermediates\startup\default\startup_config.json cache.
[2026-03-17T14:39:13.988] [DEBUG] debug-file - Incremental task entry:default@ProcessStartupConfig post-execution cost:1 ms .
[2026-03-17T14:39:13.988] [DEBUG] debug-file - There is no need to refresh cache, since the incremental task entry:default@ProcessResource is up-to-date.
[2026-03-17T14:39:13.988] [DEBUG] debug-file - There is no need to refresh cache, since the incremental task entry:default@GenerateLoaderJson is up-to-date.
[2026-03-17T14:39:13.988] [DEBUG] debug-file - There is no need to refresh cache, since the incremental task entry:default@ProcessLibs is up-to-date.
[2026-03-17T14:39:13.988] [DEBUG] debug-file - There is no need to refresh cache, since the incremental task entry:default@CompileResource is up-to-date.
[2026-03-17T14:39:13.988] [DEBUG] debug-file - There is no need to refresh cache, since the incremental task entry:default@DoNativeStrip is up-to-date.
[2026-03-17T14:39:13.989] [DEBUG] debug-file - Update task entry:default@CompileArkTS input file:K:\study\HarmonyOs\code\tank\entry\build\default\intermediates\loader\default cache by regenerate.
[2026-03-17T14:39:13.990] [DEBUG] debug-file - Update task entry:default@CompileArkTS input file:K:\study\HarmonyOs\code\tank\entry\build\default\intermediates\res\default\ResourceTable.txt cache by regenerate.
[2026-03-17T14:39:13.990] [DEBUG] debug-file - Update task entry:default@CompileArkTS input file:K:\study\HarmonyOs\code\tank\entry\build\default\intermediates\res\default\ark_module.json cache by regenerate.
[2026-03-17T14:39:13.990] [DEBUG] debug-file - Update task entry:default@CompileArkTS input file:K:\study\HarmonyOs\code\tank\entry\build\default\intermediates\res\default\resources\base\profile cache by regenerate.
[2026-03-17T14:39:13.990] [DEBUG] debug-file - Update task entry:default@CompileArkTS input file:K:\study\HarmonyOs\code\tank\entry\src\main\ets cache from map.
[2026-03-17T14:39:13.990] [DEBUG] debug-file - Update task entry:default@CompileArkTS input file:K:\study\HarmonyOs\code\tank\entry\build\default\generated\profile\default\BuildProfile.ets cache by regenerate.
[2026-03-17T14:39:13.990] [DEBUG] debug-file - Update task entry:default@CompileArkTS output file:K:\study\HarmonyOs\code\tank\entry\build\default\intermediates\loader_out\default\ets cache.
[2026-03-17T14:39:13.990] [DEBUG] debug-file - Incremental task entry:default@CompileArkTS post-execution cost:3 ms .
[2026-03-17T14:39:13.991] [DEBUG] debug-file - Update task entry:default@BuildJS input file:K:\study\HarmonyOs\code\tank\entry\build\default\intermediates\loader\default cache by regenerate.
[2026-03-17T14:39:13.991] [DEBUG] debug-file - Update task entry:default@BuildJS input file:K:\study\HarmonyOs\code\tank\entry\build\default\intermediates\res\default\ResourceTable.txt cache by regenerate.
[2026-03-17T14:39:13.991] [DEBUG] debug-file - Update task entry:default@BuildJS input file:K:\study\HarmonyOs\code\tank\entry\build\default\intermediates\res\default\ark_module.json cache by regenerate.
[2026-03-17T14:39:13.991] [DEBUG] debug-file - Update task entry:default@BuildJS input file:K:\study\HarmonyOs\code\tank\entry\build\default\intermediates\res\default\resources\base\profile cache by regenerate.
[2026-03-17T14:39:13.991] [DEBUG] debug-file - Update task entry:default@BuildJS output file:K:\study\HarmonyOs\code\tank\entry\build\default\intermediates\loader_out\default\js cache.
[2026-03-17T14:39:13.992] [DEBUG] debug-file - Incremental task entry:default@BuildJS post-execution cost:2 ms .
[2026-03-17T14:39:13.992] [DEBUG] debug-file - There is no need to refresh cache, since the incremental task entry:default@CacheNativeLibs is up-to-date.
[2026-03-17T14:39:13.992] [DEBUG] debug-file - There is no need to refresh cache, since the incremental task entry:default@GeneratePkgModuleJson is up-to-date.
[2026-03-17T14:39:13.992] [DEBUG] debug-file - Incremental task entry:default@ProcessCompiledResources post-execution cost:1 ms .
[2026-03-17T14:39:13.992] [DEBUG] debug-file - Update task entry:default@PackageHap input file:K:\study\HarmonyOs\code\tank\entry\build\default\intermediates\stripped_native_libs\default cache by regenerate.
[2026-03-17T14:39:13.992] [DEBUG] debug-file - Update task entry:default@PackageHap input file:K:\study\HarmonyOs\code\tank\entry\build\default\intermediates\res\default\module.json cache by regenerate.
[2026-03-17T14:39:13.992] [DEBUG] debug-file - Update task entry:default@PackageHap input file:K:\study\HarmonyOs\code\tank\entry\build\default\intermediates\res\default\resources cache by regenerate.
[2026-03-17T14:39:13.993] [DEBUG] debug-file - Update task entry:default@PackageHap input file:K:\study\HarmonyOs\code\tank\entry\build\default\intermediates\res\default\resources.index cache by regenerate.
[2026-03-17T14:39:13.994] [DEBUG] debug-file - Update task entry:default@PackageHap input file:K:\study\HarmonyOs\code\tank\entry\build\default\outputs\default\pack.info cache by regenerate.
[2026-03-17T14:39:13.994] [DEBUG] debug-file - Update task entry:default@PackageHap input file:K:\study\HarmonyOs\code\tank\entry\build\default\intermediates\loader_out\default\ets cache from map.
[2026-03-17T14:39:13.994] [DEBUG] debug-file - Update task entry:default@PackageHap input file:K:\study\HarmonyOs\code\tank\entry\build\default\intermediates\loader_out\default\ets\sourceMaps.map cache by regenerate.
[2026-03-17T14:39:13.994] [DEBUG] debug-file - Update task entry:default@PackageHap input file:K:\study\HarmonyOs\code\tank\entry\build\default\generated\profile\default\BuildProfile.ets cache by regenerate.
[2026-03-17T14:39:13.994] [DEBUG] debug-file - Update task entry:default@PackageHap output file:K:\study\HarmonyOs\code\tank\entry\build\default\outputs\default\entry-default-unsigned.hap cache.
[2026-03-17T14:39:13.994] [DEBUG] debug-file - Update task entry:default@PackageHap output file:K:\study\HarmonyOs\code\tank\entry\build\default\intermediates\source_map\default\sourceMaps.map cache.
[2026-03-17T14:39:13.994] [DEBUG] debug-file - Update task entry:default@PackageHap output file:K:\study\HarmonyOs\code\tank\entry\build\default\outputs\default\mapping\sourceMaps.map cache.
[2026-03-17T14:39:13.995] [DEBUG] debug-file - Incremental task entry:default@PackageHap post-execution cost:3 ms .
[2026-03-17T14:39:13.995] [DEBUG] debug-file - Update task entry:default@SignHap input file:K:\study\HarmonyOs\code\tank\entry\build\default\outputs\default\entry-default-unsigned.hap cache from map.
[2026-03-17T14:39:13.995] [DEBUG] debug-file - Update task entry:default@SignHap output file:K:\study\HarmonyOs\code\tank\entry\build\default\outputs\default\entry-default-signed.hap cache.
[2026-03-17T14:39:13.995] [DEBUG] debug-file - Incremental task entry:default@SignHap post-execution cost:1 ms .
[2026-03-17T14:39:13.995] [DEBUG] debug-file - Update task entry:default@CollectDebugSymbol input file:K:\study\HarmonyOs\code\tank\entry\build\default\intermediates\loader_out\default\ets\sourceMaps.map cache by regenerate.
[2026-03-17T14:39:13.995] [DEBUG] debug-file - Update task entry:default@CollectDebugSymbol input file:K:\study\HarmonyOs\code\tank\entry\build\default\intermediates\libs\default cache by regenerate.
[2026-03-17T14:39:13.995] [DEBUG] debug-file - Update task entry:default@CollectDebugSymbol output file:K:\study\HarmonyOs\code\tank\entry\build\default\outputs\default\symbol cache.
[2026-03-17T14:39:13.996] [DEBUG] debug-file - Incremental task entry:default@CollectDebugSymbol post-execution cost:1 ms .
[2026-03-17T14:39:14.011] [DEBUG] debug-file - Cleanup worker 10.
[2026-03-17T14:39:14.011] [DEBUG] debug-file - Worker 10 has been cleaned up.
[2026-03-17T14:39:14.011] [DEBUG] debug-file - Current idle worker size: 1.
[2026-03-17T14:39:14.011] [DEBUG] debug-file - Current resident worker size: 2.
[2026-03-17T14:39:14.011] [DEBUG] debug-file - hvigor build process will be closed.
[2026-03-17T14:39:14.012] [DEBUG] debug-file - java daemon socket close code:1000 reason:close by user
[2026-03-17T14:39:14.016] [DEBUG] debug-file - session manager: send message to worker process.
[2026-03-17T14:39:14.016] [DEBUG] debug-file - session manager: send message to worker process.
[2026-03-17T14:39:14.015] [DEBUG] debug-file - watch worker: worker id should be larger than 0. Nothing will be sent to any worker thread.
[2026-03-17T14:39:14.016] [DEBUG] debug-file - watch worker: worker id should be larger than 0. Nothing will be sent to any worker thread.
[2026-03-17T14:39:14.020] [DEBUG] debug-file - worker[10] exits with exit code 1.
[2026-03-17T14:39:39.930] [DEBUG] debug-file - session manager: set active socket. socketId=ZhUfG24DTw8Tw8HdAAAj
[2026-03-17T14:39:39.950] [DEBUG] debug-file - watch worker: worker id should be larger than 0. Nothing will be sent to any worker thread.
[2026-03-17T14:39:39.954] [DEBUG] debug-file - Hvigor init with startParameters:{
  hvigorfileTypeCheck: false,
  parallelExecution: true,
  incrementalExecution: true,
  printStackTrace: false,
  daemon: true,
  analyze: 0,
  logLevel: Level { level: 20000, levelStr: 'INFO', colour: 'green' },
  optimizationStrategy: 'memory',
  hotCompile: undefined,
  hotReloadBuild: undefined
}
[2026-03-17T14:39:39.957] [DEBUG] debug-file - Cache service initialization finished in 3 ms 
[2026-03-17T14:39:39.957] [DEBUG] debug-file - hvigorfile, resolving K:\study\HarmonyOs\code\tank\hvigorfile.ts
[2026-03-17T14:39:39.962] [DEBUG] debug-file - hvigorfile, require result:  { default: { plugins: [] } }
[2026-03-17T14:39:39.962] [DEBUG] debug-file - hvigorfile, binding system plugins null
[2026-03-17T14:39:39.964] [DEBUG] debug-file - Start initialize project's product build option map with build mode debug.
[2026-03-17T14:39:39.964] [DEBUG] debug-file - Picking option from product 'default' with build mode 'debug'.
[2026-03-17T14:39:39.964] [DEBUG] debug-file - Product 'default' build option initialized
[2026-03-17T14:39:39.964] [DEBUG] debug-file - End initialize project's product build option map with build mode 'debug'.
[2026-03-17T14:39:39.965] [DEBUG] debug-file - Obtain build option for product 'default'in this build.
[2026-03-17T14:39:39.966] [DEBUG] debug-file - No signingConfig found, initRemoteHspCache failed.
[2026-03-17T14:39:39.967] [DEBUG] debug-file - Start recording SDK configuration permission data.
[2026-03-17T14:39:39.994] [DEBUG] debug-file - Sdk init in 28 ms 
[2026-03-17T14:39:39.996] [DEBUG] debug-file - Project task initialization takes 2 ms 
[2026-03-17T14:39:39.996] [DEBUG] debug-file - hvigorfile, binding custom plugins []
[2026-03-17T14:39:39.996] [DEBUG] debug-file - hvigorfile, no custom plugins were found in K:\study\HarmonyOs\code\tank\hvigorfile.ts
[2026-03-17T14:39:39.996] [DEBUG] debug-file - hvigorfile, resolve finished K:\study\HarmonyOs\code\tank\hvigorfile.ts
[2026-03-17T14:39:39.996] [DEBUG] debug-file - hvigorfile, resolving K:\study\HarmonyOs\code\tank\entry\hvigorfile.ts
[2026-03-17T14:39:39.999] [DEBUG] debug-file - hvigorfile, require result:  { default: { plugins: [] } }
[2026-03-17T14:39:39.999] [DEBUG] debug-file - hvigorfile, binding system plugins null
[2026-03-17T14:39:40.000] [DEBUG] debug-file - failed to load cangjie to dynamically generate schemas: Error: Cannot find module '@ohos/cangjie-build-support/index'
Require stack:
- K:\study\HarmonyOs\software\DevEcoStudio\DevEco Studio\tools\hvigor\hvigor-ohos-plugin\src\plugin\factory\plugin-factory.js
- K:\study\HarmonyOs\software\DevEcoStudio\DevEco Studio\tools\hvigor\hvigor-ohos-plugin\index.js
- K:\study\HarmonyOs\code\tank\hvigorfile.ts
- K:\study\HarmonyOs\software\DevEcoStudio\DevEco Studio\tools\hvigor\hvigor\src\base\internal\lifecycle\configuration.js
- K:\study\HarmonyOs\software\DevEcoStudio\DevEco Studio\tools\hvigor\hvigor\src\base\boot\index.js
- K:\study\HarmonyOs\software\DevEcoStudio\DevEco Studio\tools\hvigor\hvigor\src\base\daemon\cluster\worker-process-lifecycle.js
- K:\study\HarmonyOs\software\DevEcoStudio\DevEco Studio\tools\hvigor\hvigor\src\base\daemon\process\daemon-process-boot-script.js
[2026-03-17T14:39:40.000] [DEBUG] debug-file - Start initialize module-target build option map, moduleName=entry, buildMode=release
[2026-03-17T14:39:40.001] [DEBUG] debug-file - Target 'default' config initialized
[2026-03-17T14:39:40.001] [DEBUG] debug-file - Module 'entry' target 'default' build option initialized
[2026-03-17T14:39:40.001] [DEBUG] debug-file - End initialize module-target build option map, moduleName=entry
[2026-03-17T14:39:40.001] [DEBUG] debug-file - Start initialize module-target build option map, moduleName=entry, buildMode=debug
[2026-03-17T14:39:40.001] [DEBUG] debug-file - Target 'default' config initialized
[2026-03-17T14:39:40.001] [DEBUG] debug-file - Module 'entry' target 'default' build option initialized
[2026-03-17T14:39:40.001] [DEBUG] debug-file - End initialize module-target build option map, moduleName=entry
[2026-03-17T14:39:40.001] [DEBUG] debug-file - Start initialize module-target build option map, moduleName=entry, buildMode=debug
[2026-03-17T14:39:40.001] [DEBUG] debug-file - Target 'default' config initialized
[2026-03-17T14:39:40.001] [DEBUG] debug-file - Module 'entry' target 'default' build option initialized
[2026-03-17T14:39:40.001] [DEBUG] debug-file - End initialize module-target build option map, moduleName=entry
[2026-03-17T14:39:40.001] [DEBUG] debug-file - Obtain build option for module 'entry' target 'default'in this build.
[2026-03-17T14:39:40.002] [DEBUG] debug-file - Module entry task initialization takes 1 ms 
[2026-03-17T14:39:40.002] [DEBUG] debug-file - hvigorfile, binding custom plugins []
[2026-03-17T14:39:40.002] [DEBUG] debug-file - hvigorfile, no custom plugins were found in K:\study\HarmonyOs\code\tank\entry\hvigorfile.ts
[2026-03-17T14:39:40.002] [DEBUG] debug-file - hvigorfile, resolve finished K:\study\HarmonyOs\code\tank\entry\hvigorfile.ts
[2026-03-17T14:39:40.015] [DEBUG] debug-file - hvigorfile, resolve hvigorfile dependencies in 13 ms 
[2026-03-17T14:39:40.015] [DEBUG] debug-file - project has submodules:entry
[2026-03-17T14:39:40.016] [DEBUG] debug-file - start to load updatedOhPackageInfo to the disk
[2026-03-17T14:39:40.018] [DEBUG] debug-file - load to the disk finished
[2026-03-17T14:39:40.019] [DEBUG] debug-file - Start to initialize dependency information.
[2026-03-17T14:39:40.019] [DEBUG] debug-file - Module tank Collected Dependency: 
[2026-03-17T14:39:40.020] [DEBUG] debug-file - Module tank's total dependency: 0
[2026-03-17T14:39:40.020] [DEBUG] debug-file - Start to initialize dependency information.
[2026-03-17T14:39:40.021] [DEBUG] debug-file - Module entry Collected Dependency: 
[2026-03-17T14:39:40.021] [DEBUG] debug-file - Module entry's total dependency: 0
[2026-03-17T14:39:40.023] [DEBUG] debug-file - Configuration phase cost:66 ms 
[2026-03-17T14:39:40.023] [DEBUG] debug-file - Configuration task cost before running: 72 ms 
[2026-03-17T14:39:40.026] [DEBUG] debug-file - Executing task :entry:default@PreBuild
[2026-03-17T14:39:40.026] [DEBUG] debug-file - Task 'entry:default@PreBuild' cost while wrapping incremental declarations: 1 ms 
[2026-03-17T14:39:40.031] [DEBUG] debug-file - Incremental task entry:default@PreBuild pre-execution cost: 3 ms .
[2026-03-17T14:39:40.031] [DEBUG] debug-file - entry : default@PreBuild cost memory -0.5436630249023438
[2026-03-17T14:39:40.032] [INFO] debug-file - UP-TO-DATE :entry:default@PreBuild...  
[2026-03-17T14:39:40.033] [DEBUG] debug-file - Executing task :entry:default@CreateModuleInfo
[2026-03-17T14:39:40.033] [DEBUG] debug-file - Task 'entry:default@CreateModuleInfo' cost while wrapping incremental declarations: 1 ms 
[2026-03-17T14:39:40.033] [DEBUG] debug-file - entry : default@CreateModuleInfo cost memory 0.03964996337890625
[2026-03-17T14:39:40.033] [DEBUG] debug-file - runTaskFromQueue task cost before running: 82 ms 
[2026-03-17T14:39:40.034] [INFO] debug-file - Finished :entry:default@CreateModuleInfo... after 1 ms 
[2026-03-17T14:39:40.035] [DEBUG] debug-file - Executing task :entry:default@GenerateMetadata
[2026-03-17T14:39:40.035] [DEBUG] debug-file - Task 'entry:default@GenerateMetadata' cost while wrapping incremental declarations: 1 ms 
[2026-03-17T14:39:40.036] [DEBUG] debug-file - Incremental task entry:default@GenerateMetadata pre-execution cost: 1 ms .
[2026-03-17T14:39:40.036] [DEBUG] debug-file - entry : default@GenerateMetadata cost memory 0.08856964111328125
[2026-03-17T14:39:40.036] [INFO] debug-file - UP-TO-DATE :entry:default@GenerateMetadata...  
[2026-03-17T14:39:40.037] [DEBUG] debug-file - Executing task :entry:default@ConfigureCmake
[2026-03-17T14:39:40.037] [DEBUG] debug-file - entry : default@ConfigureCmake cost memory 0.01535797119140625
[2026-03-17T14:39:40.037] [DEBUG] debug-file - runTaskFromQueue task cost before running: 86 ms 
[2026-03-17T14:39:40.037] [INFO] debug-file - Finished :entry:default@ConfigureCmake... after 1 ms 
[2026-03-17T14:39:40.038] [DEBUG] debug-file - Executing task :entry:default@MergeProfile
[2026-03-17T14:39:40.038] [DEBUG] debug-file - Task 'entry:default@MergeProfile' cost while wrapping incremental declarations: 1 ms 
[2026-03-17T14:39:40.040] [DEBUG] debug-file - Incremental task entry:default@MergeProfile pre-execution cost: 2 ms .
[2026-03-17T14:39:40.040] [DEBUG] debug-file - entry : default@MergeProfile cost memory -0.6192550659179688
[2026-03-17T14:39:40.041] [INFO] debug-file - UP-TO-DATE :entry:default@MergeProfile...  
[2026-03-17T14:39:40.042] [DEBUG] debug-file - Executing task :entry:default@CreateBuildProfile
[2026-03-17T14:39:40.042] [DEBUG] debug-file - Task 'entry:default@CreateBuildProfile' cost while wrapping incremental declarations: 1 ms 
[2026-03-17T14:39:40.043] [DEBUG] debug-file - Incremental task entry:default@CreateBuildProfile pre-execution cost: 1 ms .
[2026-03-17T14:39:40.043] [DEBUG] debug-file - entry : default@CreateBuildProfile cost memory 0.096435546875
[2026-03-17T14:39:40.043] [INFO] debug-file - UP-TO-DATE :entry:default@CreateBuildProfile...  
[2026-03-17T14:39:40.044] [DEBUG] debug-file - Executing task :entry:default@PreCheckSyscap
[2026-03-17T14:39:40.044] [DEBUG] debug-file - entry : default@PreCheckSyscap cost memory 0.0155792236328125
[2026-03-17T14:39:40.044] [DEBUG] debug-file - runTaskFromQueue task cost before running: 93 ms 
[2026-03-17T14:39:40.044] [INFO] debug-file - Finished :entry:default@PreCheckSyscap... after 1 ms 
[2026-03-17T14:39:40.045] [DEBUG] debug-file - Executing task :entry:default@GeneratePkgContextInfo
[2026-03-17T14:39:40.047] [DEBUG] debug-file - Task 'entry:default@GeneratePkgContextInfo' cost while wrapping incremental declarations: 1 ms 
[2026-03-17T14:39:40.047] [DEBUG] debug-file - entry : default@GeneratePkgContextInfo cost memory 0.1641082763671875
[2026-03-17T14:39:40.047] [DEBUG] debug-file - runTaskFromQueue task cost before running: 96 ms 
[2026-03-17T14:39:40.047] [INFO] debug-file - Finished :entry:default@GeneratePkgContextInfo... after 3 ms 
[2026-03-17T14:39:40.049] [DEBUG] debug-file - Executing task :entry:default@ProcessIntegratedHsp
[2026-03-17T14:39:40.050] [DEBUG] debug-file - entry:default@ProcessIntegratedHsp is not up-to-date, since the output file 'K:\study\HarmonyOs\code\tank\build\cache\default\integrated_hsp\integratedHspCache.json' does not exist.
[2026-03-17T14:39:40.050] [DEBUG] debug-file - Incremental task entry:default@ProcessIntegratedHsp pre-execution cost: 1 ms .
[2026-03-17T14:39:40.050] [DEBUG] debug-file - entry : default@ProcessIntegratedHsp cost memory 0.061065673828125
[2026-03-17T14:39:40.050] [DEBUG] debug-file - runTaskFromQueue task cost before running: 99 ms 
[2026-03-17T14:39:40.050] [INFO] debug-file - Finished :entry:default@ProcessIntegratedHsp... after 1 ms 
[2026-03-17T14:39:40.051] [DEBUG] debug-file - Executing task :entry:default@BuildNativeWithCmake
[2026-03-17T14:39:40.051] [DEBUG] debug-file - entry : default@BuildNativeWithCmake cost memory 0.0164031982421875
[2026-03-17T14:39:40.051] [DEBUG] debug-file - runTaskFromQueue task cost before running: 100 ms 
[2026-03-17T14:39:40.051] [INFO] debug-file - Finished :entry:default@BuildNativeWithCmake... after 1 ms 
[2026-03-17T14:39:40.052] [DEBUG] debug-file - Executing task :entry:default@MakePackInfo
[2026-03-17T14:39:40.053] [DEBUG] debug-file - Incremental task entry:default@MakePackInfo pre-execution cost: 2 ms .
[2026-03-17T14:39:40.053] [DEBUG] debug-file - entry : default@MakePackInfo cost memory 0.10308837890625
[2026-03-17T14:39:40.054] [INFO] debug-file - UP-TO-DATE :entry:default@MakePackInfo...  
[2026-03-17T14:39:40.054] [DEBUG] debug-file - Executing task :entry:default@SyscapTransform
[2026-03-17T14:39:40.054] [DEBUG] debug-file - File: 'K:\study\HarmonyOs\code\tank\entry\src\main\syscap.json' from 'sysCapJsonPath' is not exists, just ignore.
[2026-03-17T14:39:40.055] [DEBUG] debug-file - Task 'entry:default@SyscapTransform' cost while wrapping incremental declarations: 1 ms 
[2026-03-17T14:39:40.056] [DEBUG] debug-file - entry:default@SyscapTransform is not up-to-date, since the output file 'K:\study\HarmonyOs\code\tank\entry\build\default\intermediates\syscap\default\rpcid.sc' does not exist.
[2026-03-17T14:39:40.056] [DEBUG] debug-file - Incremental task entry:default@SyscapTransform pre-execution cost: 1 ms .
[2026-03-17T14:39:40.056] [DEBUG] debug-file - entry : default@SyscapTransform cost memory 0.1660003662109375
[2026-03-17T14:39:40.056] [DEBUG] debug-file - runTaskFromQueue task cost before running: 105 ms 
[2026-03-17T14:39:40.056] [INFO] debug-file - Finished :entry:default@SyscapTransform... after 2 ms 
[2026-03-17T14:39:40.057] [DEBUG] debug-file - Executing task :entry:default@ProcessProfile
[2026-03-17T14:39:40.058] [DEBUG] debug-file - Task 'entry:default@ProcessProfile' cost while wrapping incremental declarations: 1 ms 
[2026-03-17T14:39:40.058] [DEBUG] debug-file - Incremental task entry:default@ProcessProfile pre-execution cost: 1 ms .
[2026-03-17T14:39:40.058] [DEBUG] debug-file - entry : default@ProcessProfile cost memory 0.12458038330078125
[2026-03-17T14:39:40.059] [INFO] debug-file - UP-TO-DATE :entry:default@ProcessProfile...  
[2026-03-17T14:39:40.060] [DEBUG] debug-file - Executing task :entry:default@ProcessRouterMap
[2026-03-17T14:39:40.061] [DEBUG] debug-file - Incremental task entry:default@ProcessRouterMap pre-execution cost: 1 ms .
[2026-03-17T14:39:40.061] [DEBUG] debug-file - entry : default@ProcessRouterMap cost memory 0.126617431640625
[2026-03-17T14:39:40.062] [INFO] debug-file - UP-TO-DATE :entry:default@ProcessRouterMap...  
[2026-03-17T14:39:40.063] [DEBUG] debug-file - Executing task :entry:default@ProcessShareConfig
[2026-03-17T14:39:40.063] [DEBUG] debug-file - Incremental task entry:default@ProcessShareConfig pre-execution cost: 1 ms .
[2026-03-17T14:39:40.063] [DEBUG] debug-file - entry : default@ProcessShareConfig cost memory 0.111297607421875
[2026-03-17T14:39:40.064] [INFO] debug-file - UP-TO-DATE :entry:default@ProcessShareConfig...  
[2026-03-17T14:39:40.064] [DEBUG] debug-file - Executing task :entry:default@ProcessStartupConfig
[2026-03-17T14:39:40.064] [DEBUG] debug-file - Task 'entry:default@ProcessStartupConfig' cost while wrapping incremental declarations: 1 ms 
[2026-03-17T14:39:40.064] [DEBUG] debug-file - entry:default@ProcessStartupConfig is not up-to-date, since the output file 'K:\study\HarmonyOs\code\tank\entry\build\default\intermediates\startup\default\startup_config.json' does not exist.
[2026-03-17T14:39:40.064] [DEBUG] debug-file - Incremental task entry:default@ProcessStartupConfig pre-execution cost: 1 ms .
[2026-03-17T14:39:40.065] [DEBUG] debug-file - entry : default@ProcessStartupConfig cost memory 0.100189208984375
[2026-03-17T14:39:40.065] [DEBUG] debug-file - runTaskFromQueue task cost before running: 113 ms 
[2026-03-17T14:39:40.065] [INFO] debug-file - Finished :entry:default@ProcessStartupConfig... after 1 ms 
[2026-03-17T14:39:40.065] [DEBUG] debug-file - Executing task :entry:default@BuildNativeWithNinja
[2026-03-17T14:39:40.066] [DEBUG] debug-file - entry : default@BuildNativeWithNinja cost memory 0.0671539306640625
[2026-03-17T14:39:40.066] [DEBUG] debug-file - runTaskFromQueue task cost before running: 114 ms 
[2026-03-17T14:39:40.066] [INFO] debug-file - Finished :entry:default@BuildNativeWithNinja... after 1 ms 
[2026-03-17T14:39:40.066] [DEBUG] debug-file - restool module names: entry; moduleName=entry, taskName=default@ProcessResource
[2026-03-17T14:39:40.067] [DEBUG] debug-file - Executing task :entry:default@ProcessResource
[2026-03-17T14:39:40.067] [DEBUG] debug-file - Task 'entry:default@ProcessResource' cost while wrapping incremental declarations: 1 ms 
[2026-03-17T14:39:40.068] [DEBUG] debug-file - Incremental task entry:default@ProcessResource pre-execution cost: 1 ms .
[2026-03-17T14:39:40.068] [DEBUG] debug-file - entry : default@ProcessResource cost memory 0.1362152099609375
[2026-03-17T14:39:40.069] [INFO] debug-file - UP-TO-DATE :entry:default@ProcessResource...  
[2026-03-17T14:39:40.071] [DEBUG] debug-file - Executing task :entry:default@GenerateLoaderJson
[2026-03-17T14:39:40.071] [DEBUG] debug-file - Task 'entry:default@GenerateLoaderJson' cost while wrapping incremental declarations: 1 ms 
[2026-03-17T14:39:40.075] [DEBUG] debug-file - Incremental task entry:default@GenerateLoaderJson pre-execution cost: 3 ms .
[2026-03-17T14:39:40.075] [DEBUG] debug-file - entry : default@GenerateLoaderJson cost memory -1.21368408203125
[2026-03-17T14:39:40.077] [INFO] debug-file - UP-TO-DATE :entry:default@GenerateLoaderJson...  
[2026-03-17T14:39:40.078] [DEBUG] debug-file - Executing task :entry:default@ProcessLibs
[2026-03-17T14:39:40.079] [DEBUG] debug-file - Incremental task entry:default@ProcessLibs pre-execution cost: 1 ms .
[2026-03-17T14:39:40.079] [DEBUG] debug-file - entry : default@ProcessLibs cost memory 0.1035308837890625
[2026-03-17T14:39:40.079] [INFO] debug-file - UP-TO-DATE :entry:default@ProcessLibs...  
[2026-03-17T14:39:40.080] [DEBUG] debug-file - restool module names: entry; moduleName=entry, taskName=default@CompileResource
[2026-03-17T14:39:40.080] [DEBUG] debug-file - Executing task :entry:default@CompileResource
[2026-03-17T14:39:40.086] [DEBUG] debug-file - Incremental task entry:default@CompileResource pre-execution cost: 6 ms .
[2026-03-17T14:39:40.086] [DEBUG] debug-file - entry : default@CompileResource cost memory 0.5215301513671875
[2026-03-17T14:39:40.087] [INFO] debug-file - UP-TO-DATE :entry:default@CompileResource...  
[2026-03-17T14:39:40.088] [DEBUG] debug-file - Executing task :entry:default@DoNativeStrip
[2026-03-17T14:39:40.088] [DEBUG] debug-file - Task 'entry:default@DoNativeStrip' cost while wrapping incremental declarations: 1 ms 
[2026-03-17T14:39:40.089] [DEBUG] debug-file - Incremental task entry:default@DoNativeStrip pre-execution cost: 1 ms .
[2026-03-17T14:39:40.089] [DEBUG] debug-file - entry : default@DoNativeStrip cost memory 0.08133697509765625
[2026-03-17T14:39:40.089] [INFO] debug-file - UP-TO-DATE :entry:default@DoNativeStrip...  
[2026-03-17T14:39:40.090] [DEBUG] debug-file - Executing task :entry:default@CompileArkTS
[2026-03-17T14:39:40.090] [DEBUG] debug-file - obfuscationOptions: undefined
[2026-03-17T14:39:40.095] [DEBUG] debug-file - Incremental task entry:default@CompileArkTS pre-execution cost: 4 ms .
[2026-03-17T14:39:40.095] [DEBUG] debug-file - entry : default@CompileArkTS cost memory -1.2678451538085938
[2026-03-17T14:39:40.096] [INFO] debug-file - UP-TO-DATE :entry:default@CompileArkTS...  
[2026-03-17T14:39:40.096] [DEBUG] debug-file - Executing task :entry:default@BuildJS
[2026-03-17T14:39:40.097] [DEBUG] debug-file - entry : default@BuildJS cost memory 0.11457061767578125
[2026-03-17T14:39:40.098] [DEBUG] debug-file - runTaskFromQueue task cost before running: 146 ms 
[2026-03-17T14:39:40.098] [INFO] debug-file - Finished :entry:default@BuildJS... after 2 ms 
[2026-03-17T14:39:40.099] [DEBUG] debug-file - Executing task :entry:default@CacheNativeLibs
[2026-03-17T14:39:40.099] [DEBUG] debug-file - Task 'entry:default@CacheNativeLibs' cost while wrapping incremental declarations: 1 ms 
[2026-03-17T14:39:40.100] [DEBUG] debug-file - Incremental task entry:default@CacheNativeLibs pre-execution cost: 1 ms .
[2026-03-17T14:39:40.100] [DEBUG] debug-file - entry : default@CacheNativeLibs cost memory 0.09642791748046875
[2026-03-17T14:39:40.100] [INFO] debug-file - UP-TO-DATE :entry:default@CacheNativeLibs...  
[2026-03-17T14:39:40.101] [DEBUG] debug-file - Executing task :entry:default@GeneratePkgModuleJson
[2026-03-17T14:39:40.101] [DEBUG] debug-file - File: 'K:\study\HarmonyOs\code\tank\entry\build\default\intermediates\preload\default\preload.json' from 'preloadSoJsonPath' is not exists, just ignore.
[2026-03-17T14:39:40.101] [DEBUG] debug-file - Task 'entry:default@GeneratePkgModuleJson' cost while wrapping incremental declarations: 1 ms 
[2026-03-17T14:39:40.101] [DEBUG] debug-file - Incremental task entry:default@GeneratePkgModuleJson pre-execution cost: 1 ms .
[2026-03-17T14:39:40.101] [DEBUG] debug-file - entry : default@GeneratePkgModuleJson cost memory 0.0919342041015625
[2026-03-17T14:39:40.102] [INFO] debug-file - UP-TO-DATE :entry:default@GeneratePkgModuleJson...  
[2026-03-17T14:39:40.102] [DEBUG] debug-file - Executing task :entry:default@ProcessCompiledResources
[2026-03-17T14:39:40.102] [DEBUG] debug-file - File: 'K:\study\HarmonyOs\code\tank\entry\build\default\intermediates\preload\default\preload.json' from 'preloadSoJsonPath' is not exists, just ignore.
[2026-03-17T14:39:40.102] [DEBUG] debug-file - Task 'entry:default@ProcessCompiledResources' cost while wrapping incremental declarations: 1 ms 
[2026-03-17T14:39:40.102] [DEBUG] debug-file - entry : default@ProcessCompiledResources cost memory 0.0621185302734375
[2026-03-17T14:39:40.102] [DEBUG] debug-file - runTaskFromQueue task cost before running: 151 ms 
[2026-03-17T14:39:40.102] [INFO] debug-file - Finished :entry:default@ProcessCompiledResources... after 1 ms 
[2026-03-17T14:39:40.103] [DEBUG] debug-file - Executing task :entry:default@PackageHap
[2026-03-17T14:39:40.106] [DEBUG] debug-file - Incremental task entry:default@PackageHap pre-execution cost: 3 ms .
[2026-03-17T14:39:40.106] [DEBUG] debug-file - entry : default@PackageHap cost memory 0.3802642822265625
[2026-03-17T14:39:40.106] [INFO] debug-file - UP-TO-DATE :entry:default@PackageHap...  
[2026-03-17T14:39:40.106] [DEBUG] debug-file - Executing task :entry:default@PackingCheck
[2026-03-17T14:39:40.109] [DEBUG] debug-file - entry : default@PackingCheck cost memory -1.42205810546875
[2026-03-17T14:39:40.109] [DEBUG] debug-file - runTaskFromQueue task cost before running: 158 ms 
[2026-03-17T14:39:40.109] [INFO] debug-file - Finished :entry:default@PackingCheck... after 3 ms 
[2026-03-17T14:39:40.110] [DEBUG] debug-file - Executing task :entry:default@SignHap
[2026-03-17T14:39:40.111] [WARN] debug-file - Will skip sign 'hos_hap'. No signingConfigs profile is configured in current project.
             If needed, configure the signingConfigs in K:\study\HarmonyOs\code\tank\build-profile.json5.
[2026-03-17T14:39:40.111] [DEBUG] debug-file - entry:default@SignHap is not up-to-date, since the output file 'K:\study\HarmonyOs\code\tank\entry\build\default\outputs\default\entry-default-signed.hap' does not exist.
[2026-03-17T14:39:40.111] [DEBUG] debug-file - Incremental task entry:default@SignHap pre-execution cost: 1 ms .
[2026-03-17T14:39:40.111] [DEBUG] debug-file - entry : default@SignHap cost memory 0.0974273681640625
[2026-03-17T14:39:40.111] [DEBUG] debug-file - runTaskFromQueue task cost before running: 160 ms 
[2026-03-17T14:39:40.112] [INFO] debug-file - Finished :entry:default@SignHap... after 2 ms 
[2026-03-17T14:39:40.112] [DEBUG] debug-file - Executing task :entry:default@CollectDebugSymbol
[2026-03-17T14:39:40.113] [DEBUG] debug-file - entry : default@CollectDebugSymbol cost memory 0.09294891357421875
[2026-03-17T14:39:40.113] [DEBUG] debug-file - runTaskFromQueue task cost before running: 161 ms 
[2026-03-17T14:39:40.113] [INFO] debug-file - Finished :entry:default@CollectDebugSymbol... after 1 ms 
[2026-03-17T14:39:40.113] [DEBUG] debug-file - Executing task :entry:assembleHap
[2026-03-17T14:39:40.113] [DEBUG] debug-file - entry : assembleHap cost memory 0.01345062255859375
[2026-03-17T14:39:40.113] [DEBUG] debug-file - runTaskFromQueue task cost before running: 162 ms 
[2026-03-17T14:39:40.113] [INFO] debug-file - Finished :entry:assembleHap... after 1 ms 
[2026-03-17T14:39:40.120] [INFO] debug-file - BUILD SUCCESSFUL in 168 ms 
[2026-03-17T14:39:40.120] [DEBUG] debug-file - There is no need to refresh cache, since the incremental task entry:default@PreBuild is up-to-date.
[2026-03-17T14:39:40.120] [DEBUG] debug-file - Update task entry:default@CreateModuleInfo output file:K:\study\HarmonyOs\code\tank\entry\build\default\generated\profile\default\ModuleInfo.ts cache.
[2026-03-17T14:39:40.120] [DEBUG] debug-file - Incremental task entry:default@CreateModuleInfo post-execution cost:1 ms .
[2026-03-17T14:39:40.120] [DEBUG] debug-file - There is no need to refresh cache, since the incremental task entry:default@GenerateMetadata is up-to-date.
[2026-03-17T14:39:40.120] [DEBUG] debug-file - There is no need to refresh cache, since the incremental task entry:default@MergeProfile is up-to-date.
[2026-03-17T14:39:40.120] [DEBUG] debug-file - There is no need to refresh cache, since the incremental task entry:default@CreateBuildProfile is up-to-date.
[2026-03-17T14:39:40.120] [DEBUG] debug-file - Update task entry:default@GeneratePkgContextInfo output file:K:\study\HarmonyOs\code\tank\entry\build\default\intermediates\loader\default\pkgContextInfo.json cache.
[2026-03-17T14:39:40.120] [DEBUG] debug-file - Incremental task entry:default@GeneratePkgContextInfo post-execution cost:1 ms .
[2026-03-17T14:39:40.120] [DEBUG] debug-file - Update task entry:default@ProcessIntegratedHsp output file:K:\study\HarmonyOs\code\tank\build\cache\default\integrated_hsp\integratedHspCache.json cache.
[2026-03-17T14:39:40.121] [DEBUG] debug-file - Incremental task entry:default@ProcessIntegratedHsp post-execution cost:1 ms .
[2026-03-17T14:39:40.121] [DEBUG] debug-file - There is no need to refresh cache, since the incremental task entry:default@MakePackInfo is up-to-date.
[2026-03-17T14:39:40.121] [DEBUG] debug-file - Update task entry:default@SyscapTransform input file:K:\study\HarmonyOs\software\DevEcoStudio\DevEco Studio\sdk\default\openharmony\toolchains\syscap_tool.exe cache by regenerate.
[2026-03-17T14:39:40.121] [DEBUG] debug-file - Update task entry:default@SyscapTransform input file:K:\study\HarmonyOs\software\DevEcoStudio\DevEco Studio\sdk\default\openharmony\ets\api\device-define cache by regenerate.
[2026-03-17T14:39:40.121] [DEBUG] debug-file - Update task entry:default@SyscapTransform output file:K:\study\HarmonyOs\code\tank\entry\build\default\intermediates\syscap\default\rpcid.sc cache.
[2026-03-17T14:39:40.122] [DEBUG] debug-file - Incremental task entry:default@SyscapTransform post-execution cost:1 ms .
[2026-03-17T14:39:40.122] [DEBUG] debug-file - There is no need to refresh cache, since the incremental task entry:default@ProcessProfile is up-to-date.
[2026-03-17T14:39:40.122] [DEBUG] debug-file - There is no need to refresh cache, since the incremental task entry:default@ProcessRouterMap is up-to-date.
[2026-03-17T14:39:40.122] [DEBUG] debug-file - There is no need to refresh cache, since the incremental task entry:default@ProcessShareConfig is up-to-date.
[2026-03-17T14:39:40.122] [DEBUG] debug-file - Update task entry:default@ProcessStartupConfig output file:K:\study\HarmonyOs\code\tank\entry\build\default\intermediates\startup\default\startup_config.json cache.
[2026-03-17T14:39:40.122] [DEBUG] debug-file - Incremental task entry:default@ProcessStartupConfig post-execution cost:1 ms .
[2026-03-17T14:39:40.122] [DEBUG] debug-file - There is no need to refresh cache, since the incremental task entry:default@ProcessResource is up-to-date.
[2026-03-17T14:39:40.122] [DEBUG] debug-file - There is no need to refresh cache, since the incremental task entry:default@GenerateLoaderJson is up-to-date.
[2026-03-17T14:39:40.122] [DEBUG] debug-file - There is no need to refresh cache, since the incremental task entry:default@ProcessLibs is up-to-date.
[2026-03-17T14:39:40.122] [DEBUG] debug-file - There is no need to refresh cache, since the incremental task entry:default@CompileResource is up-to-date.
[2026-03-17T14:39:40.122] [DEBUG] debug-file - There is no need to refresh cache, since the incremental task entry:default@DoNativeStrip is up-to-date.
[2026-03-17T14:39:40.122] [DEBUG] debug-file - There is no need to refresh cache, since the incremental task entry:default@CompileArkTS is up-to-date.
[2026-03-17T14:39:40.122] [DEBUG] debug-file - Update task entry:default@BuildJS input file:K:\study\HarmonyOs\code\tank\entry\build\default\intermediates\loader\default cache by regenerate.
[2026-03-17T14:39:40.123] [DEBUG] debug-file - Update task entry:default@BuildJS input file:K:\study\HarmonyOs\code\tank\entry\build\default\intermediates\res\default\ResourceTable.txt cache by regenerate.
[2026-03-17T14:39:40.123] [DEBUG] debug-file - Update task entry:default@BuildJS input file:K:\study\HarmonyOs\code\tank\entry\build\default\intermediates\res\default\ark_module.json cache by regenerate.
[2026-03-17T14:39:40.123] [DEBUG] debug-file - Update task entry:default@BuildJS input file:K:\study\HarmonyOs\code\tank\entry\build\default\intermediates\res\default\resources\base\profile cache by regenerate.
[2026-03-17T14:39:40.123] [DEBUG] debug-file - Update task entry:default@BuildJS output file:K:\study\HarmonyOs\code\tank\entry\build\default\intermediates\loader_out\default\js cache.
[2026-03-17T14:39:40.123] [DEBUG] debug-file - Incremental task entry:default@BuildJS post-execution cost:2 ms .
[2026-03-17T14:39:40.123] [DEBUG] debug-file - There is no need to refresh cache, since the incremental task entry:default@CacheNativeLibs is up-to-date.
[2026-03-17T14:39:40.123] [DEBUG] debug-file - There is no need to refresh cache, since the incremental task entry:default@GeneratePkgModuleJson is up-to-date.
[2026-03-17T14:39:40.124] [DEBUG] debug-file - Incremental task entry:default@ProcessCompiledResources post-execution cost:1 ms .
[2026-03-17T14:39:40.124] [DEBUG] debug-file - There is no need to refresh cache, since the incremental task entry:default@PackageHap is up-to-date.
[2026-03-17T14:39:40.124] [DEBUG] debug-file - Update task entry:default@SignHap input file:K:\study\HarmonyOs\code\tank\entry\build\default\outputs\default\entry-default-unsigned.hap cache by regenerate.
[2026-03-17T14:39:40.124] [DEBUG] debug-file - Update task entry:default@SignHap output file:K:\study\HarmonyOs\code\tank\entry\build\default\outputs\default\entry-default-signed.hap cache.
[2026-03-17T14:39:40.124] [DEBUG] debug-file - Incremental task entry:default@SignHap post-execution cost:1 ms .
[2026-03-17T14:39:40.124] [DEBUG] debug-file - Update task entry:default@CollectDebugSymbol input file:K:\study\HarmonyOs\code\tank\entry\build\default\intermediates\loader_out\default\ets\sourceMaps.map cache by regenerate.
[2026-03-17T14:39:40.124] [DEBUG] debug-file - Update task entry:default@CollectDebugSymbol input file:K:\study\HarmonyOs\code\tank\entry\build\default\intermediates\libs\default cache by regenerate.
[2026-03-17T14:39:40.124] [DEBUG] debug-file - Update task entry:default@CollectDebugSymbol output file:K:\study\HarmonyOs\code\tank\entry\build\default\outputs\default\symbol cache.
[2026-03-17T14:39:40.124] [DEBUG] debug-file - Incremental task entry:default@CollectDebugSymbol post-execution cost:1 ms .
[2026-03-17T14:39:40.139] [DEBUG] debug-file - hvigor build process will be closed.
[2026-03-17T14:39:40.150] [DEBUG] debug-file - session manager: send message to worker process.
[2026-03-17T14:39:40.150] [DEBUG] debug-file - session manager: send message to worker process.
[2026-03-17T14:39:40.150] [DEBUG] debug-file - watch worker: worker id should be larger than 0. Nothing will be sent to any worker thread.
[2026-03-17T14:39:40.150] [DEBUG] debug-file - watch worker: worker id should be larger than 0. Nothing will be sent to any worker thread.
[2026-03-17T14:43:15.530] [DEBUG] debug-file - session manager: set active socket. socketId=TvKo_ffM1sMhylTtAAAl
[2026-03-17T14:43:15.544] [DEBUG] debug-file - watch worker: worker id should be larger than 0. Nothing will be sent to any worker thread.
[2026-03-17T14:43:15.547] [DEBUG] debug-file - Hvigor init with startParameters:{
  hvigorfileTypeCheck: false,
  parallelExecution: true,
  incrementalExecution: true,
  printStackTrace: false,
  daemon: true,
  analyze: 0,
  logLevel: Level { level: 20000, levelStr: 'INFO', colour: 'green' },
  optimizationStrategy: 'memory',
  hotCompile: undefined,
  hotReloadBuild: undefined
}
[2026-03-17T14:43:15.549] [DEBUG] debug-file - Cache service initialization finished in 2 ms 
[2026-03-17T14:43:15.549] [DEBUG] debug-file - hvigorfile, resolving K:\study\HarmonyOs\code\tank\hvigorfile.ts
[2026-03-17T14:43:15.554] [DEBUG] debug-file - hvigorfile, require result:  { default: { plugins: [] } }
[2026-03-17T14:43:15.554] [DEBUG] debug-file - hvigorfile, binding system plugins null
[2026-03-17T14:43:15.557] [DEBUG] debug-file - Start initialize project's product build option map with build mode debug.
[2026-03-17T14:43:15.558] [DEBUG] debug-file - Picking option from product 'default' with build mode 'debug'.
[2026-03-17T14:43:15.558] [DEBUG] debug-file - Product 'default' build option initialized
[2026-03-17T14:43:15.558] [DEBUG] debug-file - End initialize project's product build option map with build mode 'debug'.
[2026-03-17T14:43:15.558] [DEBUG] debug-file - Obtain build option for product 'default'in this build.
[2026-03-17T14:43:15.559] [DEBUG] debug-file - No signingConfig found, initRemoteHspCache failed.
[2026-03-17T14:43:15.562] [DEBUG] debug-file - Start recording SDK configuration permission data.
[2026-03-17T14:43:15.588] [DEBUG] debug-file - Sdk init in 29 ms 
[2026-03-17T14:43:15.591] [DEBUG] debug-file - Project task initialization takes 3 ms 
[2026-03-17T14:43:15.591] [DEBUG] debug-file - hvigorfile, binding custom plugins []
[2026-03-17T14:43:15.591] [DEBUG] debug-file - hvigorfile, no custom plugins were found in K:\study\HarmonyOs\code\tank\hvigorfile.ts
[2026-03-17T14:43:15.591] [DEBUG] debug-file - hvigorfile, resolve finished K:\study\HarmonyOs\code\tank\hvigorfile.ts
[2026-03-17T14:43:15.592] [DEBUG] debug-file - hvigorfile, resolving K:\study\HarmonyOs\code\tank\entry\hvigorfile.ts
[2026-03-17T14:43:15.595] [DEBUG] debug-file - hvigorfile, require result:  { default: { plugins: [] } }
[2026-03-17T14:43:15.595] [DEBUG] debug-file - hvigorfile, binding system plugins null
[2026-03-17T14:43:15.596] [DEBUG] debug-file - failed to load cangjie to dynamically generate schemas: Error: Cannot find module '@ohos/cangjie-build-support/index'
Require stack:
- K:\study\HarmonyOs\software\DevEcoStudio\DevEco Studio\tools\hvigor\hvigor-ohos-plugin\src\plugin\factory\plugin-factory.js
- K:\study\HarmonyOs\software\DevEcoStudio\DevEco Studio\tools\hvigor\hvigor-ohos-plugin\index.js
- K:\study\HarmonyOs\code\tank\hvigorfile.ts
- K:\study\HarmonyOs\software\DevEcoStudio\DevEco Studio\tools\hvigor\hvigor\src\base\internal\lifecycle\configuration.js
- K:\study\HarmonyOs\software\DevEcoStudio\DevEco Studio\tools\hvigor\hvigor\src\base\boot\index.js
- K:\study\HarmonyOs\software\DevEcoStudio\DevEco Studio\tools\hvigor\hvigor\src\base\daemon\cluster\worker-process-lifecycle.js
- K:\study\HarmonyOs\software\DevEcoStudio\DevEco Studio\tools\hvigor\hvigor\src\base\daemon\process\daemon-process-boot-script.js
[2026-03-17T14:43:15.598] [DEBUG] debug-file - Start initialize module-target build option map, moduleName=entry, buildMode=release
[2026-03-17T14:43:15.598] [DEBUG] debug-file - Target 'default' config initialized
[2026-03-17T14:43:15.598] [DEBUG] debug-file - Module 'entry' target 'default' build option initialized
[2026-03-17T14:43:15.598] [DEBUG] debug-file - End initialize module-target build option map, moduleName=entry
[2026-03-17T14:43:15.598] [DEBUG] debug-file - Start initialize module-target build option map, moduleName=entry, buildMode=debug
[2026-03-17T14:43:15.598] [DEBUG] debug-file - Target 'default' config initialized
[2026-03-17T14:43:15.599] [DEBUG] debug-file - Module 'entry' target 'default' build option initialized
[2026-03-17T14:43:15.599] [DEBUG] debug-file - End initialize module-target build option map, moduleName=entry
[2026-03-17T14:43:15.599] [DEBUG] debug-file - Start initialize module-target build option map, moduleName=entry, buildMode=debug
[2026-03-17T14:43:15.599] [DEBUG] debug-file - Target 'default' config initialized
[2026-03-17T14:43:15.599] [DEBUG] debug-file - Module 'entry' target 'default' build option initialized
[2026-03-17T14:43:15.599] [DEBUG] debug-file - End initialize module-target build option map, moduleName=entry
[2026-03-17T14:43:15.600] [DEBUG] debug-file - Obtain build option for module 'entry' target 'default'in this build.
[2026-03-17T14:43:15.601] [DEBUG] debug-file - Module entry task initialization takes 1 ms 
[2026-03-17T14:43:15.601] [DEBUG] debug-file - hvigorfile, binding custom plugins []
[2026-03-17T14:43:15.601] [DEBUG] debug-file - hvigorfile, no custom plugins were found in K:\study\HarmonyOs\code\tank\entry\hvigorfile.ts
[2026-03-17T14:43:15.601] [DEBUG] debug-file - hvigorfile, resolve finished K:\study\HarmonyOs\code\tank\entry\hvigorfile.ts
[2026-03-17T14:43:15.618] [DEBUG] debug-file - hvigorfile, resolve hvigorfile dependencies in 18 ms 
[2026-03-17T14:43:15.618] [DEBUG] debug-file - project has submodules:entry
[2026-03-17T14:43:15.619] [DEBUG] debug-file - start to load updatedOhPackageInfo to the disk
[2026-03-17T14:43:15.622] [DEBUG] debug-file - load to the disk finished
[2026-03-17T14:43:15.623] [DEBUG] debug-file - Start to initialize dependency information.
[2026-03-17T14:43:15.623] [DEBUG] debug-file - Module tank Collected Dependency: 
[2026-03-17T14:43:15.623] [DEBUG] debug-file - Module tank's total dependency: 0
[2026-03-17T14:43:15.624] [DEBUG] debug-file - Start to initialize dependency information.
[2026-03-17T14:43:15.625] [DEBUG] debug-file - Module entry Collected Dependency: 
[2026-03-17T14:43:15.625] [DEBUG] debug-file - Module entry's total dependency: 0
[2026-03-17T14:43:15.626] [DEBUG] debug-file - Configuration phase cost:77 ms 
[2026-03-17T14:43:15.626] [DEBUG] debug-file - Configuration task cost before running: 81 ms 
[2026-03-17T14:43:15.628] [DEBUG] debug-file - Executing task :entry:default@PreBuild
[2026-03-17T14:43:15.628] [DEBUG] debug-file - Task 'entry:default@PreBuild' cost while wrapping incremental declarations: 1 ms 
[2026-03-17T14:43:15.631] [DEBUG] debug-file - Incremental task entry:default@PreBuild pre-execution cost: 3 ms .
[2026-03-17T14:43:15.631] [DEBUG] debug-file - entry : default@PreBuild cost memory -0.5381851196289062
[2026-03-17T14:43:15.632] [INFO] debug-file - UP-TO-DATE :entry:default@PreBuild...  
[2026-03-17T14:43:15.632] [DEBUG] debug-file - Executing task :entry:default@CreateModuleInfo
[2026-03-17T14:43:15.633] [DEBUG] debug-file - Task 'entry:default@CreateModuleInfo' cost while wrapping incremental declarations: 1 ms 
[2026-03-17T14:43:15.633] [DEBUG] debug-file - entry : default@CreateModuleInfo cost memory 0.0395355224609375
[2026-03-17T14:43:15.633] [DEBUG] debug-file - runTaskFromQueue task cost before running: 87 ms 
[2026-03-17T14:43:15.633] [INFO] debug-file - Finished :entry:default@CreateModuleInfo... after 1 ms 
[2026-03-17T14:43:15.633] [DEBUG] debug-file - Executing task :entry:default@GenerateMetadata
[2026-03-17T14:43:15.634] [DEBUG] debug-file - Task 'entry:default@GenerateMetadata' cost while wrapping incremental declarations: 1 ms 
[2026-03-17T14:43:15.634] [DEBUG] debug-file - Incremental task entry:default@GenerateMetadata pre-execution cost: 1 ms .
[2026-03-17T14:43:15.634] [DEBUG] debug-file - entry : default@GenerateMetadata cost memory 0.0908203125
[2026-03-17T14:43:15.634] [INFO] debug-file - UP-TO-DATE :entry:default@GenerateMetadata...  
[2026-03-17T14:43:15.635] [DEBUG] debug-file - Executing task :entry:default@ConfigureCmake
[2026-03-17T14:43:15.635] [DEBUG] debug-file - entry : default@ConfigureCmake cost memory 0.0152740478515625
[2026-03-17T14:43:15.635] [DEBUG] debug-file - runTaskFromQueue task cost before running: 90 ms 
[2026-03-17T14:43:15.635] [INFO] debug-file - Finished :entry:default@ConfigureCmake... after 1 ms 
[2026-03-17T14:43:15.636] [DEBUG] debug-file - Executing task :entry:default@MergeProfile
[2026-03-17T14:43:15.636] [DEBUG] debug-file - Task 'entry:default@MergeProfile' cost while wrapping incremental declarations: 1 ms 
[2026-03-17T14:43:15.638] [DEBUG] debug-file - Incremental task entry:default@MergeProfile pre-execution cost: 2 ms .
[2026-03-17T14:43:15.638] [DEBUG] debug-file - entry : default@MergeProfile cost memory 0.13178253173828125
[2026-03-17T14:43:15.638] [INFO] debug-file - UP-TO-DATE :entry:default@MergeProfile...  
[2026-03-17T14:43:15.640] [DEBUG] debug-file - Executing task :entry:default@CreateBuildProfile
[2026-03-17T14:43:15.640] [DEBUG] debug-file - Task 'entry:default@CreateBuildProfile' cost while wrapping incremental declarations: 1 ms 
[2026-03-17T14:43:15.641] [DEBUG] debug-file - Incremental task entry:default@CreateBuildProfile pre-execution cost: 1 ms .
[2026-03-17T14:43:15.641] [DEBUG] debug-file - entry : default@CreateBuildProfile cost memory 0.0985565185546875
[2026-03-17T14:43:15.641] [INFO] debug-file - UP-TO-DATE :entry:default@CreateBuildProfile...  
[2026-03-17T14:43:15.641] [DEBUG] debug-file - Executing task :entry:default@PreCheckSyscap
[2026-03-17T14:43:15.641] [DEBUG] debug-file - entry : default@PreCheckSyscap cost memory 0.01549530029296875
[2026-03-17T14:43:15.641] [DEBUG] debug-file - runTaskFromQueue task cost before running: 96 ms 
[2026-03-17T14:43:15.642] [INFO] debug-file - Finished :entry:default@PreCheckSyscap... after 1 ms 
[2026-03-17T14:43:15.642] [DEBUG] debug-file - Executing task :entry:default@GeneratePkgContextInfo
[2026-03-17T14:43:15.644] [DEBUG] debug-file - Task 'entry:default@GeneratePkgContextInfo' cost while wrapping incremental declarations: 1 ms 
[2026-03-17T14:43:15.644] [DEBUG] debug-file - entry : default@GeneratePkgContextInfo cost memory 0.23299407958984375
[2026-03-17T14:43:15.644] [DEBUG] debug-file - runTaskFromQueue task cost before running: 99 ms 
[2026-03-17T14:43:15.644] [INFO] debug-file - Finished :entry:default@GeneratePkgContextInfo... after 2 ms 
[2026-03-17T14:43:15.645] [DEBUG] debug-file - Executing task :entry:default@ProcessIntegratedHsp
[2026-03-17T14:43:15.646] [DEBUG] debug-file - entry:default@ProcessIntegratedHsp is not up-to-date, since the output file 'K:\study\HarmonyOs\code\tank\build\cache\default\integrated_hsp\integratedHspCache.json' does not exist.
[2026-03-17T14:43:15.646] [DEBUG] debug-file - Incremental task entry:default@ProcessIntegratedHsp pre-execution cost: 1 ms .
[2026-03-17T14:43:15.646] [DEBUG] debug-file - entry : default@ProcessIntegratedHsp cost memory 0.0608978271484375
[2026-03-17T14:43:15.646] [DEBUG] debug-file - runTaskFromQueue task cost before running: 100 ms 
[2026-03-17T14:43:15.646] [INFO] debug-file - Finished :entry:default@ProcessIntegratedHsp... after 1 ms 
[2026-03-17T14:43:15.646] [DEBUG] debug-file - Executing task :entry:default@BuildNativeWithCmake
[2026-03-17T14:43:15.647] [DEBUG] debug-file - entry : default@BuildNativeWithCmake cost memory 0.01631927490234375
[2026-03-17T14:43:15.647] [DEBUG] debug-file - runTaskFromQueue task cost before running: 101 ms 
[2026-03-17T14:43:15.647] [INFO] debug-file - Finished :entry:default@BuildNativeWithCmake... after 1 ms 
[2026-03-17T14:43:15.647] [DEBUG] debug-file - Executing task :entry:default@MakePackInfo
[2026-03-17T14:43:15.648] [DEBUG] debug-file - Incremental task entry:default@MakePackInfo pre-execution cost: 1 ms .
[2026-03-17T14:43:15.648] [DEBUG] debug-file - entry : default@MakePackInfo cost memory 0.10187530517578125
[2026-03-17T14:43:15.648] [INFO] debug-file - UP-TO-DATE :entry:default@MakePackInfo...  
[2026-03-17T14:43:15.649] [DEBUG] debug-file - Executing task :entry:default@SyscapTransform
[2026-03-17T14:43:15.649] [DEBUG] debug-file - File: 'K:\study\HarmonyOs\code\tank\entry\src\main\syscap.json' from 'sysCapJsonPath' is not exists, just ignore.
[2026-03-17T14:43:15.649] [DEBUG] debug-file - Task 'entry:default@SyscapTransform' cost while wrapping incremental declarations: 1 ms 
[2026-03-17T14:43:15.650] [DEBUG] debug-file - entry:default@SyscapTransform is not up-to-date, since the output file 'K:\study\HarmonyOs\code\tank\entry\build\default\intermediates\syscap\default\rpcid.sc' does not exist.
[2026-03-17T14:43:15.650] [DEBUG] debug-file - Incremental task entry:default@SyscapTransform pre-execution cost: 1 ms .
[2026-03-17T14:43:15.650] [DEBUG] debug-file - entry : default@SyscapTransform cost memory 0.1659088134765625
[2026-03-17T14:43:15.651] [DEBUG] debug-file - runTaskFromQueue task cost before running: 105 ms 
[2026-03-17T14:43:15.651] [INFO] debug-file - Finished :entry:default@SyscapTransform... after 2 ms 
[2026-03-17T14:43:15.651] [DEBUG] debug-file - Executing task :entry:default@ProcessProfile
[2026-03-17T14:43:15.652] [DEBUG] debug-file - Task 'entry:default@ProcessProfile' cost while wrapping incremental declarations: 1 ms 
[2026-03-17T14:43:15.653] [DEBUG] debug-file - Incremental task entry:default@ProcessProfile pre-execution cost: 1 ms .
[2026-03-17T14:43:15.653] [DEBUG] debug-file - entry : default@ProcessProfile cost memory 0.1286163330078125
[2026-03-17T14:43:15.653] [INFO] debug-file - UP-TO-DATE :entry:default@ProcessProfile...  
[2026-03-17T14:43:15.654] [DEBUG] debug-file - Executing task :entry:default@ProcessRouterMap
[2026-03-17T14:43:15.656] [DEBUG] debug-file - Incremental task entry:default@ProcessRouterMap pre-execution cost: 1 ms .
[2026-03-17T14:43:15.656] [DEBUG] debug-file - entry : default@ProcessRouterMap cost memory -1.5549240112304688
[2026-03-17T14:43:15.657] [INFO] debug-file - UP-TO-DATE :entry:default@ProcessRouterMap...  
[2026-03-17T14:43:15.658] [DEBUG] debug-file - Executing task :entry:default@ProcessShareConfig
[2026-03-17T14:43:15.659] [DEBUG] debug-file - Incremental task entry:default@ProcessShareConfig pre-execution cost: 2 ms .
[2026-03-17T14:43:15.659] [DEBUG] debug-file - entry : default@ProcessShareConfig cost memory 0.111419677734375
[2026-03-17T14:43:15.660] [INFO] debug-file - UP-TO-DATE :entry:default@ProcessShareConfig...  
[2026-03-17T14:43:15.661] [DEBUG] debug-file - Executing task :entry:default@ProcessStartupConfig
[2026-03-17T14:43:15.661] [DEBUG] debug-file - Task 'entry:default@ProcessStartupConfig' cost while wrapping incremental declarations: 1 ms 
[2026-03-17T14:43:15.661] [DEBUG] debug-file - entry:default@ProcessStartupConfig is not up-to-date, since the output file 'K:\study\HarmonyOs\code\tank\entry\build\default\intermediates\startup\default\startup_config.json' does not exist.
[2026-03-17T14:43:15.661] [DEBUG] debug-file - Incremental task entry:default@ProcessStartupConfig pre-execution cost: 1 ms .
[2026-03-17T14:43:15.661] [DEBUG] debug-file - entry : default@ProcessStartupConfig cost memory 0.1226654052734375
[2026-03-17T14:43:15.661] [DEBUG] debug-file - runTaskFromQueue task cost before running: 116 ms 
[2026-03-17T14:43:15.662] [INFO] debug-file - Finished :entry:default@ProcessStartupConfig... after 1 ms 
[2026-03-17T14:43:15.662] [DEBUG] debug-file - Executing task :entry:default@BuildNativeWithNinja
[2026-03-17T14:43:15.663] [DEBUG] debug-file - entry : default@BuildNativeWithNinja cost memory 0.0228271484375
[2026-03-17T14:43:15.663] [DEBUG] debug-file - runTaskFromQueue task cost before running: 117 ms 
[2026-03-17T14:43:15.663] [INFO] debug-file - Finished :entry:default@BuildNativeWithNinja... after 1 ms 
[2026-03-17T14:43:15.664] [DEBUG] debug-file - restool module names: entry; moduleName=entry, taskName=default@ProcessResource
[2026-03-17T14:43:15.665] [DEBUG] debug-file - Executing task :entry:default@ProcessResource
[2026-03-17T14:43:15.665] [DEBUG] debug-file - Task 'entry:default@ProcessResource' cost while wrapping incremental declarations: 1 ms 
[2026-03-17T14:43:15.666] [DEBUG] debug-file - Incremental task entry:default@ProcessResource pre-execution cost: 1 ms .
[2026-03-17T14:43:15.666] [DEBUG] debug-file - entry : default@ProcessResource cost memory 0.139556884765625
[2026-03-17T14:43:15.667] [INFO] debug-file - UP-TO-DATE :entry:default@ProcessResource...  
[2026-03-17T14:43:15.668] [DEBUG] debug-file - Executing task :entry:default@GenerateLoaderJson
[2026-03-17T14:43:15.669] [DEBUG] debug-file - Task 'entry:default@GenerateLoaderJson' cost while wrapping incremental declarations: 1 ms 
[2026-03-17T14:43:15.673] [DEBUG] debug-file - Incremental task entry:default@GenerateLoaderJson pre-execution cost: 3 ms .
[2026-03-17T14:43:15.673] [DEBUG] debug-file - entry : default@GenerateLoaderJson cost memory 0.4476470947265625
[2026-03-17T14:43:15.676] [INFO] debug-file - UP-TO-DATE :entry:default@GenerateLoaderJson...  
[2026-03-17T14:43:15.677] [DEBUG] debug-file - Executing task :entry:default@ProcessLibs
[2026-03-17T14:43:15.678] [DEBUG] debug-file - Incremental task entry:default@ProcessLibs pre-execution cost: 1 ms .
[2026-03-17T14:43:15.679] [DEBUG] debug-file - entry : default@ProcessLibs cost memory 0.1051177978515625
[2026-03-17T14:43:15.679] [INFO] debug-file - UP-TO-DATE :entry:default@ProcessLibs...  
[2026-03-17T14:43:15.680] [DEBUG] debug-file - restool module names: entry; moduleName=entry, taskName=default@CompileResource
[2026-03-17T14:43:15.680] [DEBUG] debug-file - Executing task :entry:default@CompileResource
[2026-03-17T14:43:15.687] [DEBUG] debug-file - Incremental task entry:default@CompileResource pre-execution cost: 6 ms .
[2026-03-17T14:43:15.687] [DEBUG] debug-file - entry : default@CompileResource cost memory 0.5265960693359375
[2026-03-17T14:43:15.687] [INFO] debug-file - UP-TO-DATE :entry:default@CompileResource...  
[2026-03-17T14:43:15.688] [DEBUG] debug-file - Executing task :entry:default@DoNativeStrip
[2026-03-17T14:43:15.688] [DEBUG] debug-file - Task 'entry:default@DoNativeStrip' cost while wrapping incremental declarations: 1 ms 
[2026-03-17T14:43:15.689] [DEBUG] debug-file - Incremental task entry:default@DoNativeStrip pre-execution cost: 1 ms .
[2026-03-17T14:43:15.689] [DEBUG] debug-file - entry : default@DoNativeStrip cost memory 0.0813446044921875
[2026-03-17T14:43:15.689] [INFO] debug-file - UP-TO-DATE :entry:default@DoNativeStrip...  
[2026-03-17T14:43:15.689] [DEBUG] debug-file - Executing task :entry:default@CompileArkTS
[2026-03-17T14:43:15.690] [DEBUG] debug-file - obfuscationOptions: undefined
[2026-03-17T14:43:15.692] [DEBUG] debug-file - entry:default@CompileArkTS is not up-to-date, since the input file 'K:\study\HarmonyOs\code\tank\entry\src\main\ets' has been changed.
[2026-03-17T14:43:15.693] [DEBUG] debug-file - Incremental task entry:default@CompileArkTS pre-execution cost: 3 ms .
[2026-03-17T14:43:15.697] [DEBUG] debug-file - build config:
[2026-03-17T14:43:15.697] [DEBUG] debug-file - {
  moduleType: 'entry',
  perf: 0,
  targetName: '.default',
  packageManagerType: 'ohpm',
  localPropertiesPath: 'K:\\study\\HarmonyOs\\code\\tank\\local.properties',
  isPreview: false,
  isOhosTest: false,
  isLocalTest: false,
  buildMode: 'Debug',
  hotReloadBuild: undefined,
  watchMode: 'false',
  aceProfilePath: 'K:\\study\\HarmonyOs\\code\\tank\\entry\\build\\default\\intermediates\\res\\default\\resources\\base\\profile',
  etsLoaderPath: 'K:\\study\\HarmonyOs\\software\\DevEcoStudio\\DevEco Studio\\sdk\\default\\openharmony\\ets\\build-tools\\ets-loader',
  modulePath: 'K:\\study\\HarmonyOs\\code\\tank\\entry',
  testFrameworkPar: {
    testMode: undefined,
    coveragePathFilter: undefined,
    coverageMode: undefined
  },
  needCoverageInsert: false,
  debugLine: false,
  projectTopDir: 'K:\\study\\HarmonyOs\\code\\tank',
  compileSdkVersion: 20,
  compatibleSdkVersion: 10,
  compatibleSdkVersionStage: undefined,
  bundleName: 'c***y',
  etsLoaderVersion: '6.0.0.47',
  etsLoaderReleaseType: 'Release',
  aotCompileMode: 'type',
  apPath: 'K:\\study\\HarmonyOs\\code\\tank\\entry\\modules.ap',
  entryModuleName: 'entry',
  entryModuleVersion: '1.0.0',
  entryPackageName: 'entry',
  allModuleNameHash: '9025649c35e19c9529e6a112bac27010',
  externalApiPaths: [
    'K:\\study\\HarmonyOs\\software\\DevEcoStudio\\DevEco Studio\\sdk\\default\\hms\\ets'
  ],
  compilerTypes: [],
  isCrossplatform: false,
  hvigorPluginFile: undefined,
  compilePluginPath: undefined,
  buildGeneratedProfilePath: 'K:\\study\\HarmonyOs\\code\\tank\\entry\\build\\default\\generated\\profile\\default',
  bundleType: 'app',
  arkTSVersion: undefined,
  apiVersion: 20,
  needCompleteSourcesMap: false,
  isFaMode: false,
  strictMode: undefined,
  buildDir: 'K:\\study\\HarmonyOs\\code\\tank\\entry\\build',
  deviceTypes: [ 'phone', 'tablet' ],
  useNormalizedOHMUrl: false,
  pkgContextInfo: undefined,
  ohPackagePathMap: {},
  dependencyAliasMap: {},
  permission: { requestPermissions: undefined, definePermissions: undefined },
  integratedHsp: false,
  projectArkOption: undefined,
  sourceMapDir: undefined,
  branchElimination: false,
  transformLib: undefined,
  caseSensitiveCheck: false,
  tsImportSendable: false,
  resolveConflictMode: true,
  depName2RootPath: {},
  depName2DepInfo: {},
  rootPathSet: [ 'K:\\study\\HarmonyOs\\code\\tank' ],
  useNativeResolver: true,
  shouldEmitJs: true,
  useTscResolve: false,
  singleFileEmit: false,
  userProjectConfig: {
    autoLazyImport: false,
    allowEmptyBundleName: false,
    reExportCheckMode: 'noCheck',
    executionMode: 'memory',
    usePathPlaceholder: false,
    writeRollupCache: true,
    isExpandImportEnabled: false,
    expandImportExclude: '',
    ignoreCrossplatformCheck: false,
    isPreloadSoEnabled: false
  },
  skipOhModulesLint: false,
  executionMode: 'memory',
  autoLazyImport: false,
  allowEmptyBundleName: false,
  reExportCheckMode: 'noCheck',
  usePathPlaceholder: false,
  writeRollupCache: true,
  isExpandImportEnabled: false,
  expandImportExclude: '',
  ignoreCrossplatformCheck: false,
  isPreloadSoEnabled: false,
  arkCompileCachePath: 'K:\\study\\HarmonyOs\\code\\tank\\entry\\build\\default\\cache\\default\\default@CompileArkTS\\esmodule',
  aceModuleJsonPath: 'K:\\study\\HarmonyOs\\code\\tank\\entry\\build\\default\\intermediates\\res\\default\\ark_module.json',
  appResource: 'K:\\study\\HarmonyOs\\code\\tank\\entry\\build\\default\\intermediates\\res\\default\\ResourceTable.txt',
  rawFileResource: 'K:\\study\\HarmonyOs\\code\\tank\\entry\\build\\default\\intermediates\\res\\default\\resources\\rawfile',
  resourceTableHash: '790527e39c8c2be7fbbc762f7966104e',
  runtimeOS: 'HarmonyOS',
  sdkInfo: 'false:20:6.0.0.47:Release',
  aceModuleRoot: 'K:\\study\\HarmonyOs\\code\\tank\\entry\\src\\main\\ets',
  compileMode: 'esmodule',
  aceSuperVisualPath: 'K:\\study\\HarmonyOs\\code\\tank\\entry\\src\\main\\supervisual',
  aceBuildJson: 'K:\\study\\HarmonyOs\\code\\tank\\entry\\build\\default\\intermediates\\loader\\default\\loader.json',
  cachePath: 'K:\\study\\HarmonyOs\\code\\tank\\entry\\build\\default\\cache\\default\\default@CompileArkTS\\esmodule\\debug',
  aceModuleBuild: 'K:\\study\\HarmonyOs\\code\\tank\\entry\\build\\default\\intermediates\\loader_out\\default\\ets',
  supportChunks: true,
  declaredFilesPath: undefined,
  shouldCollectDirectImportees: false,
  isByteCodeHarOptimize: false,
  expandImportPath: undefined,
  pkgNameToPkgBriefInfo: {
    entry: {
      pkgRoot: 'K:\\study\\HarmonyOs\\code\\tank\\entry',
      originalSourceRoots: undefined,
      sourceRoots: [Array],
      pkgName: 'entry'
    }
  },
  projectModel: {
    'K:\\study\\HarmonyOs\\code\\tank\\entry\\src\\main': {
      moduleName: 'entry',
      modulePkgPath: 'K:\\study\\HarmonyOs\\code\\tank\\entry',
      belongProjectPath: 'K:\\study\\HarmonyOs\\code\\tank'
    },
    'K:\\study\\HarmonyOs\\code\\tank\\entry': {
      moduleName: 'entry',
      modulePkgPath: 'K:\\study\\HarmonyOs\\code\\tank\\entry',
      belongProjectPath: 'K:\\study\\HarmonyOs\\code\\tank'
    },
    'K:\\study\\HarmonyOs\\code\\tank': {
      moduleName: 'tank',
      modulePkgPath: 'K:\\study\\HarmonyOs\\code\\tank',
      belongProjectPath: 'K:\\study\\HarmonyOs\\code\\tank'
    }
  },
  pkgJsonFileHash: '61e5e8cda19ab0fede564bae533c470b',
  allModulePaths: [ 'K:\\study\\HarmonyOs\\code\\tank\\entry' ],
  routerMap: {},
  obfuscationOptions: undefined,
  byteCodeHarToDependencyKeys: undefined,
  compileBlockPkg: [],
  mockParams: {
    decorator: '@MockSetup',
    packageName: '@ohos/hamock',
    etsSourceRootPath: 'src/main/ets',
    mockConfigPath: undefined,
    mockConfigKey2ModuleInfo: {},
    source2ModuleIdMap: {}
  },
  copyCodeResourceEnable: true,
  copyCodeResourceExcludes: [],
  copyCodeResourceIncludes: undefined,
  uiTransformOptimization: false,
  sdkPath: 'K:/study/HarmonyOs/software/DevEcoStudio/DevEco Studio/sdk',
  needPreloadSoFileSet: {},
  preloadSoFilePath: 'K:\\study\\HarmonyOs\\code\\tank\\entry\\build\\default\\intermediates\\preload\\default\\preload.json',
  useSourceHash: false,
  localModuleParamMap: {},
  otherPaths: {
    'entry/*': [
      '..\\*',
      '..\\..\\..\\build\\default\\generated\\profile\\default\\*'
    ]
  },
  collectImportersConfig: undefined
}
[2026-03-17T14:43:15.697] [DEBUG] debug-file - Compile arkts with external api path: K:\study\HarmonyOs\software\DevEcoStudio\DevEco Studio\sdk\default\hms\ets
[2026-03-17T14:43:15.698] [DEBUG] debug-file - default@CompileArkTS work[30] is submitted.
[2026-03-17T14:43:15.698] [DEBUG] debug-file - default@CompileArkTS work[30] is pushed to ready queue.
[2026-03-17T14:43:15.698] [DEBUG] debug-file - A work dispatched to worker[11] failed because unable to get work from ready queue.
[2026-03-17T14:43:15.698] [DEBUG] debug-file - A work dispatched to worker[10] failed because unable to get work from ready queue.
[2026-03-17T14:43:15.698] [DEBUG] debug-file - A work dispatched to worker[9] failed because unable to get work from ready queue.
[2026-03-17T14:43:15.698] [DEBUG] debug-file - A work dispatched to worker[8] failed because unable to get work from ready queue.
[2026-03-17T14:43:15.698] [DEBUG] debug-file - A work dispatched to worker[7] failed because unable to get work from ready queue.
[2026-03-17T14:43:15.698] [DEBUG] debug-file - A work dispatched to worker[6] failed because unable to get work from ready queue.
[2026-03-17T14:43:15.698] [DEBUG] debug-file - A work dispatched to worker[5] failed because unable to get work from ready queue.
[2026-03-17T14:43:15.698] [DEBUG] debug-file - default@CompileArkTS work[30] has been dispatched to worker[4].
[2026-03-17T14:43:15.698] [DEBUG] debug-file - default@CompileArkTS work[30] is dispatched.
[2026-03-17T14:43:15.698] [DEBUG] debug-file - CopyResources startTime: 6888369812200
[2026-03-17T14:43:15.698] [DEBUG] debug-file - default@CompileArkTS work[31] is submitted.
[2026-03-17T14:43:15.698] [DEBUG] debug-file - default@CompileArkTS work[31] is pushed to ready queue.
[2026-03-17T14:43:15.698] [DEBUG] debug-file - A work dispatched to worker[11] failed because unable to get work from ready queue.
[2026-03-17T14:43:15.698] [DEBUG] debug-file - Create  resident worker with id: 10.
[2026-03-17T14:43:15.699] [DEBUG] debug-file - default@CompileArkTS work[31] has been dispatched to worker[10].
[2026-03-17T14:43:15.700] [DEBUG] debug-file - default@CompileArkTS work[31] is dispatched.
[2026-03-17T14:43:15.700] [DEBUG] debug-file - entry : default@CompileArkTS cost memory -0.3459930419921875
[2026-03-17T14:43:15.701] [DEBUG] debug-file - Executing task :entry:default@BuildJS
[2026-03-17T14:43:15.702] [DEBUG] debug-file - entry : default@BuildJS cost memory 0.1145477294921875
[2026-03-17T14:43:15.702] [DEBUG] debug-file - runTaskFromQueue task cost before running: 157 ms 
[2026-03-17T14:43:15.702] [INFO] debug-file - Finished :entry:default@BuildJS... after 2 ms 
[2026-03-17T14:43:15.703] [DEBUG] debug-file - Executing task :entry:default@CacheNativeLibs
[2026-03-17T14:43:15.703] [DEBUG] debug-file - Task 'entry:default@CacheNativeLibs' cost while wrapping incremental declarations: 1 ms 
[2026-03-17T14:43:15.704] [DEBUG] debug-file - Incremental task entry:default@CacheNativeLibs pre-execution cost: 1 ms .
[2026-03-17T14:43:15.704] [DEBUG] debug-file - entry : default@CacheNativeLibs cost memory 0.09626007080078125
[2026-03-17T14:43:15.704] [INFO] debug-file - UP-TO-DATE :entry:default@CacheNativeLibs...  
[2026-03-17T14:43:16.472] [DEBUG] debug-file - worker[10] has one work done.
[2026-03-17T14:43:16.472] [DEBUG] debug-file - CopyResources is end, endTime: 6889143486300
[2026-03-17T14:43:16.472] [DEBUG] debug-file - default@CompileArkTS work[31] done.
[2026-03-17T14:43:16.472] [DEBUG] debug-file - A work dispatched to worker[10] failed because unable to get work from ready queue.
[2026-03-17T14:43:16.487] [DEBUG] debug-file - worker[4] has one work done.
[2026-03-17T14:43:16.488] [DEBUG] debug-file - default@CompileArkTS work[30] done.
[2026-03-17T14:43:16.488] [DEBUG] debug-file - A work dispatched to worker[4] failed because unable to get work from ready queue.
[2026-03-17T14:43:16.489] [INFO] debug-file - Finished :entry:default@CompileArkTS... after 798 ms 
[2026-03-17T14:43:16.490] [DEBUG] debug-file - Executing task :entry:default@GeneratePkgModuleJson
[2026-03-17T14:43:16.490] [DEBUG] debug-file - File: 'K:\study\HarmonyOs\code\tank\entry\build\default\intermediates\preload\default\preload.json' from 'preloadSoJsonPath' is not exists, just ignore.
[2026-03-17T14:43:16.490] [DEBUG] debug-file - Task 'entry:default@GeneratePkgModuleJson' cost while wrapping incremental declarations: 1 ms 
[2026-03-17T14:43:16.490] [DEBUG] debug-file - Incremental task entry:default@GeneratePkgModuleJson pre-execution cost: 1 ms .
[2026-03-17T14:43:16.490] [DEBUG] debug-file - entry : default@GeneratePkgModuleJson cost memory 0.0938262939453125
[2026-03-17T14:43:16.490] [INFO] debug-file - UP-TO-DATE :entry:default@GeneratePkgModuleJson...  
[2026-03-17T14:43:16.491] [DEBUG] debug-file - Executing task :entry:default@ProcessCompiledResources
[2026-03-17T14:43:16.491] [DEBUG] debug-file - File: 'K:\study\HarmonyOs\code\tank\entry\build\default\intermediates\preload\default\preload.json' from 'preloadSoJsonPath' is not exists, just ignore.
[2026-03-17T14:43:16.491] [DEBUG] debug-file - Task 'entry:default@ProcessCompiledResources' cost while wrapping incremental declarations: 1 ms 
[2026-03-17T14:43:16.491] [DEBUG] debug-file - entry : default@ProcessCompiledResources cost memory -1.5254440307617188
[2026-03-17T14:43:16.491] [DEBUG] debug-file - runTaskFromQueue task cost before running: 946 ms 
[2026-03-17T14:43:16.492] [INFO] debug-file - Finished :entry:default@ProcessCompiledResources... after 1 ms 
[2026-03-17T14:43:16.493] [DEBUG] debug-file - Executing task :entry:default@PackageHap
[2026-03-17T14:43:16.495] [DEBUG] debug-file - entry:default@PackageHap is not up-to-date, since the input file 'K:\study\HarmonyOs\code\tank\entry\build\default\intermediates\loader_out\default\ets' has been changed.
[2026-03-17T14:43:16.495] [DEBUG] debug-file - Incremental task entry:default@PackageHap pre-execution cost: 2 ms .
[2026-03-17T14:43:16.495] [DEBUG] debug-file - Use tool [K:\study\HarmonyOs\software\DevEcoStudio\DevEco Studio\sdk\default\openharmony\toolchains\lib\app_packing_tool.jar]
 [
  'java',
  '-Dfile.encoding=GBK',
  '-jar',
  'K:\\study\\HarmonyOs\\software\\DevEcoStudio\\DevEco Studio\\sdk\\default\\openharmony\\toolchains\\lib\\app_packing_tool.jar',
  '--mode',
  'hap',
  '--force',
  'true',
  '--lib-path',
  'K:\\study\\HarmonyOs\\code\\tank\\entry\\build\\default\\intermediates\\stripped_native_libs\\default',
  '--json-path',
  'K:\\study\\HarmonyOs\\code\\tank\\entry\\build\\default\\intermediates\\package\\default\\module.json',
  '--resources-path',
  'K:\\study\\HarmonyOs\\code\\tank\\entry\\build\\default\\intermediates\\res\\default\\resources',
  '--index-path',
  'K:\\study\\HarmonyOs\\code\\tank\\entry\\build\\default\\intermediates\\res\\default\\resources.index',
  '--pack-info-path',
  'K:\\study\\HarmonyOs\\code\\tank\\entry\\build\\default\\outputs\\default\\pack.info',
  '--out-path',
  'K:\\study\\HarmonyOs\\code\\tank\\entry\\build\\default\\outputs\\default\\entry-default-unsigned.hap',
  '--ets-path',
  'K:\\study\\HarmonyOs\\code\\tank\\entry\\build\\default\\intermediates\\loader_out\\default\\ets'
]
[2026-03-17T14:43:16.514] [DEBUG] debug-file - java daemon socket received message:{"code":0,"message":"pack success"}
[2026-03-17T14:43:16.516] [DEBUG] debug-file - entry : default@PackageHap cost memory 0.6192855834960938
[2026-03-17T14:43:16.517] [DEBUG] debug-file - runTaskFromQueue task cost before running: 971 ms 
[2026-03-17T14:43:16.517] [INFO] debug-file - Finished :entry:default@PackageHap... after 25 ms 
[2026-03-17T14:43:16.518] [DEBUG] debug-file - Executing task :entry:default@PackingCheck
[2026-03-17T14:43:16.521] [DEBUG] debug-file - entry : default@PackingCheck cost memory 0.2655029296875
[2026-03-17T14:43:16.521] [DEBUG] debug-file - runTaskFromQueue task cost before running: 975 ms 
[2026-03-17T14:43:16.521] [INFO] debug-file - Finished :entry:default@PackingCheck... after 3 ms 
[2026-03-17T14:43:16.522] [DEBUG] debug-file - Executing task :entry:default@SignHap
[2026-03-17T14:43:16.522] [WARN] debug-file - Will skip sign 'hos_hap'. No signingConfigs profile is configured in current project.
             If needed, configure the signingConfigs in K:\study\HarmonyOs\code\tank\build-profile.json5.
[2026-03-17T14:43:16.522] [DEBUG] debug-file - entry:default@SignHap is not up-to-date, since the input file 'K:\study\HarmonyOs\code\tank\entry\build\default\outputs\default\entry-default-unsigned.hap' has been changed.
[2026-03-17T14:43:16.522] [DEBUG] debug-file - Incremental task entry:default@SignHap pre-execution cost: 1 ms .
[2026-03-17T14:43:16.522] [DEBUG] debug-file - entry : default@SignHap cost memory 0.09444427490234375
[2026-03-17T14:43:16.522] [DEBUG] debug-file - runTaskFromQueue task cost before running: 977 ms 
[2026-03-17T14:43:16.523] [INFO] debug-file - Finished :entry:default@SignHap... after 1 ms 
[2026-03-17T14:43:16.523] [DEBUG] debug-file - Executing task :entry:default@CollectDebugSymbol
[2026-03-17T14:43:16.524] [DEBUG] debug-file - entry : default@CollectDebugSymbol cost memory -1.4313201904296875
[2026-03-17T14:43:16.524] [DEBUG] debug-file - runTaskFromQueue task cost before running: 979 ms 
[2026-03-17T14:43:16.525] [INFO] debug-file - Finished :entry:default@CollectDebugSymbol... after 2 ms 
[2026-03-17T14:43:16.525] [DEBUG] debug-file - Executing task :entry:assembleHap
[2026-03-17T14:43:16.525] [DEBUG] debug-file - entry : assembleHap cost memory 0.01345062255859375
[2026-03-17T14:43:16.525] [DEBUG] debug-file - runTaskFromQueue task cost before running: 979 ms 
[2026-03-17T14:43:16.525] [INFO] debug-file - Finished :entry:assembleHap... after 1 ms 
[2026-03-17T14:43:16.532] [INFO] debug-file - BUILD SUCCESSFUL in 987 ms 
[2026-03-17T14:43:16.532] [DEBUG] debug-file - There is no need to refresh cache, since the incremental task entry:default@PreBuild is up-to-date.
[2026-03-17T14:43:16.532] [DEBUG] debug-file - Update task entry:default@CreateModuleInfo output file:K:\study\HarmonyOs\code\tank\entry\build\default\generated\profile\default\ModuleInfo.ts cache.
[2026-03-17T14:43:16.532] [DEBUG] debug-file - Incremental task entry:default@CreateModuleInfo post-execution cost:1 ms .
[2026-03-17T14:43:16.532] [DEBUG] debug-file - There is no need to refresh cache, since the incremental task entry:default@GenerateMetadata is up-to-date.
[2026-03-17T14:43:16.532] [DEBUG] debug-file - There is no need to refresh cache, since the incremental task entry:default@MergeProfile is up-to-date.
[2026-03-17T14:43:16.533] [DEBUG] debug-file - There is no need to refresh cache, since the incremental task entry:default@CreateBuildProfile is up-to-date.
[2026-03-17T14:43:16.533] [DEBUG] debug-file - Update task entry:default@GeneratePkgContextInfo output file:K:\study\HarmonyOs\code\tank\entry\build\default\intermediates\loader\default\pkgContextInfo.json cache.
[2026-03-17T14:43:16.533] [DEBUG] debug-file - Incremental task entry:default@GeneratePkgContextInfo post-execution cost:1 ms .
[2026-03-17T14:43:16.533] [DEBUG] debug-file - Update task entry:default@ProcessIntegratedHsp output file:K:\study\HarmonyOs\code\tank\build\cache\default\integrated_hsp\integratedHspCache.json cache.
[2026-03-17T14:43:16.533] [DEBUG] debug-file - Incremental task entry:default@ProcessIntegratedHsp post-execution cost:1 ms .
[2026-03-17T14:43:16.533] [DEBUG] debug-file - There is no need to refresh cache, since the incremental task entry:default@MakePackInfo is up-to-date.
[2026-03-17T14:43:16.533] [DEBUG] debug-file - Update task entry:default@SyscapTransform input file:K:\study\HarmonyOs\software\DevEcoStudio\DevEco Studio\sdk\default\openharmony\toolchains\syscap_tool.exe cache by regenerate.
[2026-03-17T14:43:16.533] [DEBUG] debug-file - Update task entry:default@SyscapTransform input file:K:\study\HarmonyOs\software\DevEcoStudio\DevEco Studio\sdk\default\openharmony\ets\api\device-define cache by regenerate.
[2026-03-17T14:43:16.534] [DEBUG] debug-file - Update task entry:default@SyscapTransform output file:K:\study\HarmonyOs\code\tank\entry\build\default\intermediates\syscap\default\rpcid.sc cache.
[2026-03-17T14:43:16.534] [DEBUG] debug-file - Incremental task entry:default@SyscapTransform post-execution cost:2 ms .
[2026-03-17T14:43:16.534] [DEBUG] debug-file - There is no need to refresh cache, since the incremental task entry:default@ProcessProfile is up-to-date.
[2026-03-17T14:43:16.534] [DEBUG] debug-file - There is no need to refresh cache, since the incremental task entry:default@ProcessRouterMap is up-to-date.
[2026-03-17T14:43:16.534] [DEBUG] debug-file - There is no need to refresh cache, since the incremental task entry:default@ProcessShareConfig is up-to-date.
[2026-03-17T14:43:16.534] [DEBUG] debug-file - Update task entry:default@ProcessStartupConfig output file:K:\study\HarmonyOs\code\tank\entry\build\default\intermediates\startup\default\startup_config.json cache.
[2026-03-17T14:43:16.534] [DEBUG] debug-file - Incremental task entry:default@ProcessStartupConfig post-execution cost:1 ms .
[2026-03-17T14:43:16.535] [DEBUG] debug-file - There is no need to refresh cache, since the incremental task entry:default@ProcessResource is up-to-date.
[2026-03-17T14:43:16.535] [DEBUG] debug-file - There is no need to refresh cache, since the incremental task entry:default@GenerateLoaderJson is up-to-date.
[2026-03-17T14:43:16.535] [DEBUG] debug-file - There is no need to refresh cache, since the incremental task entry:default@ProcessLibs is up-to-date.
[2026-03-17T14:43:16.535] [DEBUG] debug-file - There is no need to refresh cache, since the incremental task entry:default@CompileResource is up-to-date.
[2026-03-17T14:43:16.535] [DEBUG] debug-file - There is no need to refresh cache, since the incremental task entry:default@DoNativeStrip is up-to-date.
[2026-03-17T14:43:16.535] [DEBUG] debug-file - Update task entry:default@CompileArkTS input file:K:\study\HarmonyOs\code\tank\entry\build\default\intermediates\loader\default cache by regenerate.
[2026-03-17T14:43:16.536] [DEBUG] debug-file - Update task entry:default@CompileArkTS input file:K:\study\HarmonyOs\code\tank\entry\build\default\intermediates\res\default\ResourceTable.txt cache by regenerate.
[2026-03-17T14:43:16.536] [DEBUG] debug-file - Update task entry:default@CompileArkTS input file:K:\study\HarmonyOs\code\tank\entry\build\default\intermediates\res\default\ark_module.json cache by regenerate.
[2026-03-17T14:43:16.536] [DEBUG] debug-file - Update task entry:default@CompileArkTS input file:K:\study\HarmonyOs\code\tank\entry\build\default\intermediates\res\default\resources\base\profile cache by regenerate.
[2026-03-17T14:43:16.536] [DEBUG] debug-file - Update task entry:default@CompileArkTS input file:K:\study\HarmonyOs\code\tank\entry\src\main\ets cache from map.
[2026-03-17T14:43:16.536] [DEBUG] debug-file - Update task entry:default@CompileArkTS input file:K:\study\HarmonyOs\code\tank\entry\build\default\generated\profile\default\BuildProfile.ets cache by regenerate.
[2026-03-17T14:43:16.537] [DEBUG] debug-file - Update task entry:default@CompileArkTS output file:K:\study\HarmonyOs\code\tank\entry\build\default\intermediates\loader_out\default\ets cache.
[2026-03-17T14:43:16.537] [DEBUG] debug-file - Incremental task entry:default@CompileArkTS post-execution cost:3 ms .
[2026-03-17T14:43:16.537] [DEBUG] debug-file - Update task entry:default@BuildJS input file:K:\study\HarmonyOs\code\tank\entry\build\default\intermediates\loader\default cache by regenerate.
[2026-03-17T14:43:16.537] [DEBUG] debug-file - Update task entry:default@BuildJS input file:K:\study\HarmonyOs\code\tank\entry\build\default\intermediates\res\default\ResourceTable.txt cache by regenerate.
[2026-03-17T14:43:16.538] [DEBUG] debug-file - Update task entry:default@BuildJS input file:K:\study\HarmonyOs\code\tank\entry\build\default\intermediates\res\default\ark_module.json cache by regenerate.
[2026-03-17T14:43:16.538] [DEBUG] debug-file - Update task entry:default@BuildJS input file:K:\study\HarmonyOs\code\tank\entry\build\default\intermediates\res\default\resources\base\profile cache by regenerate.
[2026-03-17T14:43:16.538] [DEBUG] debug-file - Update task entry:default@BuildJS output file:K:\study\HarmonyOs\code\tank\entry\build\default\intermediates\loader_out\default\js cache.
[2026-03-17T14:43:16.538] [DEBUG] debug-file - Incremental task entry:default@BuildJS post-execution cost:2 ms .
[2026-03-17T14:43:16.538] [DEBUG] debug-file - There is no need to refresh cache, since the incremental task entry:default@CacheNativeLibs is up-to-date.
[2026-03-17T14:43:16.538] [DEBUG] debug-file - There is no need to refresh cache, since the incremental task entry:default@GeneratePkgModuleJson is up-to-date.
[2026-03-17T14:43:16.538] [DEBUG] debug-file - Incremental task entry:default@ProcessCompiledResources post-execution cost:1 ms .
[2026-03-17T14:43:16.538] [DEBUG] debug-file - Update task entry:default@PackageHap input file:K:\study\HarmonyOs\code\tank\entry\build\default\intermediates\stripped_native_libs\default cache by regenerate.
[2026-03-17T14:43:16.539] [DEBUG] debug-file - Update task entry:default@PackageHap input file:K:\study\HarmonyOs\code\tank\entry\build\default\intermediates\res\default\module.json cache by regenerate.
[2026-03-17T14:43:16.539] [DEBUG] debug-file - Update task entry:default@PackageHap input file:K:\study\HarmonyOs\code\tank\entry\build\default\intermediates\res\default\resources cache by regenerate.
[2026-03-17T14:43:16.539] [DEBUG] debug-file - Update task entry:default@PackageHap input file:K:\study\HarmonyOs\code\tank\entry\build\default\intermediates\res\default\resources.index cache by regenerate.
[2026-03-17T14:43:16.539] [DEBUG] debug-file - Update task entry:default@PackageHap input file:K:\study\HarmonyOs\code\tank\entry\build\default\outputs\default\pack.info cache by regenerate.
[2026-03-17T14:43:16.539] [DEBUG] debug-file - Update task entry:default@PackageHap input file:K:\study\HarmonyOs\code\tank\entry\build\default\intermediates\loader_out\default\ets cache from map.
[2026-03-17T14:43:16.539] [DEBUG] debug-file - Update task entry:default@PackageHap input file:K:\study\HarmonyOs\code\tank\entry\build\default\intermediates\loader_out\default\ets\sourceMaps.map cache by regenerate.
[2026-03-17T14:43:16.539] [DEBUG] debug-file - Update task entry:default@PackageHap input file:K:\study\HarmonyOs\code\tank\entry\build\default\generated\profile\default\BuildProfile.ets cache by regenerate.
[2026-03-17T14:43:16.540] [DEBUG] debug-file - Update task entry:default@PackageHap output file:K:\study\HarmonyOs\code\tank\entry\build\default\outputs\default\entry-default-unsigned.hap cache.
[2026-03-17T14:43:16.540] [DEBUG] debug-file - Update task entry:default@PackageHap output file:K:\study\HarmonyOs\code\tank\entry\build\default\intermediates\source_map\default\sourceMaps.map cache.
[2026-03-17T14:43:16.540] [DEBUG] debug-file - Update task entry:default@PackageHap output file:K:\study\HarmonyOs\code\tank\entry\build\default\outputs\default\mapping\sourceMaps.map cache.
[2026-03-17T14:43:16.540] [DEBUG] debug-file - Incremental task entry:default@PackageHap post-execution cost:2 ms .
[2026-03-17T14:43:16.540] [DEBUG] debug-file - Update task entry:default@SignHap input file:K:\study\HarmonyOs\code\tank\entry\build\default\outputs\default\entry-default-unsigned.hap cache from map.
[2026-03-17T14:43:16.540] [DEBUG] debug-file - Update task entry:default@SignHap output file:K:\study\HarmonyOs\code\tank\entry\build\default\outputs\default\entry-default-signed.hap cache.
[2026-03-17T14:43:16.540] [DEBUG] debug-file - Incremental task entry:default@SignHap post-execution cost:1 ms .
[2026-03-17T14:43:16.540] [DEBUG] debug-file - Update task entry:default@CollectDebugSymbol input file:K:\study\HarmonyOs\code\tank\entry\build\default\intermediates\loader_out\default\ets\sourceMaps.map cache by regenerate.
[2026-03-17T14:43:16.541] [DEBUG] debug-file - Update task entry:default@CollectDebugSymbol input file:K:\study\HarmonyOs\code\tank\entry\build\default\intermediates\libs\default cache by regenerate.
[2026-03-17T14:43:16.541] [DEBUG] debug-file - Update task entry:default@CollectDebugSymbol output file:K:\study\HarmonyOs\code\tank\entry\build\default\outputs\default\symbol cache.
[2026-03-17T14:43:16.541] [DEBUG] debug-file - Incremental task entry:default@CollectDebugSymbol post-execution cost:1 ms .
[2026-03-17T14:43:16.556] [DEBUG] debug-file - Cleanup worker 10.
[2026-03-17T14:43:16.556] [DEBUG] debug-file - Worker 10 has been cleaned up.
[2026-03-17T14:43:16.556] [DEBUG] debug-file - Current idle worker size: 1.
[2026-03-17T14:43:16.556] [DEBUG] debug-file - Current resident worker size: 2.
[2026-03-17T14:43:16.557] [DEBUG] debug-file - hvigor build process will be closed.
[2026-03-17T14:43:16.557] [DEBUG] debug-file - java daemon socket close code:1000 reason:close by user
[2026-03-17T14:43:16.562] [DEBUG] debug-file - session manager: send message to worker process.
[2026-03-17T14:43:16.562] [DEBUG] debug-file - session manager: send message to worker process.
[2026-03-17T14:43:16.562] [DEBUG] debug-file - watch worker: worker id should be larger than 0. Nothing will be sent to any worker thread.
[2026-03-17T14:43:16.563] [DEBUG] debug-file - watch worker: worker id should be larger than 0. Nothing will be sent to any worker thread.
[2026-03-17T14:43:16.568] [DEBUG] debug-file - worker[10] exits with exit code 1.
[2026-03-17T14:51:39.863] [DEBUG] debug-file - env: nodejsVersion=v18.20.1
[2026-03-17T14:51:39.936] [DEBUG] debug-file - env: daemon=true
[2026-03-17T14:51:39.864] [DEBUG] debug-file - env: hvigor-config.json5 content = { modelVersion: '6.0.0', dependencies: {} }
[2026-03-17T14:51:40.852] [DEBUG] debug-file - java daemon tryConnect failed Error: connect ECONNREFUSED 127.0.0.1:45050
[2026-03-17T14:51:40.859] [DEBUG] debug-file - java daemon started at port 45050 pid 2544
[2026-03-17T14:51:40.919] [DEBUG] debug-file - session manager: set active socket. socketId=l9kOPkGL7dkbrUrdAAAB
[2026-03-17T14:51:41.684] [DEBUG] debug-file - watch worker: worker id should be larger than 0. Nothing will be sent to any worker thread.
[2026-03-17T14:51:41.691] [DEBUG] debug-file - Hvigor init with startParameters:{
  hvigorfileTypeCheck: false,
  parallelExecution: true,
  incrementalExecution: true,
  printStackTrace: false,
  daemon: true,
  analyze: 0,
  logLevel: Level { level: 20000, levelStr: 'INFO', colour: 'green' },
  optimizationStrategy: 'memory',
  hotCompile: undefined,
  hotReloadBuild: undefined
}
[2026-03-17T14:51:41.694] [DEBUG] debug-file - Cache service initialization finished in 4 ms 
[2026-03-17T14:51:41.696] [DEBUG] debug-file - hvigorfile, resolving K:\study\HarmonyOs\code\tank\hvigorfile.ts
[2026-03-17T14:51:43.262] [DEBUG] debug-file - hvigorfile, require result:  { default: { plugins: [] } }
[2026-03-17T14:51:43.263] [DEBUG] debug-file - hvigorfile, binding system plugins null
[2026-03-17T14:51:43.419] [DEBUG] debug-file - Start initialize project's product build option map with build mode debug.
[2026-03-17T14:51:43.419] [DEBUG] debug-file - Picking option from product 'default' with build mode 'debug'.
[2026-03-17T14:51:43.420] [DEBUG] debug-file - Product 'default' build option initialized
[2026-03-17T14:51:43.420] [DEBUG] debug-file - End initialize project's product build option map with build mode 'debug'.
[2026-03-17T14:51:43.421] [DEBUG] debug-file - Obtain build option for product 'default'in this build.
[2026-03-17T14:51:43.423] [DEBUG] debug-file - No signingConfig found, initRemoteHspCache failed.
[2026-03-17T14:51:43.425] [DEBUG] debug-file - Local scan or download HarmonyOS sdk components toolchains,ets,js,native,previewer
[2026-03-17T14:51:43.427] [DEBUG] debug-file - Local scan or download hmscore sdk components toolchains,ets,native
[2026-03-17T14:51:43.429] [DEBUG] debug-file - Start recording SDK configuration permission data.
[2026-03-17T14:51:43.463] [DEBUG] debug-file - Sdk init in 39 ms 
[2026-03-17T14:51:43.467] [DEBUG] debug-file - Project task initialization takes 4 ms 
[2026-03-17T14:51:43.467] [DEBUG] debug-file - hvigorfile, binding custom plugins []
[2026-03-17T14:51:43.467] [DEBUG] debug-file - hvigorfile, no custom plugins were found in K:\study\HarmonyOs\code\tank\hvigorfile.ts
[2026-03-17T14:51:43.467] [DEBUG] debug-file - hvigorfile, resolve finished K:\study\HarmonyOs\code\tank\hvigorfile.ts
[2026-03-17T14:51:43.468] [DEBUG] debug-file - hvigorfile, resolving K:\study\HarmonyOs\code\tank\entry\hvigorfile.ts
[2026-03-17T14:51:43.473] [DEBUG] debug-file - hvigorfile, require result:  { default: { plugins: [] } }
[2026-03-17T14:51:43.473] [DEBUG] debug-file - hvigorfile, binding system plugins null
[2026-03-17T14:51:43.475] [DEBUG] debug-file - failed to load cangjie to dynamically generate schemas: Error: Cannot find module '@ohos/cangjie-build-support/index'
Require stack:
- K:\study\HarmonyOs\software\DevEcoStudio\DevEco Studio\tools\hvigor\hvigor-ohos-plugin\src\plugin\factory\plugin-factory.js
- K:\study\HarmonyOs\software\DevEcoStudio\DevEco Studio\tools\hvigor\hvigor-ohos-plugin\index.js
- K:\study\HarmonyOs\code\tank\hvigorfile.ts
- K:\study\HarmonyOs\software\DevEcoStudio\DevEco Studio\tools\hvigor\hvigor\src\base\internal\lifecycle\configuration.js
- K:\study\HarmonyOs\software\DevEcoStudio\DevEco Studio\tools\hvigor\hvigor\src\base\boot\index.js
- K:\study\HarmonyOs\software\DevEcoStudio\DevEco Studio\tools\hvigor\hvigor\src\base\daemon\cluster\worker-process-lifecycle.js
- K:\study\HarmonyOs\software\DevEcoStudio\DevEco Studio\tools\hvigor\hvigor\src\base\daemon\process\daemon-process-boot-script.js
[2026-03-17T14:51:43.486] [DEBUG] debug-file - Start initialize module-target build option map, moduleName=entry, buildMode=release
[2026-03-17T14:51:43.486] [DEBUG] debug-file - Target 'default' config initialized
[2026-03-17T14:51:43.486] [DEBUG] debug-file - Module 'entry' target 'default' build option initialized
[2026-03-17T14:51:43.486] [DEBUG] debug-file - End initialize module-target build option map, moduleName=entry
[2026-03-17T14:51:43.486] [DEBUG] debug-file - Start initialize module-target build option map, moduleName=entry, buildMode=debug
[2026-03-17T14:51:43.486] [DEBUG] debug-file - Target 'default' config initialized
[2026-03-17T14:51:43.487] [DEBUG] debug-file - Module 'entry' target 'default' build option initialized
[2026-03-17T14:51:43.487] [DEBUG] debug-file - End initialize module-target build option map, moduleName=entry
[2026-03-17T14:51:43.487] [DEBUG] debug-file - Start initialize module-target build option map, moduleName=entry, buildMode=debug
[2026-03-17T14:51:43.487] [DEBUG] debug-file - Target 'default' config initialized
[2026-03-17T14:51:43.487] [DEBUG] debug-file - Module 'entry' target 'default' build option initialized
[2026-03-17T14:51:43.487] [DEBUG] debug-file - End initialize module-target build option map, moduleName=entry
[2026-03-17T14:51:43.487] [DEBUG] debug-file - Obtain build option for module 'entry' target 'default'in this build.
[2026-03-17T14:51:43.492] [DEBUG] debug-file - Module entry task initialization takes 4 ms 
[2026-03-17T14:51:43.492] [DEBUG] debug-file - hvigorfile, binding custom plugins []
[2026-03-17T14:51:43.492] [DEBUG] debug-file - hvigorfile, no custom plugins were found in K:\study\HarmonyOs\code\tank\entry\hvigorfile.ts
[2026-03-17T14:51:43.492] [DEBUG] debug-file - hvigorfile, resolve finished K:\study\HarmonyOs\code\tank\entry\hvigorfile.ts
[2026-03-17T14:51:43.507] [DEBUG] debug-file - hvigorfile, resolve hvigorfile dependencies in 15 ms 
[2026-03-17T14:51:43.508] [DEBUG] debug-file - project has submodules:entry
[2026-03-17T14:51:43.509] [DEBUG] debug-file - start to load updatedOhPackageInfo to the disk
[2026-03-17T14:51:43.515] [DEBUG] debug-file - load to the disk finished
[2026-03-17T14:51:43.516] [DEBUG] debug-file - Start to initialize dependency information.
[2026-03-17T14:51:43.519] [DEBUG] debug-file - Module tank Collected Dependency: 
[2026-03-17T14:51:43.519] [DEBUG] debug-file - Module tank's total dependency: 0
[2026-03-17T14:51:43.521] [DEBUG] debug-file - Start to initialize dependency information.
[2026-03-17T14:51:43.523] [DEBUG] debug-file - Module entry Collected Dependency: 
[2026-03-17T14:51:43.524] [DEBUG] debug-file - Module entry's total dependency: 0
[2026-03-17T14:51:43.527] [DEBUG] debug-file - Configuration phase cost:1 s 832 ms 
[2026-03-17T14:51:43.528] [DEBUG] debug-file - Configuration task cost before running: 1 s 843 ms 
[2026-03-17T14:51:43.534] [DEBUG] debug-file - Executing task :entry:default@PreBuild
[2026-03-17T14:51:43.535] [DEBUG] debug-file - Task 'entry:default@PreBuild' cost while wrapping incremental declarations: 1 ms 
[2026-03-17T14:51:43.540] [DEBUG] debug-file - Incremental task entry:default@PreBuild pre-execution cost: 4 ms .
[2026-03-17T14:51:43.540] [DEBUG] debug-file - entry : default@PreBuild cost memory 0.3379974365234375
[2026-03-17T14:51:43.541] [INFO] debug-file - UP-TO-DATE :entry:default@PreBuild...  
[2026-03-17T14:51:43.542] [DEBUG] debug-file - Executing task :entry:default@CreateModuleInfo
[2026-03-17T14:51:43.543] [DEBUG] debug-file - Task 'entry:default@CreateModuleInfo' cost while wrapping incremental declarations: 1 ms 
[2026-03-17T14:51:43.543] [DEBUG] debug-file - entry : default@CreateModuleInfo cost memory 0.28827667236328125
[2026-03-17T14:51:43.543] [DEBUG] debug-file - runTaskFromQueue task cost before running: 1 s 857 ms 
[2026-03-17T14:51:43.543] [INFO] debug-file - Finished :entry:default@CreateModuleInfo... after 1 ms 
[2026-03-17T14:51:43.544] [DEBUG] debug-file - Executing task :entry:default@GenerateMetadata
[2026-03-17T14:51:43.545] [DEBUG] debug-file - Task 'entry:default@GenerateMetadata' cost while wrapping incremental declarations: 1 ms 
[2026-03-17T14:51:43.546] [DEBUG] debug-file - Incremental task entry:default@GenerateMetadata pre-execution cost: 1 ms .
[2026-03-17T14:51:43.546] [DEBUG] debug-file - entry : default@GenerateMetadata cost memory 0.09935760498046875
[2026-03-17T14:51:43.546] [INFO] debug-file - UP-TO-DATE :entry:default@GenerateMetadata...  
[2026-03-17T14:51:43.547] [DEBUG] debug-file - Executing task :entry:default@ConfigureCmake
[2026-03-17T14:51:43.547] [DEBUG] debug-file - entry : default@ConfigureCmake cost memory 0.016204833984375
[2026-03-17T14:51:43.547] [DEBUG] debug-file - runTaskFromQueue task cost before running: 1 s 861 ms 
[2026-03-17T14:51:43.547] [INFO] debug-file - Finished :entry:default@ConfigureCmake... after 1 ms 
[2026-03-17T14:51:43.549] [DEBUG] debug-file - Executing task :entry:default@MergeProfile
[2026-03-17T14:51:43.550] [DEBUG] debug-file - Task 'entry:default@MergeProfile' cost while wrapping incremental declarations: 1 ms 
[2026-03-17T14:51:43.553] [DEBUG] debug-file - Incremental task entry:default@MergeProfile pre-execution cost: 3 ms .
[2026-03-17T14:51:43.553] [DEBUG] debug-file - entry : default@MergeProfile cost memory -12.9664306640625
[2026-03-17T14:51:43.554] [INFO] debug-file - UP-TO-DATE :entry:default@MergeProfile...  
[2026-03-17T14:51:43.555] [DEBUG] debug-file - Executing task :entry:default@CreateBuildProfile
[2026-03-17T14:51:43.555] [DEBUG] debug-file - Task 'entry:default@CreateBuildProfile' cost while wrapping incremental declarations: 1 ms 
[2026-03-17T14:51:43.556] [DEBUG] debug-file - Incremental task entry:default@CreateBuildProfile pre-execution cost: 1 ms .
[2026-03-17T14:51:43.557] [DEBUG] debug-file - entry : default@CreateBuildProfile cost memory 0.353363037109375
[2026-03-17T14:51:43.557] [INFO] debug-file - UP-TO-DATE :entry:default@CreateBuildProfile...  
[2026-03-17T14:51:43.558] [DEBUG] debug-file - Executing task :entry:default@PreCheckSyscap
[2026-03-17T14:51:43.558] [DEBUG] debug-file - entry : default@PreCheckSyscap cost memory 0.01634979248046875
[2026-03-17T14:51:43.559] [DEBUG] debug-file - runTaskFromQueue task cost before running: 1 s 873 ms 
[2026-03-17T14:51:43.559] [INFO] debug-file - Finished :entry:default@PreCheckSyscap... after 1 ms 
[2026-03-17T14:51:43.561] [DEBUG] debug-file - Executing task :entry:default@GeneratePkgContextInfo
[2026-03-17T14:51:43.567] [DEBUG] debug-file - Task 'entry:default@GeneratePkgContextInfo' cost while wrapping incremental declarations: 1 ms 
[2026-03-17T14:51:43.567] [DEBUG] debug-file - entry : default@GeneratePkgContextInfo cost memory 0.4742431640625
[2026-03-17T14:51:43.567] [DEBUG] debug-file - runTaskFromQueue task cost before running: 1 s 881 ms 
[2026-03-17T14:51:43.567] [INFO] debug-file - Finished :entry:default@GeneratePkgContextInfo... after 7 ms 
[2026-03-17T14:51:43.570] [DEBUG] debug-file - Executing task :entry:default@ProcessIntegratedHsp
[2026-03-17T14:51:43.570] [DEBUG] debug-file - entry:default@ProcessIntegratedHsp is not up-to-date, since the output file 'K:\study\HarmonyOs\code\tank\build\cache\default\integrated_hsp\integratedHspCache.json' does not exist.
[2026-03-17T14:51:43.570] [DEBUG] debug-file - Incremental task entry:default@ProcessIntegratedHsp pre-execution cost: 1 ms .
[2026-03-17T14:51:43.570] [DEBUG] debug-file - entry : default@ProcessIntegratedHsp cost memory 0.06510162353515625
[2026-03-17T14:51:43.571] [DEBUG] debug-file - runTaskFromQueue task cost before running: 1 s 885 ms 
[2026-03-17T14:51:43.571] [INFO] debug-file - Finished :entry:default@ProcessIntegratedHsp... after 1 ms 
[2026-03-17T14:51:43.572] [DEBUG] debug-file - Executing task :entry:default@BuildNativeWithCmake
[2026-03-17T14:51:43.572] [DEBUG] debug-file - entry : default@BuildNativeWithCmake cost memory 0.01753997802734375
[2026-03-17T14:51:43.572] [DEBUG] debug-file - runTaskFromQueue task cost before running: 1 s 886 ms 
[2026-03-17T14:51:43.572] [INFO] debug-file - Finished :entry:default@BuildNativeWithCmake... after 1 ms 
[2026-03-17T14:51:43.573] [DEBUG] debug-file - Executing task :entry:default@MakePackInfo
[2026-03-17T14:51:43.574] [DEBUG] debug-file - Incremental task entry:default@MakePackInfo pre-execution cost: 1 ms .
[2026-03-17T14:51:43.574] [DEBUG] debug-file - entry : default@MakePackInfo cost memory 0.1158294677734375
[2026-03-17T14:51:43.575] [INFO] debug-file - UP-TO-DATE :entry:default@MakePackInfo...  
[2026-03-17T14:51:43.576] [DEBUG] debug-file - Executing task :entry:default@SyscapTransform
[2026-03-17T14:51:43.576] [DEBUG] debug-file - File: 'K:\study\HarmonyOs\code\tank\entry\src\main\syscap.json' from 'sysCapJsonPath' is not exists, just ignore.
[2026-03-17T14:51:43.576] [DEBUG] debug-file - Task 'entry:default@SyscapTransform' cost while wrapping incremental declarations: 1 ms 
[2026-03-17T14:51:43.589] [DEBUG] debug-file - entry:default@SyscapTransform is not up-to-date, since the output file 'K:\study\HarmonyOs\code\tank\entry\build\default\intermediates\syscap\default\rpcid.sc' does not exist.
[2026-03-17T14:51:43.589] [DEBUG] debug-file - Incremental task entry:default@SyscapTransform pre-execution cost: 13 ms .
[2026-03-17T14:51:43.589] [DEBUG] debug-file - entry : default@SyscapTransform cost memory 0.38547515869140625
[2026-03-17T14:51:43.589] [DEBUG] debug-file - runTaskFromQueue task cost before running: 1 s 904 ms 
[2026-03-17T14:51:43.590] [INFO] debug-file - Finished :entry:default@SyscapTransform... after 14 ms 
[2026-03-17T14:51:43.591] [DEBUG] debug-file - Executing task :entry:default@ProcessProfile
[2026-03-17T14:51:43.593] [DEBUG] debug-file - Task 'entry:default@ProcessProfile' cost while wrapping incremental declarations: 1 ms 
[2026-03-17T14:51:43.594] [DEBUG] debug-file - Incremental task entry:default@ProcessProfile pre-execution cost: 1 ms .
[2026-03-17T14:51:43.594] [DEBUG] debug-file - entry : default@ProcessProfile cost memory 0.1392059326171875
[2026-03-17T14:51:43.594] [INFO] debug-file - UP-TO-DATE :entry:default@ProcessProfile...  
[2026-03-17T14:51:43.595] [DEBUG] debug-file - Executing task :entry:default@ProcessRouterMap
[2026-03-17T14:51:43.597] [DEBUG] debug-file - Incremental task entry:default@ProcessRouterMap pre-execution cost: 2 ms .
[2026-03-17T14:51:43.598] [DEBUG] debug-file - entry : default@ProcessRouterMap cost memory 0.1381988525390625
[2026-03-17T14:51:43.598] [INFO] debug-file - UP-TO-DATE :entry:default@ProcessRouterMap...  
[2026-03-17T14:51:43.600] [DEBUG] debug-file - Executing task :entry:default@ProcessShareConfig
[2026-03-17T14:51:43.601] [DEBUG] debug-file - Incremental task entry:default@ProcessShareConfig pre-execution cost: 2 ms .
[2026-03-17T14:51:43.602] [DEBUG] debug-file - entry : default@ProcessShareConfig cost memory 0.12070465087890625
[2026-03-17T14:51:43.602] [INFO] debug-file - UP-TO-DATE :entry:default@ProcessShareConfig...  
[2026-03-17T14:51:43.603] [DEBUG] debug-file - Executing task :entry:default@ProcessStartupConfig
[2026-03-17T14:51:43.603] [DEBUG] debug-file - Task 'entry:default@ProcessStartupConfig' cost while wrapping incremental declarations: 1 ms 
[2026-03-17T14:51:43.604] [DEBUG] debug-file - entry:default@ProcessStartupConfig is not up-to-date, since the output file 'K:\study\HarmonyOs\code\tank\entry\build\default\intermediates\startup\default\startup_config.json' does not exist.
[2026-03-17T14:51:43.604] [DEBUG] debug-file - Incremental task entry:default@ProcessStartupConfig pre-execution cost: 1 ms .
[2026-03-17T14:51:43.604] [DEBUG] debug-file - entry : default@ProcessStartupConfig cost memory 0.1038360595703125
[2026-03-17T14:51:43.604] [DEBUG] debug-file - runTaskFromQueue task cost before running: 1 s 918 ms 
[2026-03-17T14:51:43.604] [INFO] debug-file - Finished :entry:default@ProcessStartupConfig... after 2 ms 
[2026-03-17T14:51:43.605] [DEBUG] debug-file - Executing task :entry:default@BuildNativeWithNinja
[2026-03-17T14:51:43.606] [DEBUG] debug-file - entry : default@BuildNativeWithNinja cost memory 0.0240478515625
[2026-03-17T14:51:43.606] [DEBUG] debug-file - runTaskFromQueue task cost before running: 1 s 920 ms 
[2026-03-17T14:51:43.606] [INFO] debug-file - Finished :entry:default@BuildNativeWithNinja... after 1 ms 
[2026-03-17T14:51:43.607] [DEBUG] debug-file - restool module names: entry; moduleName=entry, taskName=default@ProcessResource
[2026-03-17T14:51:43.609] [DEBUG] debug-file - Executing task :entry:default@ProcessResource
[2026-03-17T14:51:43.609] [DEBUG] debug-file - Task 'entry:default@ProcessResource' cost while wrapping incremental declarations: 1 ms 
[2026-03-17T14:51:43.610] [DEBUG] debug-file - Incremental task entry:default@ProcessResource pre-execution cost: 1 ms .
[2026-03-17T14:51:43.610] [DEBUG] debug-file - entry : default@ProcessResource cost memory 0.143402099609375
[2026-03-17T14:51:43.611] [INFO] debug-file - UP-TO-DATE :entry:default@ProcessResource...  
[2026-03-17T14:51:43.613] [DEBUG] debug-file - Executing task :entry:default@GenerateLoaderJson
[2026-03-17T14:51:43.613] [DEBUG] debug-file - Task 'entry:default@GenerateLoaderJson' cost while wrapping incremental declarations: 1 ms 
[2026-03-17T14:51:43.620] [DEBUG] debug-file - Incremental task entry:default@GenerateLoaderJson pre-execution cost: 3 ms .
[2026-03-17T14:51:43.620] [DEBUG] debug-file - entry : default@GenerateLoaderJson cost memory 0.502197265625
[2026-03-17T14:51:43.622] [INFO] debug-file - UP-TO-DATE :entry:default@GenerateLoaderJson...  
[2026-03-17T14:51:43.623] [DEBUG] debug-file - Executing task :entry:default@ProcessLibs
[2026-03-17T14:51:43.624] [DEBUG] debug-file - Incremental task entry:default@ProcessLibs pre-execution cost: 1 ms .
[2026-03-17T14:51:43.625] [DEBUG] debug-file - entry : default@ProcessLibs cost memory 0.11272430419921875
[2026-03-17T14:51:43.625] [INFO] debug-file - UP-TO-DATE :entry:default@ProcessLibs...  
[2026-03-17T14:51:43.626] [DEBUG] debug-file - restool module names: entry; moduleName=entry, taskName=default@CompileResource
[2026-03-17T14:51:43.626] [DEBUG] debug-file - Executing task :entry:default@CompileResource
[2026-03-17T14:51:43.633] [DEBUG] debug-file - Incremental task entry:default@CompileResource pre-execution cost: 6 ms .
[2026-03-17T14:51:43.633] [DEBUG] debug-file - entry : default@CompileResource cost memory 0.571319580078125
[2026-03-17T14:51:43.634] [INFO] debug-file - UP-TO-DATE :entry:default@CompileResource...  
[2026-03-17T14:51:43.635] [DEBUG] debug-file - Executing task :entry:default@DoNativeStrip
[2026-03-17T14:51:43.636] [DEBUG] debug-file - Task 'entry:default@DoNativeStrip' cost while wrapping incremental declarations: 1 ms 
[2026-03-17T14:51:43.637] [DEBUG] debug-file - Incremental task entry:default@DoNativeStrip pre-execution cost: 1 ms .
[2026-03-17T14:51:43.637] [DEBUG] debug-file - entry : default@DoNativeStrip cost memory 0.088653564453125
[2026-03-17T14:51:43.638] [INFO] debug-file - UP-TO-DATE :entry:default@DoNativeStrip...  
[2026-03-17T14:51:43.640] [DEBUG] debug-file - Executing task :entry:default@CompileArkTS
[2026-03-17T14:51:43.641] [DEBUG] debug-file - obfuscationOptions: undefined
[2026-03-17T14:51:43.646] [DEBUG] debug-file - entry:default@CompileArkTS is not up-to-date, since the input file 'K:\study\HarmonyOs\code\tank\entry\src\main\ets' has been changed.
[2026-03-17T14:51:43.646] [DEBUG] debug-file - Incremental task entry:default@CompileArkTS pre-execution cost: 4 ms .
[2026-03-17T14:51:43.656] [DEBUG] debug-file - build config:
[2026-03-17T14:51:43.656] [DEBUG] debug-file - {
  moduleType: 'entry',
  perf: 0,
  targetName: '.default',
  packageManagerType: 'ohpm',
  localPropertiesPath: 'K:\\study\\HarmonyOs\\code\\tank\\local.properties',
  isPreview: false,
  isOhosTest: false,
  isLocalTest: false,
  buildMode: 'Debug',
  hotReloadBuild: undefined,
  watchMode: 'false',
  aceProfilePath: 'K:\\study\\HarmonyOs\\code\\tank\\entry\\build\\default\\intermediates\\res\\default\\resources\\base\\profile',
  etsLoaderPath: 'K:\\study\\HarmonyOs\\software\\DevEcoStudio\\DevEco Studio\\sdk\\default\\openharmony\\ets\\build-tools\\ets-loader',
  modulePath: 'K:\\study\\HarmonyOs\\code\\tank\\entry',
  testFrameworkPar: {
    testMode: undefined,
    coveragePathFilter: undefined,
    coverageMode: undefined
  },
  needCoverageInsert: false,
  debugLine: false,
  projectTopDir: 'K:\\study\\HarmonyOs\\code\\tank',
  compileSdkVersion: 20,
  compatibleSdkVersion: 10,
  compatibleSdkVersionStage: undefined,
  bundleName: 'c***y',
  etsLoaderVersion: '6.0.0.47',
  etsLoaderReleaseType: 'Release',
  aotCompileMode: 'type',
  apPath: 'K:\\study\\HarmonyOs\\code\\tank\\entry\\modules.ap',
  entryModuleName: 'entry',
  entryModuleVersion: '1.0.0',
  entryPackageName: 'entry',
  allModuleNameHash: '9025649c35e19c9529e6a112bac27010',
  externalApiPaths: [
    'K:\\study\\HarmonyOs\\software\\DevEcoStudio\\DevEco Studio\\sdk\\default\\hms\\ets'
  ],
  compilerTypes: [],
  isCrossplatform: false,
  hvigorPluginFile: undefined,
  compilePluginPath: undefined,
  buildGeneratedProfilePath: 'K:\\study\\HarmonyOs\\code\\tank\\entry\\build\\default\\generated\\profile\\default',
  bundleType: 'app',
  arkTSVersion: undefined,
  apiVersion: 20,
  needCompleteSourcesMap: false,
  isFaMode: false,
  strictMode: undefined,
  buildDir: 'K:\\study\\HarmonyOs\\code\\tank\\entry\\build',
  deviceTypes: [ 'phone', 'tablet' ],
  useNormalizedOHMUrl: false,
  pkgContextInfo: undefined,
  ohPackagePathMap: {},
  dependencyAliasMap: {},
  permission: { requestPermissions: undefined, definePermissions: undefined },
  integratedHsp: false,
  projectArkOption: undefined,
  sourceMapDir: undefined,
  branchElimination: false,
  transformLib: undefined,
  caseSensitiveCheck: false,
  tsImportSendable: false,
  resolveConflictMode: true,
  depName2RootPath: {},
  depName2DepInfo: {},
  rootPathSet: [ 'K:\\study\\HarmonyOs\\code\\tank' ],
  useNativeResolver: true,
  shouldEmitJs: true,
  useTscResolve: false,
  singleFileEmit: false,
  userProjectConfig: {
    autoLazyImport: false,
    allowEmptyBundleName: false,
    reExportCheckMode: 'noCheck',
    executionMode: 'memory',
    usePathPlaceholder: false,
    writeRollupCache: true,
    isExpandImportEnabled: false,
    expandImportExclude: '',
    ignoreCrossplatformCheck: false,
    isPreloadSoEnabled: false
  },
  skipOhModulesLint: false,
  executionMode: 'memory',
  autoLazyImport: false,
  allowEmptyBundleName: false,
  reExportCheckMode: 'noCheck',
  usePathPlaceholder: false,
  writeRollupCache: true,
  isExpandImportEnabled: false,
  expandImportExclude: '',
  ignoreCrossplatformCheck: false,
  isPreloadSoEnabled: false,
  arkCompileCachePath: 'K:\\study\\HarmonyOs\\code\\tank\\entry\\build\\default\\cache\\default\\default@CompileArkTS\\esmodule',
  aceModuleJsonPath: 'K:\\study\\HarmonyOs\\code\\tank\\entry\\build\\default\\intermediates\\res\\default\\ark_module.json',
  appResource: 'K:\\study\\HarmonyOs\\code\\tank\\entry\\build\\default\\intermediates\\res\\default\\ResourceTable.txt',
  rawFileResource: 'K:\\study\\HarmonyOs\\code\\tank\\entry\\build\\default\\intermediates\\res\\default\\resources\\rawfile',
  resourceTableHash: '790527e39c8c2be7fbbc762f7966104e',
  runtimeOS: 'HarmonyOS',
  sdkInfo: 'false:20:6.0.0.47:Release',
  aceModuleRoot: 'K:\\study\\HarmonyOs\\code\\tank\\entry\\src\\main\\ets',
  compileMode: 'esmodule',
  aceSuperVisualPath: 'K:\\study\\HarmonyOs\\code\\tank\\entry\\src\\main\\supervisual',
  aceBuildJson: 'K:\\study\\HarmonyOs\\code\\tank\\entry\\build\\default\\intermediates\\loader\\default\\loader.json',
  cachePath: 'K:\\study\\HarmonyOs\\code\\tank\\entry\\build\\default\\cache\\default\\default@CompileArkTS\\esmodule\\debug',
  aceModuleBuild: 'K:\\study\\HarmonyOs\\code\\tank\\entry\\build\\default\\intermediates\\loader_out\\default\\ets',
  supportChunks: true,
  declaredFilesPath: undefined,
  shouldCollectDirectImportees: false,
  isByteCodeHarOptimize: false,
  expandImportPath: undefined,
  pkgNameToPkgBriefInfo: {
    entry: {
      pkgRoot: 'K:\\study\\HarmonyOs\\code\\tank\\entry',
      originalSourceRoots: undefined,
      sourceRoots: [Array],
      pkgName: 'entry'
    }
  },
  projectModel: {
    'K:\\study\\HarmonyOs\\code\\tank\\entry\\src\\main': {
      moduleName: 'entry',
      modulePkgPath: 'K:\\study\\HarmonyOs\\code\\tank\\entry',
      belongProjectPath: 'K:\\study\\HarmonyOs\\code\\tank'
    },
    'K:\\study\\HarmonyOs\\code\\tank\\entry': {
      moduleName: 'entry',
      modulePkgPath: 'K:\\study\\HarmonyOs\\code\\tank\\entry',
      belongProjectPath: 'K:\\study\\HarmonyOs\\code\\tank'
    },
    'K:\\study\\HarmonyOs\\code\\tank': {
      moduleName: 'tank',
      modulePkgPath: 'K:\\study\\HarmonyOs\\code\\tank',
      belongProjectPath: 'K:\\study\\HarmonyOs\\code\\tank'
    }
  },
  pkgJsonFileHash: '61e5e8cda19ab0fede564bae533c470b',
  allModulePaths: [ 'K:\\study\\HarmonyOs\\code\\tank\\entry' ],
  routerMap: {},
  obfuscationOptions: undefined,
  byteCodeHarToDependencyKeys: undefined,
  compileBlockPkg: [],
  mockParams: {
    decorator: '@MockSetup',
    packageName: '@ohos/hamock',
    etsSourceRootPath: 'src/main/ets',
    mockConfigPath: undefined,
    mockConfigKey2ModuleInfo: {},
    source2ModuleIdMap: {}
  },
  copyCodeResourceEnable: true,
  copyCodeResourceExcludes: [],
  copyCodeResourceIncludes: undefined,
  uiTransformOptimization: false,
  sdkPath: 'K:/study/HarmonyOs/software/DevEcoStudio/DevEco Studio/sdk',
  needPreloadSoFileSet: {},
  preloadSoFilePath: 'K:\\study\\HarmonyOs\\code\\tank\\entry\\build\\default\\intermediates\\preload\\default\\preload.json',
  useSourceHash: false,
  localModuleParamMap: {},
  otherPaths: {
    'entry/*': [
      '..\\*',
      '..\\..\\..\\build\\default\\generated\\profile\\default\\*'
    ]
  },
  collectImportersConfig: undefined
}
[2026-03-17T14:51:43.656] [DEBUG] debug-file - Compile arkts with external api path: K:\study\HarmonyOs\software\DevEcoStudio\DevEco Studio\sdk\default\hms\ets
[2026-03-17T14:51:43.657] [DEBUG] debug-file - Since there is no instance or instance is terminated, create a new worker pool.
[2026-03-17T14:51:43.657] [DEBUG] debug-file - Worker pool is initialized with config:  {
  minPoolNum: 2,
  maxPoolNum: undefined,
  maxCoreSize: undefined,
  cacheCapacity: undefined,
  cacheTtl: undefined
}
[2026-03-17T14:51:43.658] [DEBUG] debug-file - Create  resident worker with id: 0.
[2026-03-17T14:51:43.661] [DEBUG] debug-file - Create  resident worker with id: 1.
[2026-03-17T14:51:43.663] [DEBUG] debug-file - default@CompileArkTS work[0] is submitted.
[2026-03-17T14:51:43.664] [DEBUG] debug-file - default@CompileArkTS work[0] is pushed to ready queue.
[2026-03-17T14:51:43.664] [DEBUG] debug-file - A work dispatched to worker[11] failed because unable to get work from ready queue.
[2026-03-17T14:51:43.664] [DEBUG] debug-file - A work dispatched to worker[10] failed because unable to get work from ready queue.
[2026-03-17T14:51:43.664] [DEBUG] debug-file - A work dispatched to worker[9] failed because unable to get work from ready queue.
[2026-03-17T14:51:43.664] [DEBUG] debug-file - A work dispatched to worker[8] failed because unable to get work from ready queue.
[2026-03-17T14:51:43.664] [DEBUG] debug-file - A work dispatched to worker[7] failed because unable to get work from ready queue.
[2026-03-17T14:51:43.664] [DEBUG] debug-file - A work dispatched to worker[6] failed because unable to get work from ready queue.
[2026-03-17T14:51:43.664] [DEBUG] debug-file - A work dispatched to worker[5] failed because unable to get work from ready queue.
[2026-03-17T14:51:43.664] [DEBUG] debug-file - Create  resident worker with id: 4.
[2026-03-17T14:51:43.665] [DEBUG] debug-file - default@CompileArkTS work[0] has been dispatched to worker[4].
[2026-03-17T14:51:43.665] [DEBUG] debug-file - default@CompileArkTS work[0] is dispatched.
[2026-03-17T14:51:43.666] [DEBUG] debug-file - CopyResources startTime: 7396336999000
[2026-03-17T14:51:43.666] [DEBUG] debug-file - default@CompileArkTS work[1] is submitted.
[2026-03-17T14:51:43.666] [DEBUG] debug-file - default@CompileArkTS work[1] is pushed to ready queue.
[2026-03-17T14:51:43.666] [DEBUG] debug-file - A work dispatched to worker[11] failed because unable to get work from ready queue.
[2026-03-17T14:51:43.666] [DEBUG] debug-file - Create  resident worker with id: 10.
[2026-03-17T14:51:43.667] [DEBUG] debug-file - default@CompileArkTS work[1] has been dispatched to worker[10].
[2026-03-17T14:51:43.667] [DEBUG] debug-file - default@CompileArkTS work[1] is dispatched.
[2026-03-17T14:51:43.667] [DEBUG] debug-file - entry : default@CompileArkTS cost memory 2.3612213134765625
[2026-03-17T14:51:43.669] [DEBUG] debug-file - Executing task :entry:default@BuildJS
[2026-03-17T14:51:43.671] [DEBUG] debug-file - entry : default@BuildJS cost memory 0.1211090087890625
[2026-03-17T14:51:43.671] [DEBUG] debug-file - runTaskFromQueue task cost before running: 1 s 985 ms 
[2026-03-17T14:51:43.671] [INFO] debug-file - Finished :entry:default@BuildJS... after 2 ms 
[2026-03-17T14:51:43.673] [DEBUG] debug-file - Executing task :entry:default@CacheNativeLibs
[2026-03-17T14:51:43.673] [DEBUG] debug-file - Task 'entry:default@CacheNativeLibs' cost while wrapping incremental declarations: 1 ms 
[2026-03-17T14:51:43.674] [DEBUG] debug-file - Incremental task entry:default@CacheNativeLibs pre-execution cost: 1 ms .
[2026-03-17T14:51:43.674] [DEBUG] debug-file - entry : default@CacheNativeLibs cost memory 0.10529327392578125
[2026-03-17T14:51:43.674] [INFO] debug-file - UP-TO-DATE :entry:default@CacheNativeLibs...  
[2026-03-17T14:51:44.462] [DEBUG] debug-file - worker[10] has one work done.
[2026-03-17T14:51:44.462] [DEBUG] debug-file - CopyResources is end, endTime: 7397133806500
[2026-03-17T14:51:44.463] [DEBUG] debug-file - default@CompileArkTS work[1] done.
[2026-03-17T14:51:44.463] [DEBUG] debug-file - A work dispatched to worker[10] failed because unable to get work from ready queue.
[2026-03-17T14:51:49.409] [DEBUG] debug-file - worker[4] has one work done.
[2026-03-17T14:51:49.409] [DEBUG] debug-file - Ark compile task finished.finished time is 7402080163900
[2026-03-17T14:51:49.410] [DEBUG] debug-file - default@CompileArkTS work[0] done.
[2026-03-17T14:51:49.411] [DEBUG] debug-file - A work dispatched to worker[4] failed because unable to get work from ready queue.
[2026-03-17T14:51:49.412] [INFO] debug-file - Finished :entry:default@CompileArkTS... after 3 s 824 ms 
[2026-03-17T14:51:49.412] [DEBUG] debug-file - Executing task :entry:default@GeneratePkgModuleJson
[2026-03-17T14:51:49.413] [DEBUG] debug-file - File: 'K:\study\HarmonyOs\code\tank\entry\build\default\intermediates\preload\default\preload.json' from 'preloadSoJsonPath' is not exists, just ignore.
[2026-03-17T14:51:49.413] [DEBUG] debug-file - Task 'entry:default@GeneratePkgModuleJson' cost while wrapping incremental declarations: 1 ms 
[2026-03-17T14:51:49.413] [DEBUG] debug-file - Incremental task entry:default@GeneratePkgModuleJson pre-execution cost: 1 ms .
[2026-03-17T14:51:49.414] [DEBUG] debug-file - entry : default@GeneratePkgModuleJson cost memory 0.0982208251953125
[2026-03-17T14:51:49.414] [INFO] debug-file - UP-TO-DATE :entry:default@GeneratePkgModuleJson...  
[2026-03-17T14:51:49.414] [DEBUG] debug-file - Executing task :entry:default@ProcessCompiledResources
[2026-03-17T14:51:49.414] [DEBUG] debug-file - File: 'K:\study\HarmonyOs\code\tank\entry\build\default\intermediates\preload\default\preload.json' from 'preloadSoJsonPath' is not exists, just ignore.
[2026-03-17T14:51:49.414] [DEBUG] debug-file - Task 'entry:default@ProcessCompiledResources' cost while wrapping incremental declarations: 1 ms 
[2026-03-17T14:51:49.415] [DEBUG] debug-file - entry : default@ProcessCompiledResources cost memory 0.06479644775390625
[2026-03-17T14:51:49.415] [DEBUG] debug-file - runTaskFromQueue task cost before running: 7 s 729 ms 
[2026-03-17T14:51:49.415] [INFO] debug-file - Finished :entry:default@ProcessCompiledResources... after 1 ms 
[2026-03-17T14:51:49.416] [DEBUG] debug-file - Executing task :entry:default@PackageHap
[2026-03-17T14:51:49.420] [DEBUG] debug-file - entry:default@PackageHap is not up-to-date, since the input file 'K:\study\HarmonyOs\code\tank\entry\build\default\intermediates\loader_out\default\ets' has been changed.
[2026-03-17T14:51:49.420] [DEBUG] debug-file - Incremental task entry:default@PackageHap pre-execution cost: 3 ms .
[2026-03-17T14:51:49.421] [DEBUG] debug-file - Use tool [K:\study\HarmonyOs\software\DevEcoStudio\DevEco Studio\sdk\default\openharmony\toolchains\lib\app_packing_tool.jar]
 [
  'java',
  '-Dfile.encoding=GBK',
  '-jar',
  'K:\\study\\HarmonyOs\\software\\DevEcoStudio\\DevEco Studio\\sdk\\default\\openharmony\\toolchains\\lib\\app_packing_tool.jar',
  '--mode',
  'hap',
  '--force',
  'true',
  '--lib-path',
  'K:\\study\\HarmonyOs\\code\\tank\\entry\\build\\default\\intermediates\\stripped_native_libs\\default',
  '--json-path',
  'K:\\study\\HarmonyOs\\code\\tank\\entry\\build\\default\\intermediates\\package\\default\\module.json',
  '--resources-path',
  'K:\\study\\HarmonyOs\\code\\tank\\entry\\build\\default\\intermediates\\res\\default\\resources',
  '--index-path',
  'K:\\study\\HarmonyOs\\code\\tank\\entry\\build\\default\\intermediates\\res\\default\\resources.index',
  '--pack-info-path',
  'K:\\study\\HarmonyOs\\code\\tank\\entry\\build\\default\\outputs\\default\\pack.info',
  '--out-path',
  'K:\\study\\HarmonyOs\\code\\tank\\entry\\build\\default\\outputs\\default\\entry-default-unsigned.hap',
  '--ets-path',
  'K:\\study\\HarmonyOs\\code\\tank\\entry\\build\\default\\intermediates\\loader_out\\default\\ets'
]
[2026-03-17T14:51:49.765] [DEBUG] debug-file - java daemon socket received message:{"code":0,"message":"pack success"}
[2026-03-17T14:51:49.769] [DEBUG] debug-file - entry : default@PackageHap cost memory 0.8331527709960938
[2026-03-17T14:51:49.769] [DEBUG] debug-file - runTaskFromQueue task cost before running: 8 s 83 ms 
[2026-03-17T14:51:49.770] [INFO] debug-file - Finished :entry:default@PackageHap... after 353 ms 
[2026-03-17T14:51:49.771] [DEBUG] debug-file - Executing task :entry:default@PackingCheck
[2026-03-17T14:51:49.777] [DEBUG] debug-file - entry : default@PackingCheck cost memory 0.5379409790039062
[2026-03-17T14:51:49.777] [DEBUG] debug-file - runTaskFromQueue task cost before running: 8 s 92 ms 
[2026-03-17T14:51:49.778] [INFO] debug-file - Finished :entry:default@PackingCheck... after 6 ms 
[2026-03-17T14:51:49.779] [DEBUG] debug-file - Executing task :entry:default@SignHap
[2026-03-17T14:51:49.779] [WARN] debug-file - Will skip sign 'hos_hap'. No signingConfigs profile is configured in current project.
             If needed, configure the signingConfigs in K:\study\HarmonyOs\code\tank\build-profile.json5.
[2026-03-17T14:51:49.780] [DEBUG] debug-file - entry:default@SignHap is not up-to-date, since the input file 'K:\study\HarmonyOs\code\tank\entry\build\default\outputs\default\entry-default-unsigned.hap' has been changed.
[2026-03-17T14:51:49.780] [DEBUG] debug-file - Incremental task entry:default@SignHap pre-execution cost: 1 ms .
[2026-03-17T14:51:49.781] [DEBUG] debug-file - entry : default@SignHap cost memory 0.10050201416015625
[2026-03-17T14:51:49.781] [DEBUG] debug-file - runTaskFromQueue task cost before running: 8 s 95 ms 
[2026-03-17T14:51:49.782] [INFO] debug-file - Finished :entry:default@SignHap... after 3 ms 
[2026-03-17T14:51:49.783] [DEBUG] debug-file - Executing task :entry:default@CollectDebugSymbol
[2026-03-17T14:51:49.783] [DEBUG] debug-file - entry : default@CollectDebugSymbol cost memory 0.09613037109375
[2026-03-17T14:51:49.783] [DEBUG] debug-file - runTaskFromQueue task cost before running: 8 s 98 ms 
[2026-03-17T14:51:49.784] [INFO] debug-file - Finished :entry:default@CollectDebugSymbol... after 1 ms 
[2026-03-17T14:51:49.784] [DEBUG] debug-file - Executing task :entry:assembleHap
[2026-03-17T14:51:49.784] [DEBUG] debug-file - entry : assembleHap cost memory 0.01444244384765625
[2026-03-17T14:51:49.784] [DEBUG] debug-file - runTaskFromQueue task cost before running: 8 s 98 ms 
[2026-03-17T14:51:49.784] [INFO] debug-file - Finished :entry:assembleHap... after 1 ms 
[2026-03-17T14:51:49.794] [INFO] debug-file - BUILD SUCCESSFUL in 8 s 109 ms 
[2026-03-17T14:51:49.795] [DEBUG] debug-file - There is no need to refresh cache, since the incremental task entry:default@PreBuild is up-to-date.
[2026-03-17T14:51:49.795] [DEBUG] debug-file - Update task entry:default@CreateModuleInfo output file:K:\study\HarmonyOs\code\tank\entry\build\default\generated\profile\default\ModuleInfo.ts cache.
[2026-03-17T14:51:49.796] [DEBUG] debug-file - Incremental task entry:default@CreateModuleInfo post-execution cost:1 ms .
[2026-03-17T14:51:49.796] [DEBUG] debug-file - There is no need to refresh cache, since the incremental task entry:default@GenerateMetadata is up-to-date.
[2026-03-17T14:51:49.796] [DEBUG] debug-file - There is no need to refresh cache, since the incremental task entry:default@MergeProfile is up-to-date.
[2026-03-17T14:51:49.796] [DEBUG] debug-file - There is no need to refresh cache, since the incremental task entry:default@CreateBuildProfile is up-to-date.
[2026-03-17T14:51:49.796] [DEBUG] debug-file - Update task entry:default@GeneratePkgContextInfo output file:K:\study\HarmonyOs\code\tank\entry\build\default\intermediates\loader\default\pkgContextInfo.json cache.
[2026-03-17T14:51:49.797] [DEBUG] debug-file - Incremental task entry:default@GeneratePkgContextInfo post-execution cost:1 ms .
[2026-03-17T14:51:49.797] [DEBUG] debug-file - Update task entry:default@ProcessIntegratedHsp output file:K:\study\HarmonyOs\code\tank\build\cache\default\integrated_hsp\integratedHspCache.json cache.
[2026-03-17T14:51:49.797] [DEBUG] debug-file - Incremental task entry:default@ProcessIntegratedHsp post-execution cost:1 ms .
[2026-03-17T14:51:49.797] [DEBUG] debug-file - There is no need to refresh cache, since the incremental task entry:default@MakePackInfo is up-to-date.
[2026-03-17T14:51:49.797] [DEBUG] debug-file - Update task entry:default@SyscapTransform input file:K:\study\HarmonyOs\software\DevEcoStudio\DevEco Studio\sdk\default\openharmony\toolchains\syscap_tool.exe cache by regenerate.
[2026-03-17T14:51:49.798] [DEBUG] debug-file - Update task entry:default@SyscapTransform input file:K:\study\HarmonyOs\software\DevEcoStudio\DevEco Studio\sdk\default\openharmony\ets\api\device-define cache by regenerate.
[2026-03-17T14:51:49.799] [DEBUG] debug-file - Update task entry:default@SyscapTransform output file:K:\study\HarmonyOs\code\tank\entry\build\default\intermediates\syscap\default\rpcid.sc cache.
[2026-03-17T14:51:49.800] [DEBUG] debug-file - Incremental task entry:default@SyscapTransform post-execution cost:3 ms .
[2026-03-17T14:51:49.800] [DEBUG] debug-file - There is no need to refresh cache, since the incremental task entry:default@ProcessProfile is up-to-date.
[2026-03-17T14:51:49.800] [DEBUG] debug-file - There is no need to refresh cache, since the incremental task entry:default@ProcessRouterMap is up-to-date.
[2026-03-17T14:51:49.800] [DEBUG] debug-file - There is no need to refresh cache, since the incremental task entry:default@ProcessShareConfig is up-to-date.
[2026-03-17T14:51:49.801] [DEBUG] debug-file - Update task entry:default@ProcessStartupConfig output file:K:\study\HarmonyOs\code\tank\entry\build\default\intermediates\startup\default\startup_config.json cache.
[2026-03-17T14:51:49.801] [DEBUG] debug-file - Incremental task entry:default@ProcessStartupConfig post-execution cost:1 ms .
[2026-03-17T14:51:49.801] [DEBUG] debug-file - There is no need to refresh cache, since the incremental task entry:default@ProcessResource is up-to-date.
[2026-03-17T14:51:49.801] [DEBUG] debug-file - There is no need to refresh cache, since the incremental task entry:default@GenerateLoaderJson is up-to-date.
[2026-03-17T14:51:49.801] [DEBUG] debug-file - There is no need to refresh cache, since the incremental task entry:default@ProcessLibs is up-to-date.
[2026-03-17T14:51:49.801] [DEBUG] debug-file - There is no need to refresh cache, since the incremental task entry:default@CompileResource is up-to-date.
[2026-03-17T14:51:49.802] [DEBUG] debug-file - There is no need to refresh cache, since the incremental task entry:default@DoNativeStrip is up-to-date.
[2026-03-17T14:51:49.802] [DEBUG] debug-file - Update task entry:default@CompileArkTS input file:K:\study\HarmonyOs\code\tank\entry\build\default\intermediates\loader\default cache by regenerate.
[2026-03-17T14:51:49.803] [DEBUG] debug-file - Update task entry:default@CompileArkTS input file:K:\study\HarmonyOs\code\tank\entry\build\default\intermediates\res\default\ResourceTable.txt cache by regenerate.
[2026-03-17T14:51:49.803] [DEBUG] debug-file - Update task entry:default@CompileArkTS input file:K:\study\HarmonyOs\code\tank\entry\build\default\intermediates\res\default\ark_module.json cache by regenerate.
[2026-03-17T14:51:49.803] [DEBUG] debug-file - Update task entry:default@CompileArkTS input file:K:\study\HarmonyOs\code\tank\entry\build\default\intermediates\res\default\resources\base\profile cache by regenerate.
[2026-03-17T14:51:49.804] [DEBUG] debug-file - Update task entry:default@CompileArkTS input file:K:\study\HarmonyOs\code\tank\entry\src\main\ets cache from map.
[2026-03-17T14:51:49.804] [DEBUG] debug-file - Update task entry:default@CompileArkTS input file:K:\study\HarmonyOs\code\tank\entry\build\default\generated\profile\default\BuildProfile.ets cache by regenerate.
[2026-03-17T14:51:49.804] [DEBUG] debug-file - Update task entry:default@CompileArkTS output file:K:\study\HarmonyOs\code\tank\entry\build\default\intermediates\loader_out\default\ets cache.
[2026-03-17T14:51:49.805] [DEBUG] debug-file - Incremental task entry:default@CompileArkTS post-execution cost:3 ms .
[2026-03-17T14:51:49.805] [DEBUG] debug-file - Update task entry:default@BuildJS input file:K:\study\HarmonyOs\code\tank\entry\build\default\intermediates\loader\default cache by regenerate.
[2026-03-17T14:51:49.806] [DEBUG] debug-file - Update task entry:default@BuildJS input file:K:\study\HarmonyOs\code\tank\entry\build\default\intermediates\res\default\ResourceTable.txt cache by regenerate.
[2026-03-17T14:51:49.806] [DEBUG] debug-file - Update task entry:default@BuildJS input file:K:\study\HarmonyOs\code\tank\entry\build\default\intermediates\res\default\ark_module.json cache by regenerate.
[2026-03-17T14:51:49.806] [DEBUG] debug-file - Update task entry:default@BuildJS input file:K:\study\HarmonyOs\code\tank\entry\build\default\intermediates\res\default\resources\base\profile cache by regenerate.
[2026-03-17T14:51:49.807] [DEBUG] debug-file - Update task entry:default@BuildJS output file:K:\study\HarmonyOs\code\tank\entry\build\default\intermediates\loader_out\default\js cache.
[2026-03-17T14:51:49.807] [DEBUG] debug-file - Incremental task entry:default@BuildJS post-execution cost:3 ms .
[2026-03-17T14:51:49.807] [DEBUG] debug-file - There is no need to refresh cache, since the incremental task entry:default@CacheNativeLibs is up-to-date.
[2026-03-17T14:51:49.807] [DEBUG] debug-file - There is no need to refresh cache, since the incremental task entry:default@GeneratePkgModuleJson is up-to-date.
[2026-03-17T14:51:49.807] [DEBUG] debug-file - Incremental task entry:default@ProcessCompiledResources post-execution cost:1 ms .
[2026-03-17T14:51:49.807] [DEBUG] debug-file - Update task entry:default@PackageHap input file:K:\study\HarmonyOs\code\tank\entry\build\default\intermediates\stripped_native_libs\default cache by regenerate.
[2026-03-17T14:51:49.808] [DEBUG] debug-file - Update task entry:default@PackageHap input file:K:\study\HarmonyOs\code\tank\entry\build\default\intermediates\res\default\module.json cache by regenerate.
[2026-03-17T14:51:49.808] [DEBUG] debug-file - Update task entry:default@PackageHap input file:K:\study\HarmonyOs\code\tank\entry\build\default\intermediates\res\default\resources cache by regenerate.
[2026-03-17T14:51:49.809] [DEBUG] debug-file - Update task entry:default@PackageHap input file:K:\study\HarmonyOs\code\tank\entry\build\default\intermediates\res\default\resources.index cache by regenerate.
[2026-03-17T14:51:49.809] [DEBUG] debug-file - Update task entry:default@PackageHap input file:K:\study\HarmonyOs\code\tank\entry\build\default\outputs\default\pack.info cache by regenerate.
[2026-03-17T14:51:49.809] [DEBUG] debug-file - Update task entry:default@PackageHap input file:K:\study\HarmonyOs\code\tank\entry\build\default\intermediates\loader_out\default\ets cache from map.
[2026-03-17T14:51:49.809] [DEBUG] debug-file - Update task entry:default@PackageHap input file:K:\study\HarmonyOs\code\tank\entry\build\default\intermediates\loader_out\default\ets\sourceMaps.map cache by regenerate.
[2026-03-17T14:51:49.810] [DEBUG] debug-file - Update task entry:default@PackageHap input file:K:\study\HarmonyOs\code\tank\entry\build\default\generated\profile\default\BuildProfile.ets cache by regenerate.
[2026-03-17T14:51:49.810] [DEBUG] debug-file - Update task entry:default@PackageHap output file:K:\study\HarmonyOs\code\tank\entry\build\default\outputs\default\entry-default-unsigned.hap cache.
[2026-03-17T14:51:49.810] [DEBUG] debug-file - Update task entry:default@PackageHap output file:K:\study\HarmonyOs\code\tank\entry\build\default\intermediates\source_map\default\sourceMaps.map cache.
[2026-03-17T14:51:49.810] [DEBUG] debug-file - Update task entry:default@PackageHap output file:K:\study\HarmonyOs\code\tank\entry\build\default\outputs\default\mapping\sourceMaps.map cache.
[2026-03-17T14:51:49.811] [DEBUG] debug-file - Incremental task entry:default@PackageHap post-execution cost:4 ms .
[2026-03-17T14:51:49.811] [DEBUG] debug-file - Update task entry:default@SignHap input file:K:\study\HarmonyOs\code\tank\entry\build\default\outputs\default\entry-default-unsigned.hap cache from map.
[2026-03-17T14:51:49.811] [DEBUG] debug-file - Update task entry:default@SignHap output file:K:\study\HarmonyOs\code\tank\entry\build\default\outputs\default\entry-default-signed.hap cache.
[2026-03-17T14:51:49.811] [DEBUG] debug-file - Incremental task entry:default@SignHap post-execution cost:1 ms .
[2026-03-17T14:51:49.812] [DEBUG] debug-file - Update task entry:default@CollectDebugSymbol input file:K:\study\HarmonyOs\code\tank\entry\build\default\intermediates\loader_out\default\ets\sourceMaps.map cache by regenerate.
[2026-03-17T14:51:49.812] [DEBUG] debug-file - Update task entry:default@CollectDebugSymbol input file:K:\study\HarmonyOs\code\tank\entry\build\default\intermediates\libs\default cache by regenerate.
[2026-03-17T14:51:49.812] [DEBUG] debug-file - Update task entry:default@CollectDebugSymbol output file:K:\study\HarmonyOs\code\tank\entry\build\default\outputs\default\symbol cache.
[2026-03-17T14:51:49.812] [DEBUG] debug-file - Incremental task entry:default@CollectDebugSymbol post-execution cost:2 ms .
[2026-03-17T14:51:49.837] [DEBUG] debug-file - Cleanup worker 0.
[2026-03-17T14:51:49.837] [DEBUG] debug-file - Worker 0 has been cleaned up.
[2026-03-17T14:51:49.837] [DEBUG] debug-file - Current idle worker size: 3.
[2026-03-17T14:51:49.837] [DEBUG] debug-file - Current resident worker size: 4.
[2026-03-17T14:51:49.837] [DEBUG] debug-file - Cleanup worker 1.
[2026-03-17T14:51:49.837] [DEBUG] debug-file - Worker 1 has been cleaned up.
[2026-03-17T14:51:49.838] [DEBUG] debug-file - Current idle worker size: 2.
[2026-03-17T14:51:49.838] [DEBUG] debug-file - Current resident worker size: 4.
[2026-03-17T14:51:49.839] [DEBUG] debug-file - Cleanup worker 10.
[2026-03-17T14:51:49.842] [DEBUG] debug-file - session manager: send message to worker process.
[2026-03-17T14:51:49.843] [DEBUG] debug-file - session manager: send message to worker process.
[2026-03-17T14:51:49.839] [DEBUG] debug-file - Worker 10 has been cleaned up.
[2026-03-17T14:51:49.839] [DEBUG] debug-file - Current idle worker size: 1.
[2026-03-17T14:51:49.839] [DEBUG] debug-file - Current resident worker size: 4.
[2026-03-17T14:51:49.841] [DEBUG] debug-file - hvigor build process will be closed.
[2026-03-17T14:51:49.842] [DEBUG] debug-file - java daemon socket close code:1000 reason:close by user
[2026-03-17T14:51:49.847] [DEBUG] debug-file - worker[1] exits with exit code 1.
[2026-03-17T14:51:49.848] [DEBUG] debug-file - watch worker: worker id should be larger than 0. Nothing will be sent to any worker thread.
[2026-03-17T14:51:49.848] [DEBUG] debug-file - watch worker: worker id should be larger than 0. Nothing will be sent to any worker thread.
[2026-03-17T14:51:49.849] [DEBUG] debug-file - worker[0] exits with exit code 1.
[2026-03-17T14:51:49.852] [DEBUG] debug-file - worker[10] exits with exit code 1.
[2026-03-17T14:57:33.796] [DEBUG] debug-file - session manager: set active socket. socketId=DPsxo7GKHGY-rCl4AAAD
[2026-03-17T14:57:33.813] [DEBUG] debug-file - watch worker: worker id should be larger than 0. Nothing will be sent to any worker thread.
[2026-03-17T14:57:33.820] [DEBUG] debug-file - Hvigor init with startParameters:{
  hvigorfileTypeCheck: false,
  parallelExecution: true,
  incrementalExecution: true,
  printStackTrace: false,
  daemon: true,
  analyze: 0,
  logLevel: Level { level: 20000, levelStr: 'INFO', colour: 'green' },
  optimizationStrategy: 'memory',
  hotCompile: undefined,
  hotReloadBuild: undefined
}
[2026-03-17T14:57:33.826] [DEBUG] debug-file - Cache service initialization finished in 5 ms 
[2026-03-17T14:57:33.827] [DEBUG] debug-file - hvigorfile, resolving K:\study\HarmonyOs\code\tank\hvigorfile.ts
[2026-03-17T14:57:33.835] [DEBUG] debug-file - hvigorfile, require result:  { default: { plugins: [] } }
[2026-03-17T14:57:33.835] [DEBUG] debug-file - hvigorfile, binding system plugins null
[2026-03-17T14:57:33.842] [DEBUG] debug-file - Start initialize project's product build option map with build mode debug.
[2026-03-17T14:57:33.842] [DEBUG] debug-file - Picking option from product 'default' with build mode 'debug'.
[2026-03-17T14:57:33.842] [DEBUG] debug-file - Product 'default' build option initialized
[2026-03-17T14:57:33.842] [DEBUG] debug-file - End initialize project's product build option map with build mode 'debug'.
[2026-03-17T14:57:33.843] [DEBUG] debug-file - Obtain build option for product 'default'in this build.
[2026-03-17T14:57:33.844] [DEBUG] debug-file - No signingConfig found, initRemoteHspCache failed.
[2026-03-17T14:57:33.848] [DEBUG] debug-file - Start recording SDK configuration permission data.
[2026-03-17T14:57:33.879] [DEBUG] debug-file - Sdk init in 35 ms 
[2026-03-17T14:57:33.883] [DEBUG] debug-file - Project task initialization takes 4 ms 
[2026-03-17T14:57:33.883] [DEBUG] debug-file - hvigorfile, binding custom plugins []
[2026-03-17T14:57:33.883] [DEBUG] debug-file - hvigorfile, no custom plugins were found in K:\study\HarmonyOs\code\tank\hvigorfile.ts
[2026-03-17T14:57:33.883] [DEBUG] debug-file - hvigorfile, resolve finished K:\study\HarmonyOs\code\tank\hvigorfile.ts
[2026-03-17T14:57:33.885] [DEBUG] debug-file - hvigorfile, resolving K:\study\HarmonyOs\code\tank\entry\hvigorfile.ts
[2026-03-17T14:57:33.890] [DEBUG] debug-file - hvigorfile, require result:  { default: { plugins: [] } }
[2026-03-17T14:57:33.890] [DEBUG] debug-file - hvigorfile, binding system plugins null
[2026-03-17T14:57:33.891] [DEBUG] debug-file - failed to load cangjie to dynamically generate schemas: Error: Cannot find module '@ohos/cangjie-build-support/index'
Require stack:
- K:\study\HarmonyOs\software\DevEcoStudio\DevEco Studio\tools\hvigor\hvigor-ohos-plugin\src\plugin\factory\plugin-factory.js
- K:\study\HarmonyOs\software\DevEcoStudio\DevEco Studio\tools\hvigor\hvigor-ohos-plugin\index.js
- K:\study\HarmonyOs\code\tank\hvigorfile.ts
- K:\study\HarmonyOs\software\DevEcoStudio\DevEco Studio\tools\hvigor\hvigor\src\base\internal\lifecycle\configuration.js
- K:\study\HarmonyOs\software\DevEcoStudio\DevEco Studio\tools\hvigor\hvigor\src\base\boot\index.js
- K:\study\HarmonyOs\software\DevEcoStudio\DevEco Studio\tools\hvigor\hvigor\src\base\daemon\cluster\worker-process-lifecycle.js
- K:\study\HarmonyOs\software\DevEcoStudio\DevEco Studio\tools\hvigor\hvigor\src\base\daemon\process\daemon-process-boot-script.js
[2026-03-17T14:57:33.893] [DEBUG] debug-file - Start initialize module-target build option map, moduleName=entry, buildMode=release
[2026-03-17T14:57:33.893] [DEBUG] debug-file - Target 'default' config initialized
[2026-03-17T14:57:33.894] [DEBUG] debug-file - Module 'entry' target 'default' build option initialized
[2026-03-17T14:57:33.894] [DEBUG] debug-file - End initialize module-target build option map, moduleName=entry
[2026-03-17T14:57:33.894] [DEBUG] debug-file - Start initialize module-target build option map, moduleName=entry, buildMode=debug
[2026-03-17T14:57:33.894] [DEBUG] debug-file - Target 'default' config initialized
[2026-03-17T14:57:33.894] [DEBUG] debug-file - Module 'entry' target 'default' build option initialized
[2026-03-17T14:57:33.894] [DEBUG] debug-file - End initialize module-target build option map, moduleName=entry
[2026-03-17T14:57:33.894] [DEBUG] debug-file - Start initialize module-target build option map, moduleName=entry, buildMode=debug
[2026-03-17T14:57:33.894] [DEBUG] debug-file - Target 'default' config initialized
[2026-03-17T14:57:33.895] [DEBUG] debug-file - Module 'entry' target 'default' build option initialized
[2026-03-17T14:57:33.895] [DEBUG] debug-file - End initialize module-target build option map, moduleName=entry
[2026-03-17T14:57:33.895] [DEBUG] debug-file - Obtain build option for module 'entry' target 'default'in this build.
[2026-03-17T14:57:33.896] [DEBUG] debug-file - Module entry task initialization takes 1 ms 
[2026-03-17T14:57:33.897] [DEBUG] debug-file - hvigorfile, binding custom plugins []
[2026-03-17T14:57:33.897] [DEBUG] debug-file - hvigorfile, no custom plugins were found in K:\study\HarmonyOs\code\tank\entry\hvigorfile.ts
[2026-03-17T14:57:33.897] [DEBUG] debug-file - hvigorfile, resolve finished K:\study\HarmonyOs\code\tank\entry\hvigorfile.ts
[2026-03-17T14:57:33.921] [DEBUG] debug-file - hvigorfile, resolve hvigorfile dependencies in 25 ms 
[2026-03-17T14:57:33.921] [DEBUG] debug-file - project has submodules:entry
[2026-03-17T14:57:33.923] [DEBUG] debug-file - start to load updatedOhPackageInfo to the disk
[2026-03-17T14:57:33.928] [DEBUG] debug-file - load to the disk finished
[2026-03-17T14:57:33.928] [DEBUG] debug-file - Start to initialize dependency information.
[2026-03-17T14:57:33.929] [DEBUG] debug-file - Module tank Collected Dependency: 
[2026-03-17T14:57:33.929] [DEBUG] debug-file - Module tank's total dependency: 0
[2026-03-17T14:57:33.930] [DEBUG] debug-file - Start to initialize dependency information.
[2026-03-17T14:57:33.931] [DEBUG] debug-file - Module entry Collected Dependency: 
[2026-03-17T14:57:33.931] [DEBUG] debug-file - Module entry's total dependency: 0
[2026-03-17T14:57:33.933] [DEBUG] debug-file - Configuration phase cost:108 ms 
[2026-03-17T14:57:33.934] [DEBUG] debug-file - Configuration task cost before running: 118 ms 
[2026-03-17T14:57:33.938] [DEBUG] debug-file - Executing task :entry:default@PreBuild
[2026-03-17T14:57:33.938] [DEBUG] debug-file - Task 'entry:default@PreBuild' cost while wrapping incremental declarations: 1 ms 
[2026-03-17T14:57:33.942] [DEBUG] debug-file - Incremental task entry:default@PreBuild pre-execution cost: 4 ms .
[2026-03-17T14:57:33.943] [DEBUG] debug-file - entry : default@PreBuild cost memory -1.4901657104492188
[2026-03-17T14:57:33.944] [INFO] debug-file - UP-TO-DATE :entry:default@PreBuild...  
[2026-03-17T14:57:33.945] [DEBUG] debug-file - Executing task :entry:default@CreateModuleInfo
[2026-03-17T14:57:33.945] [DEBUG] debug-file - Task 'entry:default@CreateModuleInfo' cost while wrapping incremental declarations: 1 ms 
[2026-03-17T14:57:33.947] [DEBUG] debug-file - entry : default@CreateModuleInfo cost memory 0.0417633056640625
[2026-03-17T14:57:33.947] [DEBUG] debug-file - runTaskFromQueue task cost before running: 131 ms 
[2026-03-17T14:57:33.948] [INFO] debug-file - Finished :entry:default@CreateModuleInfo... after 3 ms 
[2026-03-17T14:57:33.950] [DEBUG] debug-file - Executing task :entry:default@GenerateMetadata
[2026-03-17T14:57:33.950] [DEBUG] debug-file - Task 'entry:default@GenerateMetadata' cost while wrapping incremental declarations: 1 ms 
[2026-03-17T14:57:33.951] [DEBUG] debug-file - Incremental task entry:default@GenerateMetadata pre-execution cost: 1 ms .
[2026-03-17T14:57:33.951] [DEBUG] debug-file - entry : default@GenerateMetadata cost memory 0.09355926513671875
[2026-03-17T14:57:33.951] [INFO] debug-file - UP-TO-DATE :entry:default@GenerateMetadata...  
[2026-03-17T14:57:33.952] [DEBUG] debug-file - Executing task :entry:default@ConfigureCmake
[2026-03-17T14:57:33.952] [DEBUG] debug-file - entry : default@ConfigureCmake cost memory 0.016754150390625
[2026-03-17T14:57:33.952] [DEBUG] debug-file - runTaskFromQueue task cost before running: 136 ms 
[2026-03-17T14:57:33.952] [INFO] debug-file - Finished :entry:default@ConfigureCmake... after 1 ms 
[2026-03-17T14:57:33.953] [DEBUG] debug-file - Executing task :entry:default@MergeProfile
[2026-03-17T14:57:33.953] [DEBUG] debug-file - Task 'entry:default@MergeProfile' cost while wrapping incremental declarations: 1 ms 
[2026-03-17T14:57:33.954] [DEBUG] debug-file - Incremental task entry:default@MergeProfile pre-execution cost: 2 ms .
[2026-03-17T14:57:33.954] [DEBUG] debug-file - entry : default@MergeProfile cost memory 0.1334991455078125
[2026-03-17T14:57:33.954] [INFO] debug-file - UP-TO-DATE :entry:default@MergeProfile...  
[2026-03-17T14:57:33.955] [DEBUG] debug-file - Executing task :entry:default@CreateBuildProfile
[2026-03-17T14:57:33.956] [DEBUG] debug-file - Task 'entry:default@CreateBuildProfile' cost while wrapping incremental declarations: 1 ms 
[2026-03-17T14:57:33.957] [DEBUG] debug-file - Incremental task entry:default@CreateBuildProfile pre-execution cost: 1 ms .
[2026-03-17T14:57:33.957] [DEBUG] debug-file - entry : default@CreateBuildProfile cost memory 0.10254669189453125
[2026-03-17T14:57:33.958] [INFO] debug-file - UP-TO-DATE :entry:default@CreateBuildProfile...  
[2026-03-17T14:57:33.959] [DEBUG] debug-file - Executing task :entry:default@PreCheckSyscap
[2026-03-17T14:57:33.959] [DEBUG] debug-file - entry : default@PreCheckSyscap cost memory 0.01653289794921875
[2026-03-17T14:57:33.959] [DEBUG] debug-file - runTaskFromQueue task cost before running: 143 ms 
[2026-03-17T14:57:33.959] [INFO] debug-file - Finished :entry:default@PreCheckSyscap... after 1 ms 
[2026-03-17T14:57:33.960] [DEBUG] debug-file - Executing task :entry:default@GeneratePkgContextInfo
[2026-03-17T14:57:33.966] [DEBUG] debug-file - Task 'entry:default@GeneratePkgContextInfo' cost while wrapping incremental declarations: 1 ms 
[2026-03-17T14:57:33.967] [DEBUG] debug-file - entry : default@GeneratePkgContextInfo cost memory 0.2381744384765625
[2026-03-17T14:57:33.967] [DEBUG] debug-file - runTaskFromQueue task cost before running: 151 ms 
[2026-03-17T14:57:33.967] [INFO] debug-file - Finished :entry:default@GeneratePkgContextInfo... after 7 ms 
[2026-03-17T14:57:33.970] [DEBUG] debug-file - Executing task :entry:default@ProcessIntegratedHsp
[2026-03-17T14:57:33.970] [DEBUG] debug-file - entry:default@ProcessIntegratedHsp is not up-to-date, since the output file 'K:\study\HarmonyOs\code\tank\build\cache\default\integrated_hsp\integratedHspCache.json' does not exist.
[2026-03-17T14:57:33.970] [DEBUG] debug-file - Incremental task entry:default@ProcessIntegratedHsp pre-execution cost: 1 ms .
[2026-03-17T14:57:33.970] [DEBUG] debug-file - entry : default@ProcessIntegratedHsp cost memory 0.06299591064453125
[2026-03-17T14:57:33.971] [DEBUG] debug-file - runTaskFromQueue task cost before running: 155 ms 
[2026-03-17T14:57:33.971] [INFO] debug-file - Finished :entry:default@ProcessIntegratedHsp... after 2 ms 
[2026-03-17T14:57:33.973] [DEBUG] debug-file - Executing task :entry:default@BuildNativeWithCmake
[2026-03-17T14:57:33.973] [DEBUG] debug-file - entry : default@BuildNativeWithCmake cost memory 0.01720428466796875
[2026-03-17T14:57:33.973] [DEBUG] debug-file - runTaskFromQueue task cost before running: 157 ms 
[2026-03-17T14:57:33.973] [INFO] debug-file - Finished :entry:default@BuildNativeWithCmake... after 1 ms 
[2026-03-17T14:57:33.974] [DEBUG] debug-file - Executing task :entry:default@MakePackInfo
[2026-03-17T14:57:33.975] [DEBUG] debug-file - Incremental task entry:default@MakePackInfo pre-execution cost: 2 ms .
[2026-03-17T14:57:33.976] [DEBUG] debug-file - entry : default@MakePackInfo cost memory 0.10955047607421875
[2026-03-17T14:57:33.976] [INFO] debug-file - UP-TO-DATE :entry:default@MakePackInfo...  
[2026-03-17T14:57:33.977] [DEBUG] debug-file - Executing task :entry:default@SyscapTransform
[2026-03-17T14:57:33.977] [DEBUG] debug-file - File: 'K:\study\HarmonyOs\code\tank\entry\src\main\syscap.json' from 'sysCapJsonPath' is not exists, just ignore.
[2026-03-17T14:57:33.977] [DEBUG] debug-file - Task 'entry:default@SyscapTransform' cost while wrapping incremental declarations: 1 ms 
[2026-03-17T14:57:33.979] [DEBUG] debug-file - entry:default@SyscapTransform is not up-to-date, since the output file 'K:\study\HarmonyOs\code\tank\entry\build\default\intermediates\syscap\default\rpcid.sc' does not exist.
[2026-03-17T14:57:33.979] [DEBUG] debug-file - Incremental task entry:default@SyscapTransform pre-execution cost: 2 ms .
[2026-03-17T14:57:33.979] [DEBUG] debug-file - entry : default@SyscapTransform cost memory 0.1801910400390625
[2026-03-17T14:57:33.979] [DEBUG] debug-file - runTaskFromQueue task cost before running: 163 ms 
[2026-03-17T14:57:33.980] [INFO] debug-file - Finished :entry:default@SyscapTransform... after 3 ms 
[2026-03-17T14:57:33.981] [DEBUG] debug-file - Executing task :entry:default@ProcessProfile
[2026-03-17T14:57:33.981] [DEBUG] debug-file - Task 'entry:default@ProcessProfile' cost while wrapping incremental declarations: 1 ms 
[2026-03-17T14:57:33.982] [DEBUG] debug-file - Incremental task entry:default@ProcessProfile pre-execution cost: 1 ms .
[2026-03-17T14:57:33.982] [DEBUG] debug-file - entry : default@ProcessProfile cost memory 0.136688232421875
[2026-03-17T14:57:33.982] [INFO] debug-file - UP-TO-DATE :entry:default@ProcessProfile...  
[2026-03-17T14:57:33.983] [DEBUG] debug-file - Executing task :entry:default@ProcessRouterMap
[2026-03-17T14:57:33.985] [DEBUG] debug-file - Incremental task entry:default@ProcessRouterMap pre-execution cost: 2 ms .
[2026-03-17T14:57:33.985] [DEBUG] debug-file - entry : default@ProcessRouterMap cost memory 0.13587188720703125
[2026-03-17T14:57:33.985] [INFO] debug-file - UP-TO-DATE :entry:default@ProcessRouterMap...  
[2026-03-17T14:57:33.986] [DEBUG] debug-file - Executing task :entry:default@ProcessShareConfig
[2026-03-17T14:57:33.988] [DEBUG] debug-file - Incremental task entry:default@ProcessShareConfig pre-execution cost: 2 ms .
[2026-03-17T14:57:33.988] [DEBUG] debug-file - entry : default@ProcessShareConfig cost memory 0.11817169189453125
[2026-03-17T14:57:33.989] [INFO] debug-file - UP-TO-DATE :entry:default@ProcessShareConfig...  
[2026-03-17T14:57:33.990] [DEBUG] debug-file - Executing task :entry:default@ProcessStartupConfig
[2026-03-17T14:57:33.990] [DEBUG] debug-file - Task 'entry:default@ProcessStartupConfig' cost while wrapping incremental declarations: 1 ms 
[2026-03-17T14:57:33.990] [DEBUG] debug-file - entry:default@ProcessStartupConfig is not up-to-date, since the output file 'K:\study\HarmonyOs\code\tank\entry\build\default\intermediates\startup\default\startup_config.json' does not exist.
[2026-03-17T14:57:33.990] [DEBUG] debug-file - Incremental task entry:default@ProcessStartupConfig pre-execution cost: 1 ms .
[2026-03-17T14:57:33.991] [DEBUG] debug-file - entry : default@ProcessStartupConfig cost memory 0.102630615234375
[2026-03-17T14:57:33.991] [DEBUG] debug-file - runTaskFromQueue task cost before running: 175 ms 
[2026-03-17T14:57:33.991] [INFO] debug-file - Finished :entry:default@ProcessStartupConfig... after 1 ms 
[2026-03-17T14:57:33.993] [DEBUG] debug-file - Executing task :entry:default@BuildNativeWithNinja
[2026-03-17T14:57:33.993] [DEBUG] debug-file - entry : default@BuildNativeWithNinja cost memory 0.0237274169921875
[2026-03-17T14:57:33.993] [DEBUG] debug-file - runTaskFromQueue task cost before running: 177 ms 
[2026-03-17T14:57:33.993] [INFO] debug-file - Finished :entry:default@BuildNativeWithNinja... after 1 ms 
[2026-03-17T14:57:33.994] [DEBUG] debug-file - restool module names: entry; moduleName=entry, taskName=default@ProcessResource
[2026-03-17T14:57:33.995] [DEBUG] debug-file - Executing task :entry:default@ProcessResource
[2026-03-17T14:57:33.995] [DEBUG] debug-file - Task 'entry:default@ProcessResource' cost while wrapping incremental declarations: 1 ms 
[2026-03-17T14:57:33.996] [DEBUG] debug-file - Incremental task entry:default@ProcessResource pre-execution cost: 1 ms .
[2026-03-17T14:57:33.996] [DEBUG] debug-file - entry : default@ProcessResource cost memory 0.14061737060546875
[2026-03-17T14:57:33.997] [INFO] debug-file - UP-TO-DATE :entry:default@ProcessResource...  
[2026-03-17T14:57:33.999] [DEBUG] debug-file - Executing task :entry:default@GenerateLoaderJson
[2026-03-17T14:57:33.999] [DEBUG] debug-file - Task 'entry:default@GenerateLoaderJson' cost while wrapping incremental declarations: 1 ms 
[2026-03-17T14:57:34.005] [DEBUG] debug-file - Incremental task entry:default@GenerateLoaderJson pre-execution cost: 4 ms .
[2026-03-17T14:57:34.005] [DEBUG] debug-file - entry : default@GenerateLoaderJson cost memory 0.45336151123046875
[2026-03-17T14:57:34.007] [INFO] debug-file - UP-TO-DATE :entry:default@GenerateLoaderJson...  
[2026-03-17T14:57:34.008] [DEBUG] debug-file - Executing task :entry:default@ProcessLibs
[2026-03-17T14:57:34.010] [DEBUG] debug-file - Incremental task entry:default@ProcessLibs pre-execution cost: 1 ms .
[2026-03-17T14:57:34.010] [DEBUG] debug-file - entry : default@ProcessLibs cost memory 0.10870361328125
[2026-03-17T14:57:34.010] [INFO] debug-file - UP-TO-DATE :entry:default@ProcessLibs...  
[2026-03-17T14:57:34.011] [DEBUG] debug-file - restool module names: entry; moduleName=entry, taskName=default@CompileResource
[2026-03-17T14:57:34.011] [DEBUG] debug-file - Executing task :entry:default@CompileResource
[2026-03-17T14:57:34.016] [DEBUG] debug-file - Incremental task entry:default@CompileResource pre-execution cost: 5 ms .
[2026-03-17T14:57:34.016] [DEBUG] debug-file - entry : default@CompileResource cost memory -1.1256256103515625
[2026-03-17T14:57:34.017] [INFO] debug-file - UP-TO-DATE :entry:default@CompileResource...  
[2026-03-17T14:57:34.017] [DEBUG] debug-file - Executing task :entry:default@DoNativeStrip
[2026-03-17T14:57:34.018] [DEBUG] debug-file - Task 'entry:default@DoNativeStrip' cost while wrapping incremental declarations: 1 ms 
[2026-03-17T14:57:34.018] [DEBUG] debug-file - Incremental task entry:default@DoNativeStrip pre-execution cost: 1 ms .
[2026-03-17T14:57:34.018] [DEBUG] debug-file - entry : default@DoNativeStrip cost memory 0.08591461181640625
[2026-03-17T14:57:34.018] [INFO] debug-file - UP-TO-DATE :entry:default@DoNativeStrip...  
[2026-03-17T14:57:34.019] [DEBUG] debug-file - Executing task :entry:default@CompileArkTS
[2026-03-17T14:57:34.019] [DEBUG] debug-file - obfuscationOptions: undefined
[2026-03-17T14:57:34.023] [DEBUG] debug-file - entry:default@CompileArkTS is not up-to-date, since the input file 'K:\study\HarmonyOs\code\tank\entry\src\main\ets' has been changed.
[2026-03-17T14:57:34.023] [DEBUG] debug-file - Incremental task entry:default@CompileArkTS pre-execution cost: 3 ms .
[2026-03-17T14:57:34.029] [DEBUG] debug-file - build config:
[2026-03-17T14:57:34.030] [DEBUG] debug-file - {
  moduleType: 'entry',
  perf: 0,
  targetName: '.default',
  packageManagerType: 'ohpm',
  localPropertiesPath: 'K:\\study\\HarmonyOs\\code\\tank\\local.properties',
  isPreview: false,
  isOhosTest: false,
  isLocalTest: false,
  buildMode: 'Debug',
  hotReloadBuild: undefined,
  watchMode: 'false',
  aceProfilePath: 'K:\\study\\HarmonyOs\\code\\tank\\entry\\build\\default\\intermediates\\res\\default\\resources\\base\\profile',
  etsLoaderPath: 'K:\\study\\HarmonyOs\\software\\DevEcoStudio\\DevEco Studio\\sdk\\default\\openharmony\\ets\\build-tools\\ets-loader',
  modulePath: 'K:\\study\\HarmonyOs\\code\\tank\\entry',
  testFrameworkPar: {
    testMode: undefined,
    coveragePathFilter: undefined,
    coverageMode: undefined
  },
  needCoverageInsert: false,
  debugLine: false,
  projectTopDir: 'K:\\study\\HarmonyOs\\code\\tank',
  compileSdkVersion: 20,
  compatibleSdkVersion: 10,
  compatibleSdkVersionStage: undefined,
  bundleName: 'c***y',
  etsLoaderVersion: '6.0.0.47',
  etsLoaderReleaseType: 'Release',
  aotCompileMode: 'type',
  apPath: 'K:\\study\\HarmonyOs\\code\\tank\\entry\\modules.ap',
  entryModuleName: 'entry',
  entryModuleVersion: '1.0.0',
  entryPackageName: 'entry',
  allModuleNameHash: '9025649c35e19c9529e6a112bac27010',
  externalApiPaths: [
    'K:\\study\\HarmonyOs\\software\\DevEcoStudio\\DevEco Studio\\sdk\\default\\hms\\ets'
  ],
  compilerTypes: [],
  isCrossplatform: false,
  hvigorPluginFile: undefined,
  compilePluginPath: undefined,
  buildGeneratedProfilePath: 'K:\\study\\HarmonyOs\\code\\tank\\entry\\build\\default\\generated\\profile\\default',
  bundleType: 'app',
  arkTSVersion: undefined,
  apiVersion: 20,
  needCompleteSourcesMap: false,
  isFaMode: false,
  strictMode: undefined,
  buildDir: 'K:\\study\\HarmonyOs\\code\\tank\\entry\\build',
  deviceTypes: [ 'phone', 'tablet' ],
  useNormalizedOHMUrl: false,
  pkgContextInfo: undefined,
  ohPackagePathMap: {},
  dependencyAliasMap: {},
  permission: { requestPermissions: undefined, definePermissions: undefined },
  integratedHsp: false,
  projectArkOption: undefined,
  sourceMapDir: undefined,
  branchElimination: false,
  transformLib: undefined,
  caseSensitiveCheck: false,
  tsImportSendable: false,
  resolveConflictMode: true,
  depName2RootPath: {},
  depName2DepInfo: {},
  rootPathSet: [ 'K:\\study\\HarmonyOs\\code\\tank' ],
  useNativeResolver: true,
  shouldEmitJs: true,
  useTscResolve: false,
  singleFileEmit: false,
  userProjectConfig: {
    autoLazyImport: false,
    allowEmptyBundleName: false,
    reExportCheckMode: 'noCheck',
    executionMode: 'memory',
    usePathPlaceholder: false,
    writeRollupCache: true,
    isExpandImportEnabled: false,
    expandImportExclude: '',
    ignoreCrossplatformCheck: false,
    isPreloadSoEnabled: false
  },
  skipOhModulesLint: false,
  executionMode: 'memory',
  autoLazyImport: false,
  allowEmptyBundleName: false,
  reExportCheckMode: 'noCheck',
  usePathPlaceholder: false,
  writeRollupCache: true,
  isExpandImportEnabled: false,
  expandImportExclude: '',
  ignoreCrossplatformCheck: false,
  isPreloadSoEnabled: false,
  arkCompileCachePath: 'K:\\study\\HarmonyOs\\code\\tank\\entry\\build\\default\\cache\\default\\default@CompileArkTS\\esmodule',
  aceModuleJsonPath: 'K:\\study\\HarmonyOs\\code\\tank\\entry\\build\\default\\intermediates\\res\\default\\ark_module.json',
  appResource: 'K:\\study\\HarmonyOs\\code\\tank\\entry\\build\\default\\intermediates\\res\\default\\ResourceTable.txt',
  rawFileResource: 'K:\\study\\HarmonyOs\\code\\tank\\entry\\build\\default\\intermediates\\res\\default\\resources\\rawfile',
  resourceTableHash: '790527e39c8c2be7fbbc762f7966104e',
  runtimeOS: 'HarmonyOS',
  sdkInfo: 'false:20:6.0.0.47:Release',
  aceModuleRoot: 'K:\\study\\HarmonyOs\\code\\tank\\entry\\src\\main\\ets',
  compileMode: 'esmodule',
  aceSuperVisualPath: 'K:\\study\\HarmonyOs\\code\\tank\\entry\\src\\main\\supervisual',
  aceBuildJson: 'K:\\study\\HarmonyOs\\code\\tank\\entry\\build\\default\\intermediates\\loader\\default\\loader.json',
  cachePath: 'K:\\study\\HarmonyOs\\code\\tank\\entry\\build\\default\\cache\\default\\default@CompileArkTS\\esmodule\\debug',
  aceModuleBuild: 'K:\\study\\HarmonyOs\\code\\tank\\entry\\build\\default\\intermediates\\loader_out\\default\\ets',
  supportChunks: true,
  declaredFilesPath: undefined,
  shouldCollectDirectImportees: false,
  isByteCodeHarOptimize: false,
  expandImportPath: undefined,
  pkgNameToPkgBriefInfo: {
    entry: {
      pkgRoot: 'K:\\study\\HarmonyOs\\code\\tank\\entry',
      originalSourceRoots: undefined,
      sourceRoots: [Array],
      pkgName: 'entry'
    }
  },
  projectModel: {
    'K:\\study\\HarmonyOs\\code\\tank\\entry\\src\\main': {
      moduleName: 'entry',
      modulePkgPath: 'K:\\study\\HarmonyOs\\code\\tank\\entry',
      belongProjectPath: 'K:\\study\\HarmonyOs\\code\\tank'
    },
    'K:\\study\\HarmonyOs\\code\\tank\\entry': {
      moduleName: 'entry',
      modulePkgPath: 'K:\\study\\HarmonyOs\\code\\tank\\entry',
      belongProjectPath: 'K:\\study\\HarmonyOs\\code\\tank'
    },
    'K:\\study\\HarmonyOs\\code\\tank': {
      moduleName: 'tank',
      modulePkgPath: 'K:\\study\\HarmonyOs\\code\\tank',
      belongProjectPath: 'K:\\study\\HarmonyOs\\code\\tank'
    }
  },
  pkgJsonFileHash: '61e5e8cda19ab0fede564bae533c470b',
  allModulePaths: [ 'K:\\study\\HarmonyOs\\code\\tank\\entry' ],
  routerMap: {},
  obfuscationOptions: undefined,
  byteCodeHarToDependencyKeys: undefined,
  compileBlockPkg: [],
  mockParams: {
    decorator: '@MockSetup',
    packageName: '@ohos/hamock',
    etsSourceRootPath: 'src/main/ets',
    mockConfigPath: undefined,
    mockConfigKey2ModuleInfo: {},
    source2ModuleIdMap: {}
  },
  copyCodeResourceEnable: true,
  copyCodeResourceExcludes: [],
  copyCodeResourceIncludes: undefined,
  uiTransformOptimization: false,
  sdkPath: 'K:/study/HarmonyOs/software/DevEcoStudio/DevEco Studio/sdk',
  needPreloadSoFileSet: {},
  preloadSoFilePath: 'K:\\study\\HarmonyOs\\code\\tank\\entry\\build\\default\\intermediates\\preload\\default\\preload.json',
  useSourceHash: false,
  localModuleParamMap: {},
  otherPaths: {
    'entry/*': [
      '..\\*',
      '..\\..\\..\\build\\default\\generated\\profile\\default\\*'
    ]
  },
  collectImportersConfig: undefined
}
[2026-03-17T14:57:34.031] [DEBUG] debug-file - Compile arkts with external api path: K:\study\HarmonyOs\software\DevEcoStudio\DevEco Studio\sdk\default\hms\ets
[2026-03-17T14:57:34.032] [DEBUG] debug-file - default@CompileArkTS work[2] is submitted.
[2026-03-17T14:57:34.032] [DEBUG] debug-file - default@CompileArkTS work[2] is pushed to ready queue.
[2026-03-17T14:57:34.032] [DEBUG] debug-file - A work dispatched to worker[11] failed because unable to get work from ready queue.
[2026-03-17T14:57:34.032] [DEBUG] debug-file - A work dispatched to worker[10] failed because unable to get work from ready queue.
[2026-03-17T14:57:34.032] [DEBUG] debug-file - A work dispatched to worker[9] failed because unable to get work from ready queue.
[2026-03-17T14:57:34.033] [DEBUG] debug-file - A work dispatched to worker[8] failed because unable to get work from ready queue.
[2026-03-17T14:57:34.033] [DEBUG] debug-file - A work dispatched to worker[7] failed because unable to get work from ready queue.
[2026-03-17T14:57:34.033] [DEBUG] debug-file - A work dispatched to worker[6] failed because unable to get work from ready queue.
[2026-03-17T14:57:34.033] [DEBUG] debug-file - A work dispatched to worker[5] failed because unable to get work from ready queue.
[2026-03-17T14:57:34.033] [DEBUG] debug-file - default@CompileArkTS work[2] has been dispatched to worker[4].
[2026-03-17T14:57:34.033] [DEBUG] debug-file - default@CompileArkTS work[2] is dispatched.
[2026-03-17T14:57:34.033] [DEBUG] debug-file - CopyResources startTime: 7746704403500
[2026-03-17T14:57:34.033] [DEBUG] debug-file - default@CompileArkTS work[3] is submitted.
[2026-03-17T14:57:34.033] [DEBUG] debug-file - default@CompileArkTS work[3] is pushed to ready queue.
[2026-03-17T14:57:34.033] [DEBUG] debug-file - A work dispatched to worker[11] failed because unable to get work from ready queue.
[2026-03-17T14:57:34.034] [DEBUG] debug-file - Create  resident worker with id: 10.
[2026-03-17T14:57:34.035] [DEBUG] debug-file - default@CompileArkTS work[3] has been dispatched to worker[10].
[2026-03-17T14:57:34.035] [DEBUG] debug-file - default@CompileArkTS work[3] is dispatched.
[2026-03-17T14:57:34.035] [DEBUG] debug-file - entry : default@CompileArkTS cost memory -0.29335784912109375
[2026-03-17T14:57:34.036] [DEBUG] debug-file - Executing task :entry:default@BuildJS
[2026-03-17T14:57:34.038] [DEBUG] debug-file - entry : default@BuildJS cost memory 0.12105560302734375
[2026-03-17T14:57:34.039] [DEBUG] debug-file - runTaskFromQueue task cost before running: 222 ms 
[2026-03-17T14:57:34.039] [INFO] debug-file - Finished :entry:default@BuildJS... after 3 ms 
[2026-03-17T14:57:34.040] [DEBUG] debug-file - Executing task :entry:default@CacheNativeLibs
[2026-03-17T14:57:34.041] [DEBUG] debug-file - Task 'entry:default@CacheNativeLibs' cost while wrapping incremental declarations: 1 ms 
[2026-03-17T14:57:34.042] [DEBUG] debug-file - Incremental task entry:default@CacheNativeLibs pre-execution cost: 2 ms .
[2026-03-17T14:57:34.042] [DEBUG] debug-file - entry : default@CacheNativeLibs cost memory 0.10254669189453125
[2026-03-17T14:57:34.042] [INFO] debug-file - UP-TO-DATE :entry:default@CacheNativeLibs...  
[2026-03-17T14:57:35.001] [DEBUG] debug-file - worker[10] has one work done.
[2026-03-17T14:57:35.002] [DEBUG] debug-file - CopyResources is end, endTime: 7747672893600
[2026-03-17T14:57:35.002] [DEBUG] debug-file - default@CompileArkTS work[3] done.
[2026-03-17T14:57:35.002] [DEBUG] debug-file - A work dispatched to worker[10] failed because unable to get work from ready queue.
[2026-03-17T14:57:35.184] [DEBUG] debug-file - worker[4] has one work error.
[2026-03-17T14:57:35.185] [DEBUG] debug-file - default@CompileArkTS work[2] failed.
[2026-03-17T14:57:35.184] [DEBUG] debug-file - Ark compile task finished.finished time is 7747855260000
[2026-03-17T14:57:35.185] [ERROR] debug-file - Failed :entry:default@CompileArkTS... 
[2026-03-17T14:57:35.185] [WARN] debug-file - 
[33m1 WARN: [33m[33mArkTS:WARN: For details about ArkTS syntax errors, see FAQs[39m[39m
[2026-03-17T14:57:35.185] [DEBUG] debug-file - hvigor build process will be closed with an error.
[2026-03-17T14:57:35.187] [DEBUG] debug-file - ERROR: stacktrace = Error: Unexpected token (Note that you need plugins to import files that are not JavaScript)
K:\study\HarmonyOs\code\tank\entry\src\main\ets\pages\GamePage.ets:477
[31m1 ERROR: [31m10605090 ArkTS Compiler Error
Error Message: Function return type inference is limited (arkts-no-implicit-return-types) At File: K:/study/HarmonyOs/code/tank/entry/src/main/ets/pages/GamePage.ets:477:5
[39m
[39m
[31m2 ERROR: [31m10605008 ArkTS Compiler Error
Error Message: Use explicit types instead of "any", "unknown" (arkts-no-any-unknown) At File: K:/study/HarmonyOs/code/tank/entry/src/main/ets/pages/GamePage.ets:477:9
[39m
[39m
[31m3 ERROR: [31m10605008 ArkTS Compiler Error
Error Message: Use explicit types instead of "any", "unknown" (arkts-no-any-unknown) At File: K:/study/HarmonyOs/code/tank/entry/src/main/ets/pages/GamePage.ets:477:10
[39m
[39m
[31m4 ERROR: [31m10605008 ArkTS Compiler Error
Error Message: Use explicit types instead of "any", "unknown" (arkts-no-any-unknown) At File: K:/study/HarmonyOs/code/tank/entry/src/main/ets/pages/GamePage.ets:477:15
[39m
[39m
[31m5 ERROR: [31m10605008 ArkTS Compiler Error
Error Message: Use explicit types instead of "any", "unknown" (arkts-no-any-unknown) At File: K:/study/HarmonyOs/code/tank/entry/src/main/ets/pages/GamePage.ets:496:14
[39m
[39m
[31m6 ERROR: [31m10605008 ArkTS Compiler Error
Error Message: Use explicit types instead of "any", "unknown" (arkts-no-any-unknown) At File: K:/study/HarmonyOs/code/tank/entry/src/main/ets/pages/GamePage.ets:497:14
[39m
[39m
[31m7 ERROR: [31m10605008 ArkTS Compiler Error
Error Message: Use explicit types instead of "any", "unknown" (arkts-no-any-unknown) At File: K:/study/HarmonyOs/code/tank/entry/src/main/ets/pages/GamePage.ets:498:14
[39m
[39m
[31m8 ERROR: [31m10605008 ArkTS Compiler Error
Error Message: Use explicit types instead of "any", "unknown" (arkts-no-any-unknown) At File: K:/study/HarmonyOs/code/tank/entry/src/main/ets/pages/GamePage.ets:499:14
[39m
[39m
[31m9 ERROR: [31m10605008 ArkTS Compiler Error
Error Message: Use explicit types instead of "any", "unknown" (arkts-no-any-unknown) At File: K:/study/HarmonyOs/code/tank/entry/src/main/ets/pages/GamePage.ets:560:14
[39m
[39m
[31m10 ERROR: [31m10605008 ArkTS Compiler Error
Error Message: Use explicit types instead of "any", "unknown" (arkts-no-any-unknown) At File: K:/study/HarmonyOs/code/tank/entry/src/main/ets/pages/GamePage.ets:561:14
[39m
[39m
[31m11 ERROR: [31m10605008 ArkTS Compiler Error
Error Message: Use explicit types instead of "any", "unknown" (arkts-no-any-unknown) At File: K:/study/HarmonyOs/code/tank/entry/src/main/ets/pages/GamePage.ets:562:14
[39m
[39m
[31m12 ERROR: [31m10605008 ArkTS Compiler Error
Error Message: Use explicit types instead of "any", "unknown" (arkts-no-any-unknown) At File: K:/study/HarmonyOs/code/tank/entry/src/main/ets/pages/GamePage.ets:563:14
[39m
[39m
[31m13 ERROR: [31m10605008 ArkTS Compiler Error
Error Message: Use explicit types instead of "any", "unknown" (arkts-no-any-unknown) At File: K:/study/HarmonyOs/code/tank/entry/src/main/ets/pages/GamePage.ets:581:14
[39m
[39m
[31m14 ERROR: [31m10605008 ArkTS Compiler Error
Error Message: Use explicit types instead of "any", "unknown" (arkts-no-any-unknown) At File: K:/study/HarmonyOs/code/tank/entry/src/main/ets/pages/GamePage.ets:616:15
[39m
[39m
[31m15 ERROR: [31m10605008 ArkTS Compiler Error
Error Message: Use explicit types instead of "any", "unknown" (arkts-no-any-unknown) At File: K:/study/HarmonyOs/code/tank/entry/src/main/ets/pages/GamePage.ets:617:15
[39m
[39m
[31m16 ERROR: [31m10605093 ArkTS Compiler Error
Error Message: Using "this" inside stand-alone functions is not supported (arkts-no-standalone-this) At File: K:/study/HarmonyOs/code/tank/entry/src/main/ets/pages/GamePage.ets:638:7
[39m
[39m
[31m17 ERROR: [31m10605093 ArkTS Compiler Error
Error Message: Using "this" inside stand-alone functions is not supported (arkts-no-standalone-this) At File: K:/study/HarmonyOs/code/tank/entry/src/main/ets/pages/GamePage.ets:641:9
[39m
[39m
[31m18 ERROR: [31m10605093 ArkTS Compiler Error
Error Message: Using "this" inside stand-alone functions is not supported (arkts-no-standalone-this) At File: K:/study/HarmonyOs/code/tank/entry/src/main/ets/pages/GamePage.ets:642:9
[39m
[39m
[31m19 ERROR: [31m10605093 ArkTS Compiler Error
Error Message: Using "this" inside stand-alone functions is not supported (arkts-no-standalone-this) At File: K:/study/HarmonyOs/code/tank/entry/src/main/ets/pages/GamePage.ets:644:9
[39m
[39m
[31m20 ERROR: [31m10605093 ArkTS Compiler Error
Error Message: Using "this" inside stand-alone functions is not supported (arkts-no-standalone-this) At File: K:/study/HarmonyOs/code/tank/entry/src/main/ets/pages/GamePage.ets:646:12
[39m
[39m
[31m21 ERROR: [31m10605093 ArkTS Compiler Error
Error Message: Using "this" inside stand-alone functions is not supported (arkts-no-standalone-this) At File: K:/study/HarmonyOs/code/tank/entry/src/main/ets/pages/GamePage.ets:647:12
[39m
[39m
[31m22 ERROR: [31m10605093 ArkTS Compiler Error
Error Message: Using "this" inside stand-alone functions is not supported (arkts-no-standalone-this) At File: K:/study/HarmonyOs/code/tank/entry/src/main/ets/pages/GamePage.ets:651:9
[39m
[39m
[31m23 ERROR: [31m10605093 ArkTS Compiler Error
Error Message: Using "this" inside stand-alone functions is not supported (arkts-no-standalone-this) At File: K:/study/HarmonyOs/code/tank/entry/src/main/ets/pages/GamePage.ets:652:9
[39m
[39m
[31m24 ERROR: [31m10605093 ArkTS Compiler Error
Error Message: Using "this" inside stand-alone functions is not supported (arkts-no-standalone-this) At File: K:/study/HarmonyOs/code/tank/entry/src/main/ets/pages/GamePage.ets:654:9
[39m
[39m
[31m25 ERROR: [31m10605093 ArkTS Compiler Error
Error Message: Using "this" inside stand-alone functions is not supported (arkts-no-standalone-this) At File: K:/study/HarmonyOs/code/tank/entry/src/main/ets/pages/GamePage.ets:656:12
[39m
[39m
[31m26 ERROR: [31m10605093 ArkTS Compiler Error
Error Message: Using "this" inside stand-alone functions is not supported (arkts-no-standalone-this) At File: K:/study/HarmonyOs/code/tank/entry/src/main/ets/pages/GamePage.ets:657:12
[39m
[39m
[31m27 ERROR: [31m10605093 ArkTS Compiler Error
Error Message: Using "this" inside stand-alone functions is not supported (arkts-no-standalone-this) At File: K:/study/HarmonyOs/code/tank/entry/src/main/ets/pages/GamePage.ets:662:7
[39m
[39m
[31m28 ERROR: [31m10605093 ArkTS Compiler Error
Error Message: Using "this" inside stand-alone functions is not supported (arkts-no-standalone-this) At File: K:/study/HarmonyOs/code/tank/entry/src/main/ets/pages/GamePage.ets:664:9
[39m
[39m
[31m29 ERROR: [31m10605093 ArkTS Compiler Error
Error Message: Using "this" inside stand-alone functions is not supported (arkts-no-standalone-this) At File: K:/study/HarmonyOs/code/tank/entry/src/main/ets/pages/GamePage.ets:666:9
[39m
[39m
[31m30 ERROR: [31m10605093 ArkTS Compiler Error
Error Message: Using "this" inside stand-alone functions is not supported (arkts-no-standalone-this) At File: K:/study/HarmonyOs/code/tank/entry/src/main/ets/pages/GamePage.ets:670:7
[39m
[39m
[31m31 ERROR: [31m10605093 ArkTS Compiler Error
Error Message: Using "this" inside stand-alone functions is not supported (arkts-no-standalone-this) At File: K:/study/HarmonyOs/code/tank/entry/src/main/ets/pages/GamePage.ets:671:7
[39m
[39m
[31m32 ERROR: [31m10605093 ArkTS Compiler Error
Error Message: Using "this" inside stand-alone functions is not supported (arkts-no-standalone-this) At File: K:/study/HarmonyOs/code/tank/entry/src/main/ets/pages/GamePage.ets:672:7
[39m
[39m
[31m33 ERROR: [31m10605093 ArkTS Compiler Error
Error Message: Using "this" inside stand-alone functions is not supported (arkts-no-standalone-this) At File: K:/study/HarmonyOs/code/tank/entry/src/main/ets/pages/GamePage.ets:673:7
[39m
[39m
[31m34 ERROR: [31m10605093 ArkTS Compiler Error
Error Message: Using "this" inside stand-alone functions is not supported (arkts-no-standalone-this) At File: K:/study/HarmonyOs/code/tank/entry/src/main/ets/pages/GamePage.ets:675:7
[39m
[39m
[31m35 ERROR: [31m10605093 ArkTS Compiler Error
Error Message: Using "this" inside stand-alone functions is not supported (arkts-no-standalone-this) At File: K:/study/HarmonyOs/code/tank/entry/src/main/ets/pages/GamePage.ets:676:7
[39m
[39m
[31m36 ERROR: [31m10605093 ArkTS Compiler Error
Error Message: Using "this" inside stand-alone functions is not supported (arkts-no-standalone-this) At File: K:/study/HarmonyOs/code/tank/entry/src/main/ets/pages/GamePage.ets:677:7
[39m
[39m
[31m37 ERROR: [31m10605093 ArkTS Compiler Error
Error Message: Using "this" inside stand-alone functions is not supported (arkts-no-standalone-this) At File: K:/study/HarmonyOs/code/tank/entry/src/main/ets/pages/GamePage.ets:678:7
[39m
[39m
[31m38 ERROR: [31m10605093 ArkTS Compiler Error
Error Message: Using "this" inside stand-alone functions is not supported (arkts-no-standalone-this) At File: K:/study/HarmonyOs/code/tank/entry/src/main/ets/pages/GamePage.ets:681:7
[39m
[39m
[31m39 ERROR: [31m10605093 ArkTS Compiler Error
Error Message: Using "this" inside stand-alone functions is not supported (arkts-no-standalone-this) At File: K:/study/HarmonyOs/code/tank/entry/src/main/ets/pages/GamePage.ets:686:11
[39m
[39m
[31m40 ERROR: [31m10605093 ArkTS Compiler Error
Error Message: Using "this" inside stand-alone functions is not supported (arkts-no-standalone-this) At File: K:/study/HarmonyOs/code/tank/entry/src/main/ets/pages/GamePage.ets:687:11
[39m
[39m
[31m41 ERROR: [31m10605093 ArkTS Compiler Error
Error Message: Using "this" inside stand-alone functions is not supported (arkts-no-standalone-this) At File: K:/study/HarmonyOs/code/tank/entry/src/main/ets/pages/GamePage.ets:687:47
[39m
[39m
[31m42 ERROR: [31m10605093 ArkTS Compiler Error
Error Message: Using "this" inside stand-alone functions is not supported (arkts-no-standalone-this) At File: K:/study/HarmonyOs/code/tank/entry/src/main/ets/pages/GamePage.ets:690:11
[39m
[39m
[31m43 ERROR: [31m10605093 ArkTS Compiler Error
Error Message: Using "this" inside stand-alone functions is not supported (arkts-no-standalone-this) At File: K:/study/HarmonyOs/code/tank/entry/src/main/ets/pages/GamePage.ets:691:11
[39m
[39m
[31m44 ERROR: [31m10605093 ArkTS Compiler Error
Error Message: Using "this" inside stand-alone functions is not supported (arkts-no-standalone-this) At File: K:/study/HarmonyOs/code/tank/entry/src/main/ets/pages/GamePage.ets:691:47
[39m
[39m
[31m45 ERROR: [31m10605093 ArkTS Compiler Error
Error Message: Using "this" inside stand-alone functions is not supported (arkts-no-standalone-this) At File: K:/study/HarmonyOs/code/tank/entry/src/main/ets/pages/GamePage.ets:694:11
[39m
[39m
[31m46 ERROR: [31m10605093 ArkTS Compiler Error
Error Message: Using "this" inside stand-alone functions is not supported (arkts-no-standalone-this) At File: K:/study/HarmonyOs/code/tank/entry/src/main/ets/pages/GamePage.ets:695:11
[39m
[39m
[31m47 ERROR: [31m10605093 ArkTS Compiler Error
Error Message: Using "this" inside stand-alone functions is not supported (arkts-no-standalone-this) At File: K:/study/HarmonyOs/code/tank/entry/src/main/ets/pages/GamePage.ets:695:47
[39m
[39m
[31m48 ERROR: [31m10605093 ArkTS Compiler Error
Error Message: Using "this" inside stand-alone functions is not supported (arkts-no-standalone-this) At File: K:/study/HarmonyOs/code/tank/entry/src/main/ets/pages/GamePage.ets:698:11
[39m
[39m
[31m49 ERROR: [31m10605093 ArkTS Compiler Error
Error Message: Using "this" inside stand-alone functions is not supported (arkts-no-standalone-this) At File: K:/study/HarmonyOs/code/tank/entry/src/main/ets/pages/GamePage.ets:699:11
[39m
[39m
[31m50 ERROR: [31m10605093 ArkTS Compiler Error
Error Message: Using "this" inside stand-alone functions is not supported (arkts-no-standalone-this) At File: K:/study/HarmonyOs/code/tank/entry/src/main/ets/pages/GamePage.ets:699:47
[39m
[39m
[31m51 ERROR: [31m10605008 ArkTS Compiler Error
Error Message: Use explicit types instead of "any", "unknown" (arkts-no-any-unknown) At File: K:/study/HarmonyOs/code/tank/entry/src/main/ets/pages/GamePage.ets:708:14
[39m
[39m
[31m52 ERROR: [31m10605008 ArkTS Compiler Error
Error Message: Use explicit types instead of "any", "unknown" (arkts-no-any-unknown) At File: K:/study/HarmonyOs/code/tank/entry/src/main/ets/pages/GamePage.ets:713:14
[39m
[39m
[31m53 ERROR: [31m10605008 ArkTS Compiler Error
Error Message: Use explicit types instead of "any", "unknown" (arkts-no-any-unknown) At File: K:/study/HarmonyOs/code/tank/entry/src/main/ets/pages/GamePage.ets:715:13
[39m
[39m
[31m54 ERROR: [31m10605008 ArkTS Compiler Error
Error Message: Use explicit types instead of "any", "unknown" (arkts-no-any-unknown) At File: K:/study/HarmonyOs/code/tank/entry/src/main/ets/pages/GamePage.ets:716:13
[39m
[39m
[31m55 ERROR: [31m10605008 ArkTS Compiler Error
Error Message: Use explicit types instead of "any", "unknown" (arkts-no-any-unknown) At File: K:/study/HarmonyOs/code/tank/entry/src/main/ets/pages/GamePage.ets:732:14
[39m
[39m
[31m56 ERROR: [31m10605008 ArkTS Compiler Error
Error Message: Use explicit types instead of "any", "unknown" (arkts-no-any-unknown) At File: K:/study/HarmonyOs/code/tank/entry/src/main/ets/pages/GamePage.ets:734:14
[39m
[39m
[31m57 ERROR: [31m10605008 ArkTS Compiler Error
Error Message: Use explicit types instead of "any", "unknown" (arkts-no-any-unknown) At File: K:/study/HarmonyOs/code/tank/entry/src/main/ets/pages/GamePage.ets:735:14
[39m
[39m
[31m58 ERROR: [31m10605093 ArkTS Compiler Error
Error Message: Using "this" inside stand-alone functions is not supported (arkts-no-standalone-this) At File: K:/study/HarmonyOs/code/tank/entry/src/main/ets/pages/GamePage.ets:819:18
[39m
[39m
[31m59 ERROR: [31m10605093 ArkTS Compiler Error
Error Message: Using "this" inside stand-alone functions is not supported (arkts-no-standalone-this) At File: K:/study/HarmonyOs/code/tank/entry/src/main/ets/pages/GamePage.ets:819:40
[39m
[39m
[31m60 ERROR: [31m10605093 ArkTS Compiler Error
Error Message: Using "this" inside stand-alone functions is not supported (arkts-no-standalone-this) At File: K:/study/HarmonyOs/code/tank/entry/src/main/ets/pages/GamePage.ets:820:18
[39m
[39m
[31m61 ERROR: [31m10605093 ArkTS Compiler Error
Error Message: Using "this" inside stand-alone functions is not supported (arkts-no-standalone-this) At File: K:/study/HarmonyOs/code/tank/entry/src/main/ets/pages/GamePage.ets:820:41
[39m
[39m
[31m62 ERROR: [31m10605093 ArkTS Compiler Error
Error Message: Using "this" inside stand-alone functions is not supported (arkts-no-standalone-this) At File: K:/study/HarmonyOs/code/tank/entry/src/main/ets/pages/GamePage.ets:822:18
[39m
[39m
[31m63 ERROR: [31m10605093 ArkTS Compiler Error
Error Message: Using "this" inside stand-alone functions is not supported (arkts-no-standalone-this) At File: K:/study/HarmonyOs/code/tank/entry/src/main/ets/pages/GamePage.ets:909:14
[39m
[39m
[31m64 ERROR: [31m10605093 ArkTS Compiler Error
Error Message: Using "this" inside stand-alone functions is not supported (arkts-no-standalone-this) At File: K:/study/HarmonyOs/code/tank/entry/src/main/ets/pages/GamePage.ets:910:12
[39m
[39m
[31m65 ERROR: [31m10605093 ArkTS Compiler Error
Error Message: Using "this" inside stand-alone functions is not supported (arkts-no-standalone-this) At File: K:/study/HarmonyOs/code/tank/entry/src/main/ets/pages/GamePage.ets:914:80
[39m
[39m
[31m66 ERROR: [31m10605093 ArkTS Compiler Error
Error Message: Using "this" inside stand-alone functions is not supported (arkts-no-standalone-this) At File: K:/study/HarmonyOs/code/tank/entry/src/main/ets/pages/GamePage.ets:915:87
[39m
[39m
[31m67 ERROR: [31m10605093 ArkTS Compiler Error
Error Message: Using "this" inside stand-alone functions is not supported (arkts-no-standalone-this) At File: K:/study/HarmonyOs/code/tank/entry/src/main/ets/pages/GamePage.ets:916:87
[39m
[39m
[31m68 ERROR: [31m10605093 ArkTS Compiler Error
Error Message: Using "this" inside stand-alone functions is not supported (arkts-no-standalone-this) At File: K:/study/HarmonyOs/code/tank/entry/src/main/ets/pages/GamePage.ets:917:88
[39m
[39m
[31m69 ERROR: [31m10605093 ArkTS Compiler Error
Error Message: Using "this" inside stand-alone functions is not supported (arkts-no-standalone-this) At File: K:/study/HarmonyOs/code/tank/entry/src/main/ets/pages/GamePage.ets:921:49
[39m
[39m
[31m70 ERROR: [31m10605093 ArkTS Compiler Error
Error Message: Using "this" inside stand-alone functions is not supported (arkts-no-standalone-this) At File: K:/study/HarmonyOs/code/tank/entry/src/main/ets/pages/GamePage.ets:921:69
[39m
[39m
[31m71 ERROR: [31m10605093 ArkTS Compiler Error
Error Message: Using "this" inside stand-alone functions is not supported (arkts-no-standalone-this) At File: K:/study/HarmonyOs/code/tank/entry/src/main/ets/pages/GamePage.ets:921:88
[39m
[39m
[31m72 ERROR: [31m10605093 ArkTS Compiler Error
Error Message: Using "this" inside stand-alone functions is not supported (arkts-no-standalone-this) At File: K:/study/HarmonyOs/code/tank/entry/src/main/ets/pages/GamePage.ets:922:12
[39m
[39m
[31m73 ERROR: [31m10605093 ArkTS Compiler Error
Error Message: Using "this" inside stand-alone functions is not supported (arkts-no-standalone-this) At File: K:/study/HarmonyOs/code/tank/entry/src/main/ets/pages/GamePage.ets:926:9
[39m
[39m
[31m74 ERROR: [31m10605093 ArkTS Compiler Error
Error Message: Using "this" inside stand-alone functions is not supported (arkts-no-standalone-this) At File: K:/study/HarmonyOs/code/tank/entry/src/main/ets/pages/GamePage.ets:929:77
[39m
[39m
[31m75 ERROR: [31m10605093 ArkTS Compiler Error
Error Message: Using "this" inside stand-alone functions is not supported (arkts-no-standalone-this) At File: K:/study/HarmonyOs/code/tank/entry/src/main/ets/pages/GamePage.ets:930:84
[39m
[39m
[31m76 ERROR: [31m10605093 ArkTS Compiler Error
Error Message: Using "this" inside stand-alone functions is not supported (arkts-no-standalone-this) At File: K:/study/HarmonyOs/code/tank/entry/src/main/ets/pages/GamePage.ets:931:84
[39m
[39m
[31m77 ERROR: [31m10605093 ArkTS Compiler Error
Error Message: Using "this" inside stand-alone functions is not supported (arkts-no-standalone-this) At File: K:/study/HarmonyOs/code/tank/entry/src/main/ets/pages/GamePage.ets:932:85
[39m
[39m
[31m78 ERROR: [31m10505001 ArkTS Compiler Error
Error Message: Identifier expected. At File: K:/study/HarmonyOs/code/tank/entry/src/main/ets/pages/GamePage.ets:477:9
[39m
[39m
[31m79 ERROR: [31m10505001 ArkTS Compiler Error
Error Message: ',' expected. At File: K:/study/HarmonyOs/code/tank/entry/src/main/ets/pages/GamePage.ets:477:14
[39m
[39m
[31m80 ERROR: [31m10505001 ArkTS Compiler Error
Error Message: ',' expected. At File: K:/study/HarmonyOs/code/tank/entry/src/main/ets/pages/GamePage.ets:477:31
[39m
[39m
[31m81 ERROR: [31m10505001 ArkTS Compiler Error
Error Message: ';' expected. At File: K:/study/HarmonyOs/code/tank/entry/src/main/ets/pages/GamePage.ets:477:149
[39m
[39m
[31m82 ERROR: [31m10505001 ArkTS Compiler Error
Error Message: Declaration or statement expected. At File: K:/study/HarmonyOs/code/tank/entry/src/main/ets/pages/GamePage.ets:481:3
[39m
[39m
[31m83 ERROR: [31m10505001 ArkTS Compiler Error
Error Message: ';' expected. At File: K:/study/HarmonyOs/code/tank/entry/src/main/ets/pages/GamePage.ets:483:10
[39m
[39m
[31m84 ERROR: [31m10505001 ArkTS Compiler Error
Error Message: ';' expected. At File: K:/study/HarmonyOs/code/tank/entry/src/main/ets/pages/GamePage.ets:785:11
[39m
[39m
[31m85 ERROR: [31m10505001 ArkTS Compiler Error
Error Message: ';' expected. At File: K:/study/HarmonyOs/code/tank/entry/src/main/ets/pages/GamePage.ets:786:13
[39m
[39m
[31m86 ERROR: [31m10505001 ArkTS Compiler Error
Error Message: ';' expected. At File: K:/study/HarmonyOs/code/tank/entry/src/main/ets/pages/GamePage.ets:787:16
[39m
[39m
[31m87 ERROR: [31m10505001 ArkTS Compiler Error
Error Message: ';' expected. At File: K:/study/HarmonyOs/code/tank/entry/src/main/ets/pages/GamePage.ets:789:15
[39m
[39m
[31m88 ERROR: [31m10505001 ArkTS Compiler Error
Error Message: Declaration or statement expected. At File: K:/study/HarmonyOs/code/tank/entry/src/main/ets/pages/GamePage.ets:795:9
[39m
[39m
[31m89 ERROR: [31m10505001 ArkTS Compiler Error
Error Message: ';' expected. At File: K:/study/HarmonyOs/code/tank/entry/src/main/ets/pages/GamePage.ets:800:17
[39m
[39m
[31m90 ERROR: [31m10505001 ArkTS Compiler Error
Error Message: ';' expected. At File: K:/study/HarmonyOs/code/tank/entry/src/main/ets/pages/GamePage.ets:827:22
[39m
[39m
[31m91 ERROR: [31m10505001 ArkTS Compiler Error
Error Message: ';' expected. At File: K:/study/HarmonyOs/code/tank/entry/src/main/ets/pages/GamePage.ets:829:21
[39m
[39m
[31m92 ERROR: [31m10505001 ArkTS Compiler Error
Error Message: Declaration or statement expected. At File: K:/study/HarmonyOs/code/tank/entry/src/main/ets/pages/GamePage.ets:832:16
[39m
[39m
[31m93 ERROR: [31m10505001 ArkTS Compiler Error
Error Message: ';' expected. At File: K:/study/HarmonyOs/code/tank/entry/src/main/ets/pages/GamePage.ets:835:24
[39m
[39m
[31m94 ERROR: [31m10505001 ArkTS Compiler Error
Error Message: Declaration or statement expected. At File: K:/study/HarmonyOs/code/tank/entry/src/main/ets/pages/GamePage.ets:840:16
[39m
[39m
[31m95 ERROR: [31m10505001 ArkTS Compiler Error
Error Message: ';' expected. At File: K:/study/HarmonyOs/code/tank/entry/src/main/ets/pages/GamePage.ets:843:24
[39m
[39m
[31m96 ERROR: [31m10505001 ArkTS Compiler Error
Error Message: ';' expected. At File: K:/study/HarmonyOs/code/tank/entry/src/main/ets/pages/GamePage.ets:844:23
[39m
[39m
[31m97 ERROR: [31m10505001 ArkTS Compiler Error
Error Message: Declaration or statement expected. At File: K:/study/HarmonyOs/code/tank/entry/src/main/ets/pages/GamePage.ets:848:18
[39m
[39m
[31m98 ERROR: [31m10505001 ArkTS Compiler Error
Error Message: ';' expected. At File: K:/study/HarmonyOs/code/tank/entry/src/main/ets/pages/GamePage.ets:850:23
[39m
[39m
[31m99 ERROR: [31m10505001 ArkTS Compiler Error
Error Message: Declaration or statement expected. At File: K:/study/HarmonyOs/code/tank/entry/src/main/ets/pages/GamePage.ets:853:18
[39m
[39m
[31m100 ERROR: [31m10505001 ArkTS Compiler Error
Error Message: Declaration or statement expected. At File: K:/study/HarmonyOs/code/tank/entry/src/main/ets/pages/GamePage.ets:857:16
[39m
[39m
[31m101 ERROR: [31m10505001 ArkTS Compiler Error
Error Message: ';' expected. At File: K:/study/HarmonyOs/code/tank/entry/src/main/ets/pages/GamePage.ets:860:24
[39m
[39m
[31m102 ERROR: [31m10505001 ArkTS Compiler Error
Error Message: Declaration or statement expected. At File: K:/study/HarmonyOs/code/tank/entry/src/main/ets/pages/GamePage.ets:864:16
[39m
[39m
[31m103 ERROR: [31m10505001 ArkTS Compiler Error
Error Message: Declaration or statement expected. At File: K:/study/HarmonyOs/code/tank/entry/src/main/ets/pages/GamePage.ets:867:13
[39m
[39m
[31m104 ERROR: [31m10505001 ArkTS Compiler Error
Error Message: ';' expected. At File: K:/study/HarmonyOs/code/tank/entry/src/main/ets/pages/GamePage.ets:874:23
[39m
[39m
[31m105 ERROR: [31m10505001 ArkTS Compiler Error
Error Message: Declaration or statement expected. At File: K:/study/HarmonyOs/code/tank/entry/src/main/ets/pages/GamePage.ets:878:14
[39m
[39m
[31m106 ERROR: [31m10505001 ArkTS Compiler Error
Error Message: ';' expected. At File: K:/study/HarmonyOs/code/tank/entry/src/main/ets/pages/GamePage.ets:885:23
[39m
[39m
[31m107 ERROR: [31m10505001 ArkTS Compiler Error
Error Message: Declaration or statement expected. At File: K:/study/HarmonyOs/code/tank/entry/src/main/ets/pages/GamePage.ets:889:14
[39m
[39m
[31m108 ERROR: [31m10505001 ArkTS Compiler Error
Error Message: Declaration or statement expected. At File: K:/study/HarmonyOs/code/tank/entry/src/main/ets/pages/GamePage.ets:898:5
[39m
[39m
[31m109 ERROR: [31m10505001 ArkTS Compiler Error
Error Message: Declaration or statement expected. At File: K:/study/HarmonyOs/code/tank/entry/src/main/ets/pages/GamePage.ets:936:1
[39m
[39m
[31m110 ERROR: [31m10505001 ArkTS Compiler Error
Error Message: Property 'draw' does not exist on type 'GamePage'. At File: K:/study/HarmonyOs/code/tank/entry/src/main/ets/pages/GamePage.ets:172:12
[39m
[39m
[31m111 ERROR: [31m10505001 ArkTS Compiler Error
Error Message: Property 'isDestroyed' does not exist on type 'Bullet'. At File: K:/study/HarmonyOs/code/tank/entry/src/main/ets/pages/GamePage.ets:382:11
[39m
[39m
[31m112 ERROR: [31m10505001 ArkTS Compiler Error
Error Message: Expected 3 arguments, but got 2. At File: K:/study/HarmonyOs/code/tank/entry/src/main/ets/pages/GamePage.ets:391:35
[39m
[39m
[31m113 ERROR: [31m10505001 ArkTS Compiler Error
Error Message: Expected 3 arguments, but got 2. At File: K:/study/HarmonyOs/code/tank/entry/src/main/ets/pages/GamePage.ets:396:33
[39m
[39m
[31m114 ERROR: [31m10505001 ArkTS Compiler Error
Error Message: A 'this' parameter must be the first parameter. At File: K:/study/HarmonyOs/code/tank/entry/src/main/ets/pages/GamePage.ets:477:10
[39m
[39m
[31m115 ERROR: [31m10505001 ArkTS Compiler Error
Error Message: Cannot find name 'x'. At File: K:/study/HarmonyOs/code/tank/entry/src/main/ets/pages/GamePage.ets:477:61
[39m
[39m
[31m116 ERROR: [31m10505001 ArkTS Compiler Error
Error Message: Cannot find name 'y'. At File: K:/study/HarmonyOs/code/tank/entry/src/main/ets/pages/GamePage.ets:477:64
[39m
[39m
[31m117 ERROR: [31m10505001 ArkTS Compiler Error
Error Message: Cannot find name 'w'. At File: K:/study/HarmonyOs/code/tank/entry/src/main/ets/pages/GamePage.ets:477:67
[39m
[39m
[31m118 ERROR: [31m10505001 ArkTS Compiler Error
Error Message: Cannot find name 'h'. At File: K:/study/HarmonyOs/code/tank/entry/src/main/ets/pages/GamePage.ets:477:70
[39m
[39m
[31m119 ERROR: [31m10505001 ArkTS Compiler Error
Error Message: Object is possibly 'undefined'. At File: K:/study/HarmonyOs/code/tank/entry/src/main/ets/pages/GamePage.ets:477:73
[39m
[39m
[31m120 ERROR: [31m10505001 ArkTS Compiler Error
Error Message: Object is possibly 'undefined'. At File: K:/study/HarmonyOs/code/tank/entry/src/main/ets/pages/GamePage.ets:477:90
[39m
[39m
[31m121 ERROR: [31m10505001 ArkTS Compiler Error
Error Message: Object is possibly 'undefined'. At File: K:/study/HarmonyOs/code/tank/entry/src/main/ets/pages/GamePage.ets:477:107
[39m
[39m
[31m122 ERROR: [31m10505001 ArkTS Compiler Error
Error Message: Object is possibly 'undefined'. At File: K:/study/HarmonyOs/code/tank/entry/src/main/ets/pages/GamePage.ets:477:128
[39m
[39m
[31m123 ERROR: [31m10505001 ArkTS Compiler Error
Error Message: Cannot find name 'draw'. At File: K:/study/HarmonyOs/code/tank/entry/src/main/ets/pages/GamePage.ets:483:3
[39m
[39m
[31m124 ERROR: [31m10505001 ArkTS Compiler Error
Error Message: Object is possibly 'undefined'. At File: K:/study/HarmonyOs/code/tank/entry/src/main/ets/pages/GamePage.ets:485:5
[39m
[39m
[31m125 ERROR: [31m10505001 ArkTS Compiler Error
Error Message: Object is possibly 'undefined'. At File: K:/study/HarmonyOs/code/tank/entry/src/main/ets/pages/GamePage.ets:488:5
[39m
[39m
[31m126 ERROR: [31m10505001 ArkTS Compiler Error
Error Message: Object is possibly 'undefined'. At File: K:/study/HarmonyOs/code/tank/entry/src/main/ets/pages/GamePage.ets:488:24
[39m
[39m
[31m127 ERROR: [31m10505001 ArkTS Compiler Error
Error Message: Object is possibly 'undefined'. At File: K:/study/HarmonyOs/code/tank/entry/src/main/ets/pages/GamePage.ets:488:37
[39m
[39m
[31m128 ERROR: [31m10505001 ArkTS Compiler Error
Error Message: Object is possibly 'undefined'. At File: K:/study/HarmonyOs/code/tank/entry/src/main/ets/pages/GamePage.ets:491:5
[39m
[39m
[31m129 ERROR: [31m10505001 ArkTS Compiler Error
Error Message: Object is possibly 'undefined'. At File: K:/study/HarmonyOs/code/tank/entry/src/main/ets/pages/GamePage.ets:492:5
[39m
[39m
[31m130 ERROR: [31m10505001 ArkTS Compiler Error
Error Message: Object is possibly 'undefined'. At File: K:/study/HarmonyOs/code/tank/entry/src/main/ets/pages/GamePage.ets:492:33
[39m
[39m
[31m131 ERROR: [31m10505001 ArkTS Compiler Error
Error Message: Object is possibly 'undefined'. At File: K:/study/HarmonyOs/code/tank/entry/src/main/ets/pages/GamePage.ets:492:51
[39m
[39m
[31m132 ERROR: [31m10505001 ArkTS Compiler Error
Error Message: Object is possibly 'undefined'. At File: K:/study/HarmonyOs/code/tank/entry/src/main/ets/pages/GamePage.ets:495:10
[39m
[39m
[31m133 ERROR: [31m10505001 ArkTS Compiler Error
Error Message: Object is possibly 'undefined'. At File: K:/study/HarmonyOs/code/tank/entry/src/main/ets/pages/GamePage.ets:496:19
[39m
[39m
[31m134 ERROR: [31m10505001 ArkTS Compiler Error
Error Message: Object is possibly 'undefined'. At File: K:/study/HarmonyOs/code/tank/entry/src/main/ets/pages/GamePage.ets:497:19
[39m
[39m
[31m135 ERROR: [31m10505001 ArkTS Compiler Error
Error Message: Object is possibly 'undefined'. At File: K:/study/HarmonyOs/code/tank/entry/src/main/ets/pages/GamePage.ets:498:19
[39m
[39m
[31m136 ERROR: [31m10505001 ArkTS Compiler Error
Error Message: Object is possibly 'undefined'. At File: K:/study/HarmonyOs/code/tank/entry/src/main/ets/pages/GamePage.ets:499:19
[39m
[39m
[31m137 ERROR: [31m10505001 ArkTS Compiler Error
Error Message: Object is possibly 'undefined'. At File: K:/study/HarmonyOs/code/tank/entry/src/main/ets/pages/GamePage.ets:502:8
[39m
[39m
[31m138 ERROR: [31m10505001 ArkTS Compiler Error
Error Message: Object is possibly 'undefined'. At File: K:/study/HarmonyOs/code/tank/entry/src/main/ets/pages/GamePage.ets:503:8
[39m
[39m
[31m139 ERROR: [31m10505001 ArkTS Compiler Error
Error Message: Object is possibly 'undefined'. At File: K:/study/HarmonyOs/code/tank/entry/src/main/ets/pages/GamePage.ets:506:8
[39m
[39m
[31m140 ERROR: [31m10505001 ArkTS Compiler Error
Error Message: Object is possibly 'undefined'. At File: K:/study/HarmonyOs/code/tank/entry/src/main/ets/pages/GamePage.ets:508:8
[39m
[39m
[31m141 ERROR: [31m10505001 ArkTS Compiler Error
Error Message: Object is possibly 'undefined'. At File: K:/study/HarmonyOs/code/tank/entry/src/main/ets/pages/GamePage.ets:510:8
[39m
[39m
[31m142 ERROR: [31m10505001 ArkTS Compiler Error
Error Message: Object is possibly 'undefined'. At File: K:/study/HarmonyOs/code/tank/entry/src/main/ets/pages/GamePage.ets:511:8
[39m
[39m
[31m143 ERROR: [31m10505001 ArkTS Compiler Error
Error Message: Object is possibly 'undefined'. At File: K:/study/HarmonyOs/code/tank/entry/src/main/ets/pages/GamePage.ets:514:8
[39m
[39m
[31m144 ERROR: [31m10505001 ArkTS Compiler Error
Error Message: Object is possibly 'undefined'. At File: K:/study/HarmonyOs/code/tank/entry/src/main/ets/pages/GamePage.ets:515:8
[39m
[39m
[31m145 ERROR: [31m10505001 ArkTS Compiler Error
Error Message: Object is possibly 'undefined'. At File: K:/study/HarmonyOs/code/tank/entry/src/main/ets/pages/GamePage.ets:516:8
[39m
[39m
[31m146 ERROR: [31m10505001 ArkTS Compiler Error
Error Message: Object is possibly 'undefined'. At File: K:/study/HarmonyOs/code/tank/entry/src/main/ets/pages/GamePage.ets:517:8
[39m
[39m
[31m147 ERROR: [31m10505001 ArkTS Compiler Error
Error Message: Object is possibly 'undefined'. At File: K:/study/HarmonyOs/code/tank/entry/src/main/ets/pages/GamePage.ets:518:8
[39m
[39m
[31m148 ERROR: [31m10505001 ArkTS Compiler Error
Error Message: Object is possibly 'undefined'. At File: K:/study/HarmonyOs/code/tank/entry/src/main/ets/pages/GamePage.ets:519:8
[39m
[39m
[31m149 ERROR: [31m10505001 ArkTS Compiler Error
Error Message: Object is possibly 'undefined'. At File: K:/study/HarmonyOs/code/tank/entry/src/main/ets/pages/GamePage.ets:522:8
[39m
[39m
[31m150 ERROR: [31m10505001 ArkTS Compiler Error
Error Message: Object is possibly 'undefined'. At File: K:/study/HarmonyOs/code/tank/entry/src/main/ets/pages/GamePage.ets:523:8
[39m
[39m
[31m151 ERROR: [31m10505001 ArkTS Compiler Error
Error Message: Object is possibly 'undefined'. At File: K:/study/HarmonyOs/code/tank/entry/src/main/ets/pages/GamePage.ets:524:8
[39m
[39m
[31m152 ERROR: [31m10505001 ArkTS Compiler Error
Error Message: Object is possibly 'undefined'. At File: K:/study/HarmonyOs/code/tank/entry/src/main/ets/pages/GamePage.ets:525:8
[39m
[39m
[31m153 ERROR: [31m10505001 ArkTS Compiler Error
Error Message: Object is possibly 'undefined'. At File: K:/study/HarmonyOs/code/tank/entry/src/main/ets/pages/GamePage.ets:526:8
[39m
[39m
[31m154 ERROR: [31m10505001 ArkTS Compiler Error
Error Message: Object is possibly 'undefined'. At File: K:/study/HarmonyOs/code/tank/entry/src/main/ets/pages/GamePage.ets:527:8
[39m
[39m
[31m155 ERROR: [31m10505001 ArkTS Compiler Error
Error Message: Object is possibly 'undefined'. At File: K:/study/HarmonyOs/code/tank/entry/src/main/ets/pages/GamePage.ets:530:8
[39m
[39m
[31m156 ERROR: [31m10505001 ArkTS Compiler Error
Error Message: Object is possibly 'undefined'. At File: K:/study/HarmonyOs/code/tank/entry/src/main/ets/pages/GamePage.ets:531:8
[39m
[39m
[31m157 ERROR: [31m10505001 ArkTS Compiler Error
Error Message: Object is possibly 'undefined'. At File: K:/study/HarmonyOs/code/tank/entry/src/main/ets/pages/GamePage.ets:532:8
[39m
[39m
[31m158 ERROR: [31m10505001 ArkTS Compiler Error
Error Message: Object is possibly 'undefined'. At File: K:/study/HarmonyOs/code/tank/entry/src/main/ets/pages/GamePage.ets:533:8
[39m
[39m
[31m159 ERROR: [31m10505001 ArkTS Compiler Error
Error Message: Object is possibly 'undefined'. At File: K:/study/HarmonyOs/code/tank/entry/src/main/ets/pages/GamePage.ets:534:8
[39m
[39m
[31m160 ERROR: [31m10505001 ArkTS Compiler Error
Error Message: Object is possibly 'undefined'. At File: K:/study/HarmonyOs/code/tank/entry/src/main/ets/pages/GamePage.ets:535:8
[39m
[39m
[31m161 ERROR: [31m10505001 ArkTS Compiler Error
Error Message: Object is possibly 'undefined'. At File: K:/study/HarmonyOs/code/tank/entry/src/main/ets/pages/GamePage.ets:538:8
[39m
[39m
[31m162 ERROR: [31m10505001 ArkTS Compiler Error
Error Message: Object is possibly 'undefined'. At File: K:/study/HarmonyOs/code/tank/entry/src/main/ets/pages/GamePage.ets:539:8
[39m
[39m
[31m163 ERROR: [31m10505001 ArkTS Compiler Error
Error Message: Object is possibly 'undefined'. At File: K:/study/HarmonyOs/code/tank/entry/src/main/ets/pages/GamePage.ets:540:8
[39m
[39m
[31m164 ERROR: [31m10505001 ArkTS Compiler Error
Error Message: Object is possibly 'undefined'. At File: K:/study/HarmonyOs/code/tank/entry/src/main/ets/pages/GamePage.ets:541:8
[39m
[39m
[31m165 ERROR: [31m10505001 ArkTS Compiler Error
Error Message: Object is possibly 'undefined'. At File: K:/study/HarmonyOs/code/tank/entry/src/main/ets/pages/GamePage.ets:542:8
[39m
[39m
[31m166 ERROR: [31m10505001 ArkTS Compiler Error
Error Message: Object is possibly 'undefined'. At File: K:/study/HarmonyOs/code/tank/entry/src/main/ets/pages/GamePage.ets:543:8
[39m
[39m
[31m167 ERROR: [31m10505001 ArkTS Compiler Error
Error Message: Object is possibly 'undefined'. At File: K:/study/HarmonyOs/code/tank/entry/src/main/ets/pages/GamePage.ets:546:8
[39m
[39m
[31m168 ERROR: [31m10505001 ArkTS Compiler Error
Error Message: Object is possibly 'undefined'. At File: K:/study/HarmonyOs/code/tank/entry/src/main/ets/pages/GamePage.ets:547:8
[39m
[39m
[31m169 ERROR: [31m10505001 ArkTS Compiler Error
Error Message: Object is possibly 'undefined'. At File: K:/study/HarmonyOs/code/tank/entry/src/main/ets/pages/GamePage.ets:548:8
[39m
[39m
[31m170 ERROR: [31m10505001 ArkTS Compiler Error
Error Message: Object is possibly 'undefined'. At File: K:/study/HarmonyOs/code/tank/entry/src/main/ets/pages/GamePage.ets:551:8
[39m
[39m
[31m171 ERROR: [31m10505001 ArkTS Compiler Error
Error Message: Object is possibly 'undefined'. At File: K:/study/HarmonyOs/code/tank/entry/src/main/ets/pages/GamePage.ets:552:8
[39m
[39m
[31m172 ERROR: [31m10505001 ArkTS Compiler Error
Error Message: Object is possibly 'undefined'. At File: K:/study/HarmonyOs/code/tank/entry/src/main/ets/pages/GamePage.ets:553:8
[39m
[39m
[31m173 ERROR: [31m10505001 ArkTS Compiler Error
Error Message: Object is possibly 'undefined'. At File: K:/study/HarmonyOs/code/tank/entry/src/main/ets/pages/GamePage.ets:554:8
[39m
[39m
[31m174 ERROR: [31m10505001 ArkTS Compiler Error
Error Message: Object is possibly 'undefined'. At File: K:/study/HarmonyOs/code/tank/entry/src/main/ets/pages/GamePage.ets:555:8
[39m
[39m
[31m175 ERROR: [31m10505001 ArkTS Compiler Error
Error Message: Object is possibly 'undefined'. At File: K:/study/HarmonyOs/code/tank/entry/src/main/ets/pages/GamePage.ets:556:8
[39m
[39m
[31m176 ERROR: [31m10505001 ArkTS Compiler Error
Error Message: Object is possibly 'undefined'. At File: K:/study/HarmonyOs/code/tank/entry/src/main/ets/pages/GamePage.ets:560:19
[39m
[39m
[31m177 ERROR: [31m10505001 ArkTS Compiler Error
Error Message: Object is possibly 'undefined'. At File: K:/study/HarmonyOs/code/tank/entry/src/main/ets/pages/GamePage.ets:561:19
[39m
[39m
[31m178 ERROR: [31m10505001 ArkTS Compiler Error
Error Message: Object is possibly 'undefined'. At File: K:/study/HarmonyOs/code/tank/entry/src/main/ets/pages/GamePage.ets:562:19
[39m
[39m
[31m179 ERROR: [31m10505001 ArkTS Compiler Error
Error Message: Object is possibly 'undefined'. At File: K:/study/HarmonyOs/code/tank/entry/src/main/ets/pages/GamePage.ets:563:19
[39m
[39m
[31m180 ERROR: [31m10505001 ArkTS Compiler Error
Error Message: Object is possibly 'undefined'. At File: K:/study/HarmonyOs/code/tank/entry/src/main/ets/pages/GamePage.ets:565:8
[39m
[39m
[31m181 ERROR: [31m10505001 ArkTS Compiler Error
Error Message: Object is possibly 'undefined'. At File: K:/study/HarmonyOs/code/tank/entry/src/main/ets/pages/GamePage.ets:566:8
[39m
[39m
[31m182 ERROR: [31m10505001 ArkTS Compiler Error
Error Message: Object is possibly 'undefined'. At File: K:/study/HarmonyOs/code/tank/entry/src/main/ets/pages/GamePage.ets:568:8
[39m
[39m
[31m183 ERROR: [31m10505001 ArkTS Compiler Error
Error Message: Object is possibly 'undefined'. At File: K:/study/HarmonyOs/code/tank/entry/src/main/ets/pages/GamePage.ets:570:8
[39m
[39m
[31m184 ERROR: [31m10505001 ArkTS Compiler Error
Error Message: Object is possibly 'undefined'. At File: K:/study/HarmonyOs/code/tank/entry/src/main/ets/pages/GamePage.ets:571:8
[39m
[39m
[31m185 ERROR: [31m10505001 ArkTS Compiler Error
Error Message: Object is possibly 'undefined'. At File: K:/study/HarmonyOs/code/tank/entry/src/main/ets/pages/GamePage.ets:572:8
[39m
[39m
[31m186 ERROR: [31m10505001 ArkTS Compiler Error
Error Message: Object is possibly 'undefined'. At File: K:/study/HarmonyOs/code/tank/entry/src/main/ets/pages/GamePage.ets:573:8
[39m
[39m
[31m187 ERROR: [31m10505001 ArkTS Compiler Error
Error Message: Object is possibly 'undefined'. At File: K:/study/HarmonyOs/code/tank/entry/src/main/ets/pages/GamePage.ets:574:8
[39m
[39m
[31m188 ERROR: [31m10505001 ArkTS Compiler Error
Error Message: Object is possibly 'undefined'. At File: K:/study/HarmonyOs/code/tank/entry/src/main/ets/pages/GamePage.ets:576:8
[39m
[39m
[31m189 ERROR: [31m10505001 ArkTS Compiler Error
Error Message: Object is possibly 'undefined'. At File: K:/study/HarmonyOs/code/tank/entry/src/main/ets/pages/GamePage.ets:577:8
[39m
[39m
[31m190 ERROR: [31m10505001 ArkTS Compiler Error
Error Message: Object is possibly 'undefined'. At File: K:/study/HarmonyOs/code/tank/entry/src/main/ets/pages/GamePage.ets:581:19
[39m
[39m
[31m191 ERROR: [31m10505001 ArkTS Compiler Error
Error Message: Object is possibly 'undefined'. At File: K:/study/HarmonyOs/code/tank/entry/src/main/ets/pages/GamePage.ets:584:9
[39m
[39m
[31m192 ERROR: [31m10505001 ArkTS Compiler Error
Error Message: Object is possibly 'undefined'. At File: K:/study/HarmonyOs/code/tank/entry/src/main/ets/pages/GamePage.ets:585:9
[39m
[39m
[31m193 ERROR: [31m10505001 ArkTS Compiler Error
Error Message: Object is possibly 'undefined'. At File: K:/study/HarmonyOs/code/tank/entry/src/main/ets/pages/GamePage.ets:587:9
[39m
[39m
[31m194 ERROR: [31m10505001 ArkTS Compiler Error
Error Message: Object is possibly 'undefined'. At File: K:/study/HarmonyOs/code/tank/entry/src/main/ets/pages/GamePage.ets:589:9
[39m
[39m
[31m195 ERROR: [31m10505001 ArkTS Compiler Error
Error Message: Object is possibly 'undefined'. At File: K:/study/HarmonyOs/code/tank/entry/src/main/ets/pages/GamePage.ets:590:9
[39m
[39m
[31m196 ERROR: [31m10505001 ArkTS Compiler Error
Error Message: Object is possibly 'undefined'. At File: K:/study/HarmonyOs/code/tank/entry/src/main/ets/pages/GamePage.ets:593:9
[39m
[39m
[31m197 ERROR: [31m10505001 ArkTS Compiler Error
Error Message: Object is possibly 'undefined'. At File: K:/study/HarmonyOs/code/tank/entry/src/main/ets/pages/GamePage.ets:594:9
[39m
[39m
[31m198 ERROR: [31m10505001 ArkTS Compiler Error
Error Message: Object is possibly 'undefined'. At File: K:/study/HarmonyOs/code/tank/entry/src/main/ets/pages/GamePage.ets:595:9
[39m
[39m
[31m199 ERROR: [31m10505001 ArkTS Compiler Error
Error Message: Object is possibly 'undefined'. At File: K:/study/HarmonyOs/code/tank/entry/src/main/ets/pages/GamePage.ets:596:9
[39m
[39m
[31m200 ERROR: [31m10505001 ArkTS Compiler Error
Error Message: Object is possibly 'undefined'. At File: K:/study/HarmonyOs/code/tank/entry/src/main/ets/pages/GamePage.ets:597:9
[39m
[39m
[31m201 ERROR: [31m10505001 ArkTS Compiler Error
Error Message: Object is possibly 'undefined'. At File: K:/study/HarmonyOs/code/tank/entry/src/main/ets/pages/GamePage.ets:601:9
[39m
[39m
[31m202 ERROR: [31m10505001 ArkTS Compiler Error
Error Message: Object is possibly 'undefined'. At File: K:/study/HarmonyOs/code/tank/entry/src/main/ets/pages/GamePage.ets:602:9
[39m
[39m
[31m203 ERROR: [31m10505001 ArkTS Compiler Error
Error Message: Object is possibly 'undefined'. At File: K:/study/HarmonyOs/code/tank/entry/src/main/ets/pages/GamePage.ets:604:9
[39m
[39m
[31m204 ERROR: [31m10505001 ArkTS Compiler Error
Error Message: Object is possibly 'undefined'. At File: K:/study/HarmonyOs/code/tank/entry/src/main/ets/pages/GamePage.ets:605:9
[39m
[39m
[31m205 ERROR: [31m10505001 ArkTS Compiler Error
Error Message: Object is possibly 'undefined'. At File: K:/study/HarmonyOs/code/tank/entry/src/main/ets/pages/GamePage.ets:607:9
[39m
[39m
[31m206 ERROR: [31m10505001 ArkTS Compiler Error
Error Message: Object is possibly 'undefined'. At File: K:/study/HarmonyOs/code/tank/entry/src/main/ets/pages/GamePage.ets:608:9
[39m
[39m
[31m207 ERROR: [31m10505001 ArkTS Compiler Error
Error Message: Object is possibly 'undefined'. At File: K:/study/HarmonyOs/code/tank/entry/src/main/ets/pages/GamePage.ets:611:9
[39m
[39m
[31m208 ERROR: [31m10505001 ArkTS Compiler Error
Error Message: Object is possibly 'undefined'. At File: K:/study/HarmonyOs/code/tank/entry/src/main/ets/pages/GamePage.ets:612:9
[39m
[39m
[31m209 ERROR: [31m10505001 ArkTS Compiler Error
Error Message: Object is possibly 'undefined'. At File: K:/study/HarmonyOs/code/tank/entry/src/main/ets/pages/GamePage.ets:614:9
[39m
[39m
[31m210 ERROR: [31m10505001 ArkTS Compiler Error
Error Message: Object is possibly 'undefined'. At File: K:/study/HarmonyOs/code/tank/entry/src/main/ets/pages/GamePage.ets:620:9
[39m
[39m
[31m211 ERROR: [31m10505001 ArkTS Compiler Error
Error Message: Object is possibly 'undefined'. At File: K:/study/HarmonyOs/code/tank/entry/src/main/ets/pages/GamePage.ets:621:9
[39m
[39m
[31m212 ERROR: [31m10505001 ArkTS Compiler Error
Error Message: Object is possibly 'undefined'. At File: K:/study/HarmonyOs/code/tank/entry/src/main/ets/pages/GamePage.ets:622:9
[39m
[39m
[31m213 ERROR: [31m10505001 ArkTS Compiler Error
Error Message: Object is possibly 'undefined'. At File: K:/study/HarmonyOs/code/tank/entry/src/main/ets/pages/GamePage.ets:624:9
[39m
[39m
[31m214 ERROR: [31m10505001 ArkTS Compiler Error
Error Message: Object is possibly 'undefined'. At File: K:/study/HarmonyOs/code/tank/entry/src/main/ets/pages/GamePage.ets:625:9
[39m
[39m
[31m215 ERROR: [31m10505001 ArkTS Compiler Error
Error Message: Object is possibly 'undefined'. At File: K:/study/HarmonyOs/code/tank/entry/src/main/ets/pages/GamePage.ets:626:9
[39m
[39m
[31m216 ERROR: [31m10505001 ArkTS Compiler Error
Error Message: Object is possibly 'undefined'. At File: K:/study/HarmonyOs/code/tank/entry/src/main/ets/pages/GamePage.ets:638:7
[39m
[39m
[31m217 ERROR: [31m10505001 ArkTS Compiler Error
Error Message: Object is possibly 'undefined'. At File: K:/study/HarmonyOs/code/tank/entry/src/main/ets/pages/GamePage.ets:641:9
[39m
[39m
[31m218 ERROR: [31m10505001 ArkTS Compiler Error
Error Message: Object is possibly 'undefined'. At File: K:/study/HarmonyOs/code/tank/entry/src/main/ets/pages/GamePage.ets:642:9
[39m
[39m
[31m219 ERROR: [31m10505001 ArkTS Compiler Error
Error Message: Object is possibly 'undefined'. At File: K:/study/HarmonyOs/code/tank/entry/src/main/ets/pages/GamePage.ets:644:9
[39m
[39m
[31m220 ERROR: [31m10505001 ArkTS Compiler Error
Error Message: Object is possibly 'undefined'. At File: K:/study/HarmonyOs/code/tank/entry/src/main/ets/pages/GamePage.ets:646:12
[39m
[39m
[31m221 ERROR: [31m10505001 ArkTS Compiler Error
Error Message: Object is possibly 'undefined'. At File: K:/study/HarmonyOs/code/tank/entry/src/main/ets/pages/GamePage.ets:647:12
[39m
[39m
[31m222 ERROR: [31m10505001 ArkTS Compiler Error
Error Message: Object is possibly 'undefined'. At File: K:/study/HarmonyOs/code/tank/entry/src/main/ets/pages/GamePage.ets:651:9
[39m
[39m
[31m223 ERROR: [31m10505001 ArkTS Compiler Error
Error Message: Object is possibly 'undefined'. At File: K:/study/HarmonyOs/code/tank/entry/src/main/ets/pages/GamePage.ets:652:9
[39m
[39m
[31m224 ERROR: [31m10505001 ArkTS Compiler Error
Error Message: Object is possibly 'undefined'. At File: K:/study/HarmonyOs/code/tank/entry/src/main/ets/pages/GamePage.ets:654:9
[39m
[39m
[31m225 ERROR: [31m10505001 ArkTS Compiler Error
Error Message: Object is possibly 'undefined'. At File: K:/study/HarmonyOs/code/tank/entry/src/main/ets/pages/GamePage.ets:656:12
[39m
[39m
[31m226 ERROR: [31m10505001 ArkTS Compiler Error
Error Message: Object is possibly 'undefined'. At File: K:/study/HarmonyOs/code/tank/entry/src/main/ets/pages/GamePage.ets:657:12
[39m
[39m
[31m227 ERROR: [31m10505001 ArkTS Compiler Error
Error Message: Object is possibly 'undefined'. At File: K:/study/HarmonyOs/code/tank/entry/src/main/ets/pages/GamePage.ets:662:7
[39m
[39m
[31m228 ERROR: [31m10505001 ArkTS Compiler Error
Error Message: Object is possibly 'undefined'. At File: K:/study/HarmonyOs/code/tank/entry/src/main/ets/pages/GamePage.ets:664:9
[39m
[39m
[31m229 ERROR: [31m10505001 ArkTS Compiler Error
Error Message: Object is possibly 'undefined'. At File: K:/study/HarmonyOs/code/tank/entry/src/main/ets/pages/GamePage.ets:666:9
[39m
[39m
[31m230 ERROR: [31m10505001 ArkTS Compiler Error
Error Message: Object is possibly 'undefined'. At File: K:/study/HarmonyOs/code/tank/entry/src/main/ets/pages/GamePage.ets:670:7
[39m
[39m
[31m231 ERROR: [31m10505001 ArkTS Compiler Error
Error Message: Object is possibly 'undefined'. At File: K:/study/HarmonyOs/code/tank/entry/src/main/ets/pages/GamePage.ets:671:7
[39m
[39m
[31m232 ERROR: [31m10505001 ArkTS Compiler Error
Error Message: Object is possibly 'undefined'. At File: K:/study/HarmonyOs/code/tank/entry/src/main/ets/pages/GamePage.ets:672:7
[39m
[39m
[31m233 ERROR: [31m10505001 ArkTS Compiler Error
Error Message: Object is possibly 'undefined'. At File: K:/study/HarmonyOs/code/tank/entry/src/main/ets/pages/GamePage.ets:673:7
[39m
[39m
[31m234 ERROR: [31m10505001 ArkTS Compiler Error
Error Message: Object is possibly 'undefined'. At File: K:/study/HarmonyOs/code/tank/entry/src/main/ets/pages/GamePage.ets:675:7
[39m
[39m
[31m235 ERROR: [31m10505001 ArkTS Compiler Error
Error Message: Object is possibly 'undefined'. At File: K:/study/HarmonyOs/code/tank/entry/src/main/ets/pages/GamePage.ets:676:7
[39m
[39m
[31m236 ERROR: [31m10505001 ArkTS Compiler Error
Error Message: Object is possibly 'undefined'. At File: K:/study/HarmonyOs/code/tank/entry/src/main/ets/pages/GamePage.ets:677:7
[39m
[39m
[31m237 ERROR: [31m10505001 ArkTS Compiler Error
Error Message: Object is possibly 'undefined'. At File: K:/study/HarmonyOs/code/tank/entry/src/main/ets/pages/GamePage.ets:678:7
[39m
[39m
[31m238 ERROR: [31m10505001 ArkTS Compiler Error
Error Message: Object is possibly 'undefined'. At File: K:/study/HarmonyOs/code/tank/entry/src/main/ets/pages/GamePage.ets:681:7
[39m
[39m
[31m239 ERROR: [31m10505001 ArkTS Compiler Error
Error Message: Object is possibly 'undefined'. At File: K:/study/HarmonyOs/code/tank/entry/src/main/ets/pages/GamePage.ets:686:11
[39m
[39m
[31m240 ERROR: [31m10505001 ArkTS Compiler Error
Error Message: Object is possibly 'undefined'. At File: K:/study/HarmonyOs/code/tank/entry/src/main/ets/pages/GamePage.ets:687:11
[39m
[39m
[31m241 ERROR: [31m10505001 ArkTS Compiler Error
Error Message: Object is possibly 'undefined'. At File: K:/study/HarmonyOs/code/tank/entry/src/main/ets/pages/GamePage.ets:687:47
[39m
[39m
[31m242 ERROR: [31m10505001 ArkTS Compiler Error
Error Message: Object is possibly 'undefined'. At File: K:/study/HarmonyOs/code/tank/entry/src/main/ets/pages/GamePage.ets:690:11
[39m
[39m
[31m243 ERROR: [31m10505001 ArkTS Compiler Error
Error Message: Object is possibly 'undefined'. At File: K:/study/HarmonyOs/code/tank/entry/src/main/ets/pages/GamePage.ets:691:11
[39m
[39m
[31m244 ERROR: [31m10505001 ArkTS Compiler Error
Error Message: Object is possibly 'undefined'. At File: K:/study/HarmonyOs/code/tank/entry/src/main/ets/pages/GamePage.ets:691:47
[39m
[39m
[31m245 ERROR: [31m10505001 ArkTS Compiler Error
Error Message: Object is possibly 'undefined'. At File: K:/study/HarmonyOs/code/tank/entry/src/main/ets/pages/GamePage.ets:694:11
[39m
[39m
[31m246 ERROR: [31m10505001 ArkTS Compiler Error
Error Message: Object is possibly 'undefined'. At File: K:/study/HarmonyOs/code/tank/entry/src/main/ets/pages/GamePage.ets:695:11
[39m
[39m
[31m247 ERROR: [31m10505001 ArkTS Compiler Error
Error Message: Object is possibly 'undefined'. At File: K:/study/HarmonyOs/code/tank/entry/src/main/ets/pages/GamePage.ets:695:47
[39m
[39m
[31m248 ERROR: [31m10505001 ArkTS Compiler Error
Error Message: Object is possibly 'undefined'. At File: K:/study/HarmonyOs/code/tank/entry/src/main/ets/pages/GamePage.ets:698:11
[39m
[39m
[31m249 ERROR: [31m10505001 ArkTS Compiler Error
Error Message: Object is possibly 'undefined'. At File: K:/study/HarmonyOs/code/tank/entry/src/main/ets/pages/GamePage.ets:699:11
[39m
[39m
[31m250 ERROR: [31m10505001 ArkTS Compiler Error
Error Message: Object is possibly 'undefined'. At File: K:/study/HarmonyOs/code/tank/entry/src/main/ets/pages/GamePage.ets:699:47
[39m
[39m
[31m251 ERROR: [31m10505001 ArkTS Compiler Error
Error Message: Object is possibly 'undefined'. At File: K:/study/HarmonyOs/code/tank/entry/src/main/ets/pages/GamePage.ets:705:14
[39m
[39m
[31m252 ERROR: [31m10505001 ArkTS Compiler Error
Error Message: Object is possibly 'undefined'. At File: K:/study/HarmonyOs/code/tank/entry/src/main/ets/pages/GamePage.ets:705:29
[39m
[39m
[31m253 ERROR: [31m10505001 ArkTS Compiler Error
Error Message: Object is possibly 'undefined'. At File: K:/study/HarmonyOs/code/tank/entry/src/main/ets/pages/GamePage.ets:705:44
[39m
[39m
[31m254 ERROR: [31m10505001 ArkTS Compiler Error
Error Message: Object is possibly 'undefined'. At File: K:/study/HarmonyOs/code/tank/entry/src/main/ets/pages/GamePage.ets:705:63
[39m
[39m
[31m255 ERROR: [31m10505001 ArkTS Compiler Error
Error Message: Object is possibly 'undefined'. At File: K:/study/HarmonyOs/code/tank/entry/src/main/ets/pages/GamePage.ets:705:83
[39m
[39m
[31m256 ERROR: [31m10505001 ArkTS Compiler Error
Error Message: Object is possibly 'undefined'. At File: K:/study/HarmonyOs/code/tank/entry/src/main/ets/pages/GamePage.ets:708:19
[39m
[39m
[31m257 ERROR: [31m10505001 ArkTS Compiler Error
Error Message: Object is possibly 'undefined'. At File: K:/study/HarmonyOs/code/tank/entry/src/main/ets/pages/GamePage.ets:713:19
[39m
[39m
[31m258 ERROR: [31m10505001 ArkTS Compiler Error
Error Message: Object is possibly 'undefined'. At File: K:/study/HarmonyOs/code/tank/entry/src/main/ets/pages/GamePage.ets:719:7
[39m
[39m
[31m259 ERROR: [31m10505001 ArkTS Compiler Error
Error Message: Object is possibly 'undefined'. At File: K:/study/HarmonyOs/code/tank/entry/src/main/ets/pages/GamePage.ets:720:7
[39m
[39m
[31m260 ERROR: [31m10505001 ArkTS Compiler Error
Error Message: Object is possibly 'undefined'. At File: K:/study/HarmonyOs/code/tank/entry/src/main/ets/pages/GamePage.ets:721:7
[39m
[39m
[31m261 ERROR: [31m10505001 ArkTS Compiler Error
Error Message: Object is possibly 'undefined'. At File: K:/study/HarmonyOs/code/tank/entry/src/main/ets/pages/GamePage.ets:722:7
[39m
[39m
[31m262 ERROR: [31m10505001 ArkTS Compiler Error
Error Message: Object is possibly 'undefined'. At File: K:/study/HarmonyOs/code/tank/entry/src/main/ets/pages/GamePage.ets:725:7
[39m
[39m
[31m263 ERROR: [31m10505001 ArkTS Compiler Error
Error Message: Object is possibly 'undefined'. At File: K:/study/HarmonyOs/code/tank/entry/src/main/ets/pages/GamePage.ets:726:7
[39m
[39m
[31m264 ERROR: [31m10505001 ArkTS Compiler Error
Error Message: Object is possibly 'undefined'. At File: K:/study/HarmonyOs/code/tank/entry/src/main/ets/pages/GamePage.ets:727:7
[39m
[39m
[31m265 ERROR: [31m10505001 ArkTS Compiler Error
Error Message: Object is possibly 'undefined'. At File: K:/study/HarmonyOs/code/tank/entry/src/main/ets/pages/GamePage.ets:728:7
[39m
[39m
[31m266 ERROR: [31m10505001 ArkTS Compiler Error
Error Message: Object is possibly 'undefined'. At File: K:/study/HarmonyOs/code/tank/entry/src/main/ets/pages/GamePage.ets:732:19
[39m
[39m
[31m267 ERROR: [31m10505001 ArkTS Compiler Error
Error Message: Object is possibly 'undefined'. At File: K:/study/HarmonyOs/code/tank/entry/src/main/ets/pages/GamePage.ets:739:10
[39m
[39m
[31m268 ERROR: [31m10505001 ArkTS Compiler Error
Error Message: Object is possibly 'undefined'. At File: K:/study/HarmonyOs/code/tank/entry/src/main/ets/pages/GamePage.ets:740:10
[39m
[39m
[31m269 ERROR: [31m10505001 ArkTS Compiler Error
Error Message: Object is possibly 'undefined'. At File: K:/study/HarmonyOs/code/tank/entry/src/main/ets/pages/GamePage.ets:741:10
[39m
[39m
[31m270 ERROR: [31m10505001 ArkTS Compiler Error
Error Message: Object is possibly 'undefined'. At File: K:/study/HarmonyOs/code/tank/entry/src/main/ets/pages/GamePage.ets:742:10
[39m
[39m
[31m271 ERROR: [31m10505001 ArkTS Compiler Error
Error Message: Object is possibly 'undefined'. At File: K:/study/HarmonyOs/code/tank/entry/src/main/ets/pages/GamePage.ets:744:10
[39m
[39m
[31m272 ERROR: [31m10505001 ArkTS Compiler Error
Error Message: Object is possibly 'undefined'. At File: K:/study/HarmonyOs/code/tank/entry/src/main/ets/pages/GamePage.ets:745:10
[39m
[39m
[31m273 ERROR: [31m10505001 ArkTS Compiler Error
Error Message: Object is possibly 'undefined'. At File: K:/study/HarmonyOs/code/tank/entry/src/main/ets/pages/GamePage.ets:746:10
[39m
[39m
[31m274 ERROR: [31m10505001 ArkTS Compiler Error
Error Message: Object is possibly 'undefined'. At File: K:/study/HarmonyOs/code/tank/entry/src/main/ets/pages/GamePage.ets:747:10
[39m
[39m
[31m275 ERROR: [31m10505001 ArkTS Compiler Error
Error Message: Object is possibly 'undefined'. At File: K:/study/HarmonyOs/code/tank/entry/src/main/ets/pages/GamePage.ets:750:10
[39m
[39m
[31m276 ERROR: [31m10505001 ArkTS Compiler Error
Error Message: Object is possibly 'undefined'. At File: K:/study/HarmonyOs/code/tank/entry/src/main/ets/pages/GamePage.ets:754:10
[39m
[39m
[31m277 ERROR: [31m10505001 ArkTS Compiler Error
Error Message: Object is possibly 'undefined'. At File: K:/study/HarmonyOs/code/tank/entry/src/main/ets/pages/GamePage.ets:755:10
[39m
[39m
[31m278 ERROR: [31m10505001 ArkTS Compiler Error
Error Message: Object is possibly 'undefined'. At File: K:/study/HarmonyOs/code/tank/entry/src/main/ets/pages/GamePage.ets:756:10
[39m
[39m
[31m279 ERROR: [31m10505001 ArkTS Compiler Error
Error Message: Object is possibly 'undefined'. At File: K:/study/HarmonyOs/code/tank/entry/src/main/ets/pages/GamePage.ets:757:10
[39m
[39m
[31m280 ERROR: [31m10505001 ArkTS Compiler Error
Error Message: Object is possibly 'undefined'. At File: K:/study/HarmonyOs/code/tank/entry/src/main/ets/pages/GamePage.ets:760:10
[39m
[39m
[31m281 ERROR: [31m10505001 ArkTS Compiler Error
Error Message: Object is possibly 'undefined'. At File: K:/study/HarmonyOs/code/tank/entry/src/main/ets/pages/GamePage.ets:761:10
[39m
[39m
[31m282 ERROR: [31m10505001 ArkTS Compiler Error
Error Message: Object is possibly 'undefined'. At File: K:/study/HarmonyOs/code/tank/entry/src/main/ets/pages/GamePage.ets:762:10
[39m
[39m
[31m283 ERROR: [31m10505001 ArkTS Compiler Error
Error Message: Object is possibly 'undefined'. At File: K:/study/HarmonyOs/code/tank/entry/src/main/ets/pages/GamePage.ets:763:10
[39m
[39m
[31m284 ERROR: [31m10505001 ArkTS Compiler Error
Error Message: Object is possibly 'undefined'. At File: K:/study/HarmonyOs/code/tank/entry/src/main/ets/pages/GamePage.ets:766:10
[39m
[39m
[31m285 ERROR: [31m10505001 ArkTS Compiler Error
Error Message: Object is possibly 'undefined'. At File: K:/study/HarmonyOs/code/tank/entry/src/main/ets/pages/GamePage.ets:767:10
[39m
[39m
[31m286 ERROR: [31m10505001 ArkTS Compiler Error
Error Message: Object is possibly 'undefined'. At File: K:/study/HarmonyOs/code/tank/entry/src/main/ets/pages/GamePage.ets:770:10
[39m
[39m
[31m287 ERROR: [31m10505001 ArkTS Compiler Error
Error Message: Object is possibly 'undefined'. At File: K:/study/HarmonyOs/code/tank/entry/src/main/ets/pages/GamePage.ets:774:10
[39m
[39m
[31m288 ERROR: [31m10505001 ArkTS Compiler Error
Error Message: Object is possibly 'undefined'. At File: K:/study/HarmonyOs/code/tank/entry/src/main/ets/pages/GamePage.ets:775:10
[39m
[39m
[31m289 ERROR: [31m10505001 ArkTS Compiler Error
Error Message: Object is possibly 'undefined'. At File: K:/study/HarmonyOs/code/tank/entry/src/main/ets/pages/GamePage.ets:776:10
[39m
[39m
[31m290 ERROR: [31m10505001 ArkTS Compiler Error
Error Message: Object is possibly 'undefined'. At File: K:/study/HarmonyOs/code/tank/entry/src/main/ets/pages/GamePage.ets:777:10
[39m
[39m
[31m291 ERROR: [31m10505001 ArkTS Compiler Error
Error Message: Object is possibly 'undefined'. At File: K:/study/HarmonyOs/code/tank/entry/src/main/ets/pages/GamePage.ets:782:5
[39m
[39m
[31m292 ERROR: [31m10505001 ArkTS Compiler Error
Error Message: Cannot find name 'build'. Did you mean 'Builder'? At File: K:/study/HarmonyOs/code/tank/entry/src/main/ets/pages/GamePage.ets:785:3
[39m
[39m
[31m293 ERROR: [31m10905236 ArkTS Compiler Error
Error Message: UI component 'Stack' cannot be used in this place. At File: K:/study/HarmonyOs/code/tank/entry/src/main/ets/pages/GamePage.ets:786:5
[39m
[39m
[31m294 ERROR: [31m10905236 ArkTS Compiler Error
Error Message: UI component 'Column' cannot be used in this place. At File: K:/study/HarmonyOs/code/tank/entry/src/main/ets/pages/GamePage.ets:787:7
[39m
[39m
[31m295 ERROR: [31m10905236 ArkTS Compiler Error
Error Message: UI component 'Row' cannot be used in this place. At File: K:/study/HarmonyOs/code/tank/entry/src/main/ets/pages/GamePage.ets:789:9
[39m
[39m
[31m296 ERROR: [31m10905236 ArkTS Compiler Error
Error Message: UI component 'Text' cannot be used in this place. At File: K:/study/HarmonyOs/code/tank/entry/src/main/ets/pages/GamePage.ets:790:11
[39m
[39m
[31m297 ERROR: [31m10505001 ArkTS Compiler Error
Error Message: Object is possibly 'undefined'. At File: K:/study/HarmonyOs/code/tank/entry/src/main/ets/pages/GamePage.ets:790:23
[39m
[39m
[31m298 ERROR: [31m10905236 ArkTS Compiler Error
Error Message: UI component 'Text' cannot be used in this place. At File: K:/study/HarmonyOs/code/tank/entry/src/main/ets/pages/GamePage.ets:791:11
[39m
[39m
[31m299 ERROR: [31m10505001 ArkTS Compiler Error
Error Message: Object is possibly 'undefined'. At File: K:/study/HarmonyOs/code/tank/entry/src/main/ets/pages/GamePage.ets:791:23
[39m
[39m
[31m300 ERROR: [31m10905236 ArkTS Compiler Error
Error Message: UI component 'Text' cannot be used in this place. At File: K:/study/HarmonyOs/code/tank/entry/src/main/ets/pages/GamePage.ets:792:11
[39m
[39m
[31m301 ERROR: [31m10505001 ArkTS Compiler Error
Error Message: Object is possibly 'undefined'. At File: K:/study/HarmonyOs/code/tank/entry/src/main/ets/pages/GamePage.ets:792:23
[39m
[39m
[31m302 ERROR: [31m10905236 ArkTS Compiler Error
Error Message: UI component 'Text' cannot be used in this place. At File: K:/study/HarmonyOs/code/tank/entry/src/main/ets/pages/GamePage.ets:793:11
[39m
[39m
[31m303 ERROR: [31m10505001 ArkTS Compiler Error
Error Message: Object is possibly 'undefined'. At File: K:/study/HarmonyOs/code/tank/entry/src/main/ets/pages/GamePage.ets:793:23
[39m
[39m
[31m304 ERROR: [31m10505001 ArkTS Compiler Error
Error Message: Cannot find name 'width'. At File: K:/study/HarmonyOs/code/tank/entry/src/main/ets/pages/GamePage.ets:795:10
[39m
[39m
[31m305 ERROR: [31m10905236 ArkTS Compiler Error
Error Message: UI component 'Stack' cannot be used in this place. At File: K:/study/HarmonyOs/code/tank/entry/src/main/ets/pages/GamePage.ets:800:9
[39m
[39m
[31m306 ERROR: [31m10905236 ArkTS Compiler Error
Error Message: UI component 'Canvas' cannot be used in this place. At File: K:/study/HarmonyOs/code/tank/entry/src/main/ets/pages/GamePage.ets:801:11
[39m
[39m
[31m307 ERROR: [31m10505001 ArkTS Compiler Error
Error Message: Object is possibly 'undefined'. At File: K:/study/HarmonyOs/code/tank/entry/src/main/ets/pages/GamePage.ets:801:18
[39m
[39m
[31m308 ERROR: [31m10505001 ArkTS Compiler Error
Error Message: Object is possibly 'undefined'. At File: K:/study/HarmonyOs/code/tank/entry/src/main/ets/pages/GamePage.ets:819:18
[39m
[39m
[31m309 ERROR: [31m10505001 ArkTS Compiler Error
Error Message: Object is possibly 'undefined'. At File: K:/study/HarmonyOs/code/tank/entry/src/main/ets/pages/GamePage.ets:819:40
[39m
[39m
[31m310 ERROR: [31m10505001 ArkTS Compiler Error
Error Message: Object is possibly 'undefined'. At File: K:/study/HarmonyOs/code/tank/entry/src/main/ets/pages/GamePage.ets:820:18
[39m
[39m
[31m311 ERROR: [31m10505001 ArkTS Compiler Error
Error Message: Object is possibly 'undefined'. At File: K:/study/HarmonyOs/code/tank/entry/src/main/ets/pages/GamePage.ets:820:41
[39m
[39m
[31m312 ERROR: [31m10505001 ArkTS Compiler Error
Error Message: Object is possibly 'undefined'. At File: K:/study/HarmonyOs/code/tank/entry/src/main/ets/pages/GamePage.ets:822:18
[39m
[39m
[31m313 ERROR: [31m10505001 ArkTS Compiler Error
Error Message: Object is possibly 'undefined'. At File: K:/study/HarmonyOs/code/tank/entry/src/main/ets/pages/GamePage.ets:826:16
[39m
[39m
[31m314 ERROR: [31m10505001 ArkTS Compiler Error
Error Message: Object is possibly 'undefined'. At File: K:/study/HarmonyOs/code/tank/entry/src/main/ets/pages/GamePage.ets:826:37
[39m
[39m
[31m315 ERROR: [31m10505001 ArkTS Compiler Error
Error Message: Object is possibly 'undefined'. At File: K:/study/HarmonyOs/code/tank/entry/src/main/ets/pages/GamePage.ets:826:57
[39m
[39m
[31m316 ERROR: [31m10905236 ArkTS Compiler Error
Error Message: UI component 'Column' cannot be used in this place. At File: K:/study/HarmonyOs/code/tank/entry/src/main/ets/pages/GamePage.ets:827:13
[39m
[39m
[31m317 ERROR: [31m10905236 ArkTS Compiler Error
Error Message: UI component 'Row' cannot be used in this place. At File: K:/study/HarmonyOs/code/tank/entry/src/main/ets/pages/GamePage.ets:829:15
[39m
[39m
[31m318 ERROR: [31m10905236 ArkTS Compiler Error
Error Message: UI component 'Text' cannot be used in this place. At File: K:/study/HarmonyOs/code/tank/entry/src/main/ets/pages/GamePage.ets:830:17
[39m
[39m
[31m319 ERROR: [31m10905236 ArkTS Compiler Error
Error Message: UI component 'Text' cannot be used in this place. At File: K:/study/HarmonyOs/code/tank/entry/src/main/ets/pages/GamePage.ets:831:17
[39m
[39m
[31m320 ERROR: [31m10505001 ArkTS Compiler Error
Error Message: Cannot find name 'width'. At File: K:/study/HarmonyOs/code/tank/entry/src/main/ets/pages/GamePage.ets:832:17
[39m
[39m
[31m321 ERROR: [31m10905236 ArkTS Compiler Error
Error Message: UI component 'Column' cannot be used in this place. At File: K:/study/HarmonyOs/code/tank/entry/src/main/ets/pages/GamePage.ets:835:15
[39m
[39m
[31m322 ERROR: [31m10905236 ArkTS Compiler Error
Error Message: UI component 'Text' cannot be used in this place. At File: K:/study/HarmonyOs/code/tank/entry/src/main/ets/pages/GamePage.ets:836:17
[39m
[39m
[31m323 ERROR: [31m10905236 ArkTS Compiler Error
Error Message: UI component 'Text' cannot be used in this place. At File: K:/study/HarmonyOs/code/tank/entry/src/main/ets/pages/GamePage.ets:838:17
[39m
[39m
[31m324 ERROR: [31m10505001 ArkTS Compiler Error
Error Message: Cannot find name 'margin'. At File: K:/study/HarmonyOs/code/tank/entry/src/main/ets/pages/GamePage.ets:840:17
[39m
[39m
[31m325 ERROR: [31m10905236 ArkTS Compiler Error
Error Message: UI component 'Column' cannot be used in this place. At File: K:/study/HarmonyOs/code/tank/entry/src/main/ets/pages/GamePage.ets:843:15
[39m
[39m
[31m326 ERROR: [31m10905236 ArkTS Compiler Error
Error Message: UI component 'Row' cannot be used in this place. At File: K:/study/HarmonyOs/code/tank/entry/src/main/ets/pages/GamePage.ets:844:17
[39m
[39m
[31m327 ERROR: [31m10905236 ArkTS Compiler Error
Error Message: UI component 'Text' cannot be used in this place. At File: K:/study/HarmonyOs/code/tank/entry/src/main/ets/pages/GamePage.ets:846:19
[39m
[39m
[31m328 ERROR: [31m10905236 ArkTS Compiler Error
Error Message: UI component 'Text' cannot be used in this place. At File: K:/study/HarmonyOs/code/tank/entry/src/main/ets/pages/GamePage.ets:847:19
[39m
[39m
[31m329 ERROR: [31m10505001 ArkTS Compiler Error
Error Message: Cannot find name 'margin'. At File: K:/study/HarmonyOs/code/tank/entry/src/main/ets/pages/GamePage.ets:848:19
[39m
[39m
[31m330 ERROR: [31m10905236 ArkTS Compiler Error
Error Message: UI component 'Row' cannot be used in this place. At File: K:/study/HarmonyOs/code/tank/entry/src/main/ets/pages/GamePage.ets:850:17
[39m
[39m
[31m331 ERROR: [31m10905236 ArkTS Compiler Error
Error Message: UI component 'Text' cannot be used in this place. At File: K:/study/HarmonyOs/code/tank/entry/src/main/ets/pages/GamePage.ets:851:19
[39m
[39m
[31m332 ERROR: [31m10905236 ArkTS Compiler Error
Error Message: UI component 'Text' cannot be used in this place. At File: K:/study/HarmonyOs/code/tank/entry/src/main/ets/pages/GamePage.ets:852:19
[39m
[39m
[31m333 ERROR: [31m10505001 ArkTS Compiler Error
Error Message: Cannot find name 'margin'. At File: K:/study/HarmonyOs/code/tank/entry/src/main/ets/pages/GamePage.ets:853:19
[39m
[39m
[31m334 ERROR: [31m10905236 ArkTS Compiler Error
Error Message: UI component 'Text' cannot be used in this place. At File: K:/study/HarmonyOs/code/tank/entry/src/main/ets/pages/GamePage.ets:856:17
[39m
[39m
[31m335 ERROR: [31m10505001 ArkTS Compiler Error
Error Message: Cannot find name 'alignItems'. At File: K:/study/HarmonyOs/code/tank/entry/src/main/ets/pages/GamePage.ets:857:17
[39m
[39m
[31m336 ERROR: [31m10905236 ArkTS Compiler Error
Error Message: UI component 'Column' cannot be used in this place. At File: K:/study/HarmonyOs/code/tank/entry/src/main/ets/pages/GamePage.ets:860:15
[39m
[39m
[31m337 ERROR: [31m10905236 ArkTS Compiler Error
Error Message: UI component 'Text' cannot be used in this place. At File: K:/study/HarmonyOs/code/tank/entry/src/main/ets/pages/GamePage.ets:861:17
[39m
[39m
[31m338 ERROR: [31m10905236 ArkTS Compiler Error
Error Message: UI component 'Text' cannot be used in this place. At File: K:/study/HarmonyOs/code/tank/entry/src/main/ets/pages/GamePage.ets:862:17
[39m
[39m
[31m339 ERROR: [31m10905236 ArkTS Compiler Error
Error Message: UI component 'Text' cannot be used in this place. At File: K:/study/HarmonyOs/code/tank/entry/src/main/ets/pages/GamePage.ets:863:17
[39m
[39m
[31m340 ERROR: [31m10505001 ArkTS Compiler Error
Error Message: Cannot find name 'alignItems'. At File: K:/study/HarmonyOs/code/tank/entry/src/main/ets/pages/GamePage.ets:864:17
[39m
[39m
[31m341 ERROR: [31m10505001 ArkTS Compiler Error
Error Message: Cannot find name 'width'. At File: K:/study/HarmonyOs/code/tank/entry/src/main/ets/pages/GamePage.ets:867:14
[39m
[39m
[31m342 ERROR: [31m10505001 ArkTS Compiler Error
Error Message: Object is possibly 'undefined'. At File: K:/study/HarmonyOs/code/tank/entry/src/main/ets/pages/GamePage.ets:873:15
[39m
[39m
[31m343 ERROR: [31m10905236 ArkTS Compiler Error
Error Message: UI component 'Column' cannot be used in this place. At File: K:/study/HarmonyOs/code/tank/entry/src/main/ets/pages/GamePage.ets:874:14
[39m
[39m
[31m344 ERROR: [31m10905236 ArkTS Compiler Error
Error Message: UI component 'Text' cannot be used in this place. At File: K:/study/HarmonyOs/code/tank/entry/src/main/ets/pages/GamePage.ets:875:16
[39m
[39m
[31m345 ERROR: [31m10905236 ArkTS Compiler Error
Error Message: UI component 'Text' cannot be used in this place. At File: K:/study/HarmonyOs/code/tank/entry/src/main/ets/pages/GamePage.ets:876:16
[39m
[39m
[31m346 ERROR: [31m10505001 ArkTS Compiler Error
Error Message: Cannot find name 'width'. At File: K:/study/HarmonyOs/code/tank/entry/src/main/ets/pages/GamePage.ets:878:15
[39m
[39m
[31m347 ERROR: [31m10505001 ArkTS Compiler Error
Error Message: Object is possibly 'undefined'. At File: K:/study/HarmonyOs/code/tank/entry/src/main/ets/pages/GamePage.ets:884:15
[39m
[39m
[31m348 ERROR: [31m10905236 ArkTS Compiler Error
Error Message: UI component 'Column' cannot be used in this place. At File: K:/study/HarmonyOs/code/tank/entry/src/main/ets/pages/GamePage.ets:885:14
[39m
[39m
[31m349 ERROR: [31m10905236 ArkTS Compiler Error
Error Message: UI component 'Text' cannot be used in this place. At File: K:/study/HarmonyOs/code/tank/entry/src/main/ets/pages/GamePage.ets:886:16
[39m
[39m
[31m350 ERROR: [31m10905236 ArkTS Compiler Error
Error Message: UI component 'Text' cannot be used in this place. At File: K:/study/HarmonyOs/code/tank/entry/src/main/ets/pages/GamePage.ets:887:16
[39m
[39m
[31m351 ERROR: [31m10505001 ArkTS Compiler Error
Error Message: Cannot find name 'width'. At File: K:/study/HarmonyOs/code/tank/entry/src/main/ets/pages/GamePage.ets:889:15
[39m
[39m
[31m352 ERROR: [31m10505001 ArkTS Compiler Error
Error Message: Cannot find name 'width'. At File: K:/study/HarmonyOs/code/tank/entry/src/main/ets/pages/GamePage.ets:898:6
[39m
[39m
[31m353 ERROR: [31m10505001 ArkTS Compiler Error
Error Message: Object is possibly 'undefined'. At File: K:/study/HarmonyOs/code/tank/entry/src/main/ets/pages/GamePage.ets:909:14
[39m
[39m
[31m354 ERROR: [31m10505001 ArkTS Compiler Error
Error Message: Object is possibly 'undefined'. At File: K:/study/HarmonyOs/code/tank/entry/src/main/ets/pages/GamePage.ets:910:12
[39m
[39m
[31m355 ERROR: [31m10505001 ArkTS Compiler Error
Error Message: Object is possibly 'undefined'. At File: K:/study/HarmonyOs/code/tank/entry/src/main/ets/pages/GamePage.ets:914:80
[39m
[39m
[31m356 ERROR: [31m10505001 ArkTS Compiler Error
Error Message: Object is possibly 'undefined'. At File: K:/study/HarmonyOs/code/tank/entry/src/main/ets/pages/GamePage.ets:915:87
[39m
[39m
[31m357 ERROR: [31m10505001 ArkTS Compiler Error
Error Message: Object is possibly 'undefined'. At File: K:/study/HarmonyOs/code/tank/entry/src/main/ets/pages/GamePage.ets:916:87
[39m
[39m
[31m358 ERROR: [31m10505001 ArkTS Compiler Error
Error Message: Object is possibly 'undefined'. At File: K:/study/HarmonyOs/code/tank/entry/src/main/ets/pages/GamePage.ets:917:88
[39m
[39m
[31m359 ERROR: [31m10505001 ArkTS Compiler Error
Error Message: Object is possibly 'undefined'. At File: K:/study/HarmonyOs/code/tank/entry/src/main/ets/pages/GamePage.ets:921:49
[39m
[39m
[31m360 ERROR: [31m10505001 ArkTS Compiler Error
Error Message: Object is possibly 'undefined'. At File: K:/study/HarmonyOs/code/tank/entry/src/main/ets/pages/GamePage.ets:921:69
[39m
[39m
[31m361 ERROR: [31m10505001 ArkTS Compiler Error
Error Message: Object is possibly 'undefined'. At File: K:/study/HarmonyOs/code/tank/entry/src/main/ets/pages/GamePage.ets:921:88
[39m
[39m
[31m362 ERROR: [31m10505001 ArkTS Compiler Error
Error Message: Object is possibly 'undefined'. At File: K:/study/HarmonyOs/code/tank/entry/src/main/ets/pages/GamePage.ets:922:12
[39m
[39m
[31m363 ERROR: [31m10505001 ArkTS Compiler Error
Error Message: Object is possibly 'undefined'. At File: K:/study/HarmonyOs/code/tank/entry/src/main/ets/pages/GamePage.ets:926:9
[39m
[39m
[31m364 ERROR: [31m10505001 ArkTS Compiler Error
Error Message: Object is possibly 'undefined'. At File: K:/study/HarmonyOs/code/tank/entry/src/main/ets/pages/GamePage.ets:929:77
[39m
[39m
[31m365 ERROR: [31m10505001 ArkTS Compiler Error
Error Message: Object is possibly 'undefined'. At File: K:/study/HarmonyOs/code/tank/entry/src/main/ets/pages/GamePage.ets:930:84
[39m
[39m
[31m366 ERROR: [31m10505001 ArkTS Compiler Error
Error Message: Object is possibly 'undefined'. At File: K:/study/HarmonyOs/code/tank/entry/src/main/ets/pages/GamePage.ets:931:84
[39m
[39m
[31m367 ERROR: [31m10505001 ArkTS Compiler Error
Error Message: Object is possibly 'undefined'. At File: K:/study/HarmonyOs/code/tank/entry/src/main/ets/pages/GamePage.ets:932:85
[39m
[39m
[31m368 ERROR: [31m10905103 ArkTS Compiler Error
Error Message: The struct 'GamePage' must have at least and at most one 'build' method. At File: K:/study/HarmonyOs/code/tank/entry/src/main/ets/pages/GamePage.ets:10:8

* Try the following:
  > A structurally modified page must have at least one and no more than one 'build' method.
[39m
[39m
[31mCOMPILE RESULT:FAIL {ERROR:369 WARN:1}[39m
    at runArkPack (K:\study\HarmonyOs\software\DevEcoStudio\DevEco Studio\tools\hvigor\hvigor-ohos-plugin\node_modules\@ohos\hvigor-arkts-compose\dist\src\arkts-pack.js:1:5632)
RollupError: Unexpected token (Note that you need plugins to import files that are not JavaScript)
    at error (K:\study\HarmonyOs\software\DevEcoStudio\DevEco Studio\tools\hvigor\hvigor-ohos-plugin\node_modules\@ohos\hvigor-arkts-base\node_modules\rollup\dist\shared\rollup.js:215:30)
    at Module.error (K:\study\HarmonyOs\software\DevEcoStudio\DevEco Studio\tools\hvigor\hvigor-ohos-plugin\node_modules\@ohos\hvigor-arkts-base\node_modules\rollup\dist\shared\rollup.js:16867:16)
    at Module.tryParse (K:\study\HarmonyOs\software\DevEcoStudio\DevEco Studio\tools\hvigor\hvigor-ohos-plugin\node_modules\@ohos\hvigor-arkts-base\node_modules\rollup\dist\shared\rollup.js:17644:25)
    at Module.setSource (K:\study\HarmonyOs\software\DevEcoStudio\DevEco Studio\tools\hvigor\hvigor-ohos-plugin\node_modules\@ohos\hvigor-arkts-base\node_modules\rollup\dist\shared\rollup.js:17162:37)
    at ModuleLoader.addModuleSource (K:\study\HarmonyOs\software\DevEcoStudio\DevEco Studio\tools\hvigor\hvigor-ohos-plugin\node_modules\@ohos\hvigor-arkts-base\node_modules\rollup\dist\shared\rollup.js:26915:20)
[2026-03-17T14:57:35.189] [ERROR] debug-file - Error: Unexpected token (Note that you need plugins to import files that are not JavaScript)
K:\study\HarmonyOs\code\tank\entry\src\main\ets\pages\GamePage.ets:477
[31m1 ERROR: [31m10605090 ArkTS Compiler Error
Error Message: Function return type inference is limited (arkts-no-implicit-return-types) At File: K:/study/HarmonyOs/code/tank/entry/src/main/ets/pages/GamePage.ets:477:5
[39m
[39m
[31m2 ERROR: [31m10605008 ArkTS Compiler Error
Error Message: Use explicit types instead of "any", "unknown" (arkts-no-any-unknown) At File: K:/study/HarmonyOs/code/tank/entry/src/main/ets/pages/GamePage.ets:477:9
[39m
[39m
[31m3 ERROR: [31m10605008 ArkTS Compiler Error
Error Message: Use explicit types instead of "any", "unknown" (arkts-no-any-unknown) At File: K:/study/HarmonyOs/code/tank/entry/src/main/ets/pages/GamePage.ets:477:10
[39m
[39m
[31m4 ERROR: [31m10605008 ArkTS Compiler Error
Error Message: Use explicit types instead of "any", "unknown" (arkts-no-any-unknown) At File: K:/study/HarmonyOs/code/tank/entry/src/main/ets/pages/GamePage.ets:477:15
[39m
[39m
[31m5 ERROR: [31m10605008 ArkTS Compiler Error
Error Message: Use explicit types instead of "any", "unknown" (arkts-no-any-unknown) At File: K:/study/HarmonyOs/code/tank/entry/src/main/ets/pages/GamePage.ets:496:14
[39m
[39m
[31m6 ERROR: [31m10605008 ArkTS Compiler Error
Error Message: Use explicit types instead of "any", "unknown" (arkts-no-any-unknown) At File: K:/study/HarmonyOs/code/tank/entry/src/main/ets/pages/GamePage.ets:497:14
[39m
[39m
[31m7 ERROR: [31m10605008 ArkTS Compiler Error
Error Message: Use explicit types instead of "any", "unknown" (arkts-no-any-unknown) At File: K:/study/HarmonyOs/code/tank/entry/src/main/ets/pages/GamePage.ets:498:14
[39m
[39m
[31m8 ERROR: [31m10605008 ArkTS Compiler Error
Error Message: Use explicit types instead of "any", "unknown" (arkts-no-any-unknown) At File: K:/study/HarmonyOs/code/tank/entry/src/main/ets/pages/GamePage.ets:499:14
[39m
[39m
[31m9 ERROR: [31m10605008 ArkTS Compiler Error
Error Message: Use explicit types instead of "any", "unknown" (arkts-no-any-unknown) At File: K:/study/HarmonyOs/code/tank/entry/src/main/ets/pages/GamePage.ets:560:14
[39m
[39m
[31m10 ERROR: [31m10605008 ArkTS Compiler Error
Error Message: Use explicit types instead of "any", "unknown" (arkts-no-any-unknown) At File: K:/study/HarmonyOs/code/tank/entry/src/main/ets/pages/GamePage.ets:561:14
[39m
[39m
[31m11 ERROR: [31m10605008 ArkTS Compiler Error
Error Message: Use explicit types instead of "any", "unknown" (arkts-no-any-unknown) At File: K:/study/HarmonyOs/code/tank/entry/src/main/ets/pages/GamePage.ets:562:14
[39m
[39m
[31m12 ERROR: [31m10605008 ArkTS Compiler Error
Error Message: Use explicit types instead of "any", "unknown" (arkts-no-any-unknown) At File: K:/study/HarmonyOs/code/tank/entry/src/main/ets/pages/GamePage.ets:563:14
[39m
[39m
[31m13 ERROR: [31m10605008 ArkTS Compiler Error
Error Message: Use explicit types instead of "any", "unknown" (arkts-no-any-unknown) At File: K:/study/HarmonyOs/code/tank/entry/src/main/ets/pages/GamePage.ets:581:14
[39m
[39m
[31m14 ERROR: [31m10605008 ArkTS Compiler Error
Error Message: Use explicit types instead of "any", "unknown" (arkts-no-any-unknown) At File: K:/study/HarmonyOs/code/tank/entry/src/main/ets/pages/GamePage.ets:616:15
[39m
[39m
[31m15 ERROR: [31m10605008 ArkTS Compiler Error
Error Message: Use explicit types instead of "any", "unknown" (arkts-no-any-unknown) At File: K:/study/HarmonyOs/code/tank/entry/src/main/ets/pages/GamePage.ets:617:15
[39m
[39m
[31m16 ERROR: [31m10605093 ArkTS Compiler Error
Error Message: Using "this" inside stand-alone functions is not supported (arkts-no-standalone-this) At File: K:/study/HarmonyOs/code/tank/entry/src/main/ets/pages/GamePage.ets:638:7
[39m
[39m
[31m17 ERROR: [31m10605093 ArkTS Compiler Error
Error Message: Using "this" inside stand-alone functions is not supported (arkts-no-standalone-this) At File: K:/study/HarmonyOs/code/tank/entry/src/main/ets/pages/GamePage.ets:641:9
[39m
[39m
[31m18 ERROR: [31m10605093 ArkTS Compiler Error
Error Message: Using "this" inside stand-alone functions is not supported (arkts-no-standalone-this) At File: K:/study/HarmonyOs/code/tank/entry/src/main/ets/pages/GamePage.ets:642:9
[39m
[39m
[31m19 ERROR: [31m10605093 ArkTS Compiler Error
Error Message: Using "this" inside stand-alone functions is not supported (arkts-no-standalone-this) At File: K:/study/HarmonyOs/code/tank/entry/src/main/ets/pages/GamePage.ets:644:9
[39m
[39m
[31m20 ERROR: [31m10605093 ArkTS Compiler Error
Error Message: Using "this" inside stand-alone functions is not supported (arkts-no-standalone-this) At File: K:/study/HarmonyOs/code/tank/entry/src/main/ets/pages/GamePage.ets:646:12
[39m
[39m
[31m21 ERROR: [31m10605093 ArkTS Compiler Error
Error Message: Using "this" inside stand-alone functions is not supported (arkts-no-standalone-this) At File: K:/study/HarmonyOs/code/tank/entry/src/main/ets/pages/GamePage.ets:647:12
[39m
[39m
[31m22 ERROR: [31m10605093 ArkTS Compiler Error
Error Message: Using "this" inside stand-alone functions is not supported (arkts-no-standalone-this) At File: K:/study/HarmonyOs/code/tank/entry/src/main/ets/pages/GamePage.ets:651:9
[39m
[39m
[31m23 ERROR: [31m10605093 ArkTS Compiler Error
Error Message: Using "this" inside stand-alone functions is not supported (arkts-no-standalone-this) At File: K:/study/HarmonyOs/code/tank/entry/src/main/ets/pages/GamePage.ets:652:9
[39m
[39m
[31m24 ERROR: [31m10605093 ArkTS Compiler Error
Error Message: Using "this" inside stand-alone functions is not supported (arkts-no-standalone-this) At File: K:/study/HarmonyOs/code/tank/entry/src/main/ets/pages/GamePage.ets:654:9
[39m
[39m
[31m25 ERROR: [31m10605093 ArkTS Compiler Error
Error Message: Using "this" inside stand-alone functions is not supported (arkts-no-standalone-this) At File: K:/study/HarmonyOs/code/tank/entry/src/main/ets/pages/GamePage.ets:656:12
[39m
[39m
[31m26 ERROR: [31m10605093 ArkTS Compiler Error
Error Message: Using "this" inside stand-alone functions is not supported (arkts-no-standalone-this) At File: K:/study/HarmonyOs/code/tank/entry/src/main/ets/pages/GamePage.ets:657:12
[39m
[39m
[31m27 ERROR: [31m10605093 ArkTS Compiler Error
Error Message: Using "this" inside stand-alone functions is not supported (arkts-no-standalone-this) At File: K:/study/HarmonyOs/code/tank/entry/src/main/ets/pages/GamePage.ets:662:7
[39m
[39m
[31m28 ERROR: [31m10605093 ArkTS Compiler Error
Error Message: Using "this" inside stand-alone functions is not supported (arkts-no-standalone-this) At File: K:/study/HarmonyOs/code/tank/entry/src/main/ets/pages/GamePage.ets:664:9
[39m
[39m
[31m29 ERROR: [31m10605093 ArkTS Compiler Error
Error Message: Using "this" inside stand-alone functions is not supported (arkts-no-standalone-this) At File: K:/study/HarmonyOs/code/tank/entry/src/main/ets/pages/GamePage.ets:666:9
[39m
[39m
[31m30 ERROR: [31m10605093 ArkTS Compiler Error
Error Message: Using "this" inside stand-alone functions is not supported (arkts-no-standalone-this) At File: K:/study/HarmonyOs/code/tank/entry/src/main/ets/pages/GamePage.ets:670:7
[39m
[39m
[31m31 ERROR: [31m10605093 ArkTS Compiler Error
Error Message: Using "this" inside stand-alone functions is not supported (arkts-no-standalone-this) At File: K:/study/HarmonyOs/code/tank/entry/src/main/ets/pages/GamePage.ets:671:7
[39m
[39m
[31m32 ERROR: [31m10605093 ArkTS Compiler Error
Error Message: Using "this" inside stand-alone functions is not supported (arkts-no-standalone-this) At File: K:/study/HarmonyOs/code/tank/entry/src/main/ets/pages/GamePage.ets:672:7
[39m
[39m
[31m33 ERROR: [31m10605093 ArkTS Compiler Error
Error Message: Using "this" inside stand-alone functions is not supported (arkts-no-standalone-this) At File: K:/study/HarmonyOs/code/tank/entry/src/main/ets/pages/GamePage.ets:673:7
[39m
[39m
[31m34 ERROR: [31m10605093 ArkTS Compiler Error
Error Message: Using "this" inside stand-alone functions is not supported (arkts-no-standalone-this) At File: K:/study/HarmonyOs/code/tank/entry/src/main/ets/pages/GamePage.ets:675:7
[39m
[39m
[31m35 ERROR: [31m10605093 ArkTS Compiler Error
Error Message: Using "this" inside stand-alone functions is not supported (arkts-no-standalone-this) At File: K:/study/HarmonyOs/code/tank/entry/src/main/ets/pages/GamePage.ets:676:7
[39m
[39m
[31m36 ERROR: [31m10605093 ArkTS Compiler Error
Error Message: Using "this" inside stand-alone functions is not supported (arkts-no-standalone-this) At File: K:/study/HarmonyOs/code/tank/entry/src/main/ets/pages/GamePage.ets:677:7
[39m
[39m
[31m37 ERROR: [31m10605093 ArkTS Compiler Error
Error Message: Using "this" inside stand-alone functions is not supported (arkts-no-standalone-this) At File: K:/study/HarmonyOs/code/tank/entry/src/main/ets/pages/GamePage.ets:678:7
[39m
[39m
[31m38 ERROR: [31m10605093 ArkTS Compiler Error
Error Message: Using "this" inside stand-alone functions is not supported (arkts-no-standalone-this) At File: K:/study/HarmonyOs/code/tank/entry/src/main/ets/pages/GamePage.ets:681:7
[39m
[39m
[31m39 ERROR: [31m10605093 ArkTS Compiler Error
Error Message: Using "this" inside stand-alone functions is not supported (arkts-no-standalone-this) At File: K:/study/HarmonyOs/code/tank/entry/src/main/ets/pages/GamePage.ets:686:11
[39m
[39m
[31m40 ERROR: [31m10605093 ArkTS Compiler Error
Error Message: Using "this" inside stand-alone functions is not supported (arkts-no-standalone-this) At File: K:/study/HarmonyOs/code/tank/entry/src/main/ets/pages/GamePage.ets:687:11
[39m
[39m
[31m41 ERROR: [31m10605093 ArkTS Compiler Error
Error Message: Using "this" inside stand-alone functions is not supported (arkts-no-standalone-this) At File: K:/study/HarmonyOs/code/tank/entry/src/main/ets/pages/GamePage.ets:687:47
[39m
[39m
[31m42 ERROR: [31m10605093 ArkTS Compiler Error
Error Message: Using "this" inside stand-alone functions is not supported (arkts-no-standalone-this) At File: K:/study/HarmonyOs/code/tank/entry/src/main/ets/pages/GamePage.ets:690:11
[39m
[39m
[31m43 ERROR: [31m10605093 ArkTS Compiler Error
Error Message: Using "this" inside stand-alone functions is not supported (arkts-no-standalone-this) At File: K:/study/HarmonyOs/code/tank/entry/src/main/ets/pages/GamePage.ets:691:11
[39m
[39m
[31m44 ERROR: [31m10605093 ArkTS Compiler Error
Error Message: Using "this" inside stand-alone functions is not supported (arkts-no-standalone-this) At File: K:/study/HarmonyOs/code/tank/entry/src/main/ets/pages/GamePage.ets:691:47
[39m
[39m
[31m45 ERROR: [31m10605093 ArkTS Compiler Error
Error Message: Using "this" inside stand-alone functions is not supported (arkts-no-standalone-this) At File: K:/study/HarmonyOs/code/tank/entry/src/main/ets/pages/GamePage.ets:694:11
[39m
[39m
[31m46 ERROR: [31m10605093 ArkTS Compiler Error
Error Message: Using "this" inside stand-alone functions is not supported (arkts-no-standalone-this) At File: K:/study/HarmonyOs/code/tank/entry/src/main/ets/pages/GamePage.ets:695:11
[39m
[39m
[31m47 ERROR: [31m10605093 ArkTS Compiler Error
Error Message: Using "this" inside stand-alone functions is not supported (arkts-no-standalone-this) At File: K:/study/HarmonyOs/code/tank/entry/src/main/ets/pages/GamePage.ets:695:47
[39m
[39m
[31m48 ERROR: [31m10605093 ArkTS Compiler Error
Error Message: Using "this" inside stand-alone functions is not supported (arkts-no-standalone-this) At File: K:/study/HarmonyOs/code/tank/entry/src/main/ets/pages/GamePage.ets:698:11
[39m
[39m
[31m49 ERROR: [31m10605093 ArkTS Compiler Error
Error Message: Using "this" inside stand-alone functions is not supported (arkts-no-standalone-this) At File: K:/study/HarmonyOs/code/tank/entry/src/main/ets/pages/GamePage.ets:699:11
[39m
[39m
[31m50 ERROR: [31m10605093 ArkTS Compiler Error
Error Message: Using "this" inside stand-alone functions is not supported (arkts-no-standalone-this) At File: K:/study/HarmonyOs/code/tank/entry/src/main/ets/pages/GamePage.ets:699:47
[39m
[39m
[31m51 ERROR: [31m10605008 ArkTS Compiler Error
Error Message: Use explicit types instead of "any", "unknown" (arkts-no-any-unknown) At File: K:/study/HarmonyOs/code/tank/entry/src/main/ets/pages/GamePage.ets:708:14
[39m
[39m
[31m52 ERROR: [31m10605008 ArkTS Compiler Error
Error Message: Use explicit types instead of "any", "unknown" (arkts-no-any-unknown) At File: K:/study/HarmonyOs/code/tank/entry/src/main/ets/pages/GamePage.ets:713:14
[39m
[39m
[31m53 ERROR: [31m10605008 ArkTS Compiler Error
Error Message: Use explicit types instead of "any", "unknown" (arkts-no-any-unknown) At File: K:/study/HarmonyOs/code/tank/entry/src/main/ets/pages/GamePage.ets:715:13
[39m
[39m
[31m54 ERROR: [31m10605008 ArkTS Compiler Error
Error Message: Use explicit types instead of "any", "unknown" (arkts-no-any-unknown) At File: K:/study/HarmonyOs/code/tank/entry/src/main/ets/pages/GamePage.ets:716:13
[39m
[39m
[31m55 ERROR: [31m10605008 ArkTS Compiler Error
Error Message: Use explicit types instead of "any", "unknown" (arkts-no-any-unknown) At File: K:/study/HarmonyOs/code/tank/entry/src/main/ets/pages/GamePage.ets:732:14
[39m
[39m
[31m56 ERROR: [31m10605008 ArkTS Compiler Error
Error Message: Use explicit types instead of "any", "unknown" (arkts-no-any-unknown) At File: K:/study/HarmonyOs/code/tank/entry/src/main/ets/pages/GamePage.ets:734:14
[39m
[39m
[31m57 ERROR: [31m10605008 ArkTS Compiler Error
Error Message: Use explicit types instead of "any", "unknown" (arkts-no-any-unknown) At File: K:/study/HarmonyOs/code/tank/entry/src/main/ets/pages/GamePage.ets:735:14
[39m
[39m
[31m58 ERROR: [31m10605093 ArkTS Compiler Error
Error Message: Using "this" inside stand-alone functions is not supported (arkts-no-standalone-this) At File: K:/study/HarmonyOs/code/tank/entry/src/main/ets/pages/GamePage.ets:819:18
[39m
[39m
[31m59 ERROR: [31m10605093 ArkTS Compiler Error
Error Message: Using "this" inside stand-alone functions is not supported (arkts-no-standalone-this) At File: K:/study/HarmonyOs/code/tank/entry/src/main/ets/pages/GamePage.ets:819:40
[39m
[39m
[31m60 ERROR: [31m10605093 ArkTS Compiler Error
Error Message: Using "this" inside stand-alone functions is not supported (arkts-no-standalone-this) At File: K:/study/HarmonyOs/code/tank/entry/src/main/ets/pages/GamePage.ets:820:18
[39m
[39m
[31m61 ERROR: [31m10605093 ArkTS Compiler Error
Error Message: Using "this" inside stand-alone functions is not supported (arkts-no-standalone-this) At File: K:/study/HarmonyOs/code/tank/entry/src/main/ets/pages/GamePage.ets:820:41
[39m
[39m
[31m62 ERROR: [31m10605093 ArkTS Compiler Error
Error Message: Using "this" inside stand-alone functions is not supported (arkts-no-standalone-this) At File: K:/study/HarmonyOs/code/tank/entry/src/main/ets/pages/GamePage.ets:822:18
[39m
[39m
[31m63 ERROR: [31m10605093 ArkTS Compiler Error
Error Message: Using "this" inside stand-alone functions is not supported (arkts-no-standalone-this) At File: K:/study/HarmonyOs/code/tank/entry/src/main/ets/pages/GamePage.ets:909:14
[39m
[39m
[31m64 ERROR: [31m10605093 ArkTS Compiler Error
Error Message: Using "this" inside stand-alone functions is not supported (arkts-no-standalone-this) At File: K:/study/HarmonyOs/code/tank/entry/src/main/ets/pages/GamePage.ets:910:12
[39m
[39m
[31m65 ERROR: [31m10605093 ArkTS Compiler Error
Error Message: Using "this" inside stand-alone functions is not supported (arkts-no-standalone-this) At File: K:/study/HarmonyOs/code/tank/entry/src/main/ets/pages/GamePage.ets:914:80
[39m
[39m
[31m66 ERROR: [31m10605093 ArkTS Compiler Error
Error Message: Using "this" inside stand-alone functions is not supported (arkts-no-standalone-this) At File: K:/study/HarmonyOs/code/tank/entry/src/main/ets/pages/GamePage.ets:915:87
[39m
[39m
[31m67 ERROR: [31m10605093 ArkTS Compiler Error
Error Message: Using "this" inside stand-alone functions is not supported (arkts-no-standalone-this) At File: K:/study/HarmonyOs/code/tank/entry/src/main/ets/pages/GamePage.ets:916:87
[39m
[39m
[31m68 ERROR: [31m10605093 ArkTS Compiler Error
Error Message: Using "this" inside stand-alone functions is not supported (arkts-no-standalone-this) At File: K:/study/HarmonyOs/code/tank/entry/src/main/ets/pages/GamePage.ets:917:88
[39m
[39m
[31m69 ERROR: [31m10605093 ArkTS Compiler Error
Error Message: Using "this" inside stand-alone functions is not supported (arkts-no-standalone-this) At File: K:/study/HarmonyOs/code/tank/entry/src/main/ets/pages/GamePage.ets:921:49
[39m
[39m
[31m70 ERROR: [31m10605093 ArkTS Compiler Error
Error Message: Using "this" inside stand-alone functions is not supported (arkts-no-standalone-this) At File: K:/study/HarmonyOs/code/tank/entry/src/main/ets/pages/GamePage.ets:921:69
[39m
[39m
[31m71 ERROR: [31m10605093 ArkTS Compiler Error
Error Message: Using "this" inside stand-alone functions is not supported (arkts-no-standalone-this) At File: K:/study/HarmonyOs/code/tank/entry/src/main/ets/pages/GamePage.ets:921:88
[39m
[39m
[31m72 ERROR: [31m10605093 ArkTS Compiler Error
Error Message: Using "this" inside stand-alone functions is not supported (arkts-no-standalone-this) At File: K:/study/HarmonyOs/code/tank/entry/src/main/ets/pages/GamePage.ets:922:12
[39m
[39m
[31m73 ERROR: [31m10605093 ArkTS Compiler Error
Error Message: Using "this" inside stand-alone functions is not supported (arkts-no-standalone-this) At File: K:/study/HarmonyOs/code/tank/entry/src/main/ets/pages/GamePage.ets:926:9
[39m
[39m
[31m74 ERROR: [31m10605093 ArkTS Compiler Error
Error Message: Using "this" inside stand-alone functions is not supported (arkts-no-standalone-this) At File: K:/study/HarmonyOs/code/tank/entry/src/main/ets/pages/GamePage.ets:929:77
[39m
[39m
[31m75 ERROR: [31m10605093 ArkTS Compiler Error
Error Message: Using "this" inside stand-alone functions is not supported (arkts-no-standalone-this) At File: K:/study/HarmonyOs/code/tank/entry/src/main/ets/pages/GamePage.ets:930:84
[39m
[39m
[31m76 ERROR: [31m10605093 ArkTS Compiler Error
Error Message: Using "this" inside stand-alone functions is not supported (arkts-no-standalone-this) At File: K:/study/HarmonyOs/code/tank/entry/src/main/ets/pages/GamePage.ets:931:84
[39m
[39m
[31m77 ERROR: [31m10605093 ArkTS Compiler Error
Error Message: Using "this" inside stand-alone functions is not supported (arkts-no-standalone-this) At File: K:/study/HarmonyOs/code/tank/entry/src/main/ets/pages/GamePage.ets:932:85
[39m
[39m
[31m78 ERROR: [31m10505001 ArkTS Compiler Error
Error Message: Identifier expected. At File: K:/study/HarmonyOs/code/tank/entry/src/main/ets/pages/GamePage.ets:477:9
[39m
[39m
[31m79 ERROR: [31m10505001 ArkTS Compiler Error
Error Message: ',' expected. At File: K:/study/HarmonyOs/code/tank/entry/src/main/ets/pages/GamePage.ets:477:14
[39m
[39m
[31m80 ERROR: [31m10505001 ArkTS Compiler Error
Error Message: ',' expected. At File: K:/study/HarmonyOs/code/tank/entry/src/main/ets/pages/GamePage.ets:477:31
[39m
[39m
[31m81 ERROR: [31m10505001 ArkTS Compiler Error
Error Message: ';' expected. At File: K:/study/HarmonyOs/code/tank/entry/src/main/ets/pages/GamePage.ets:477:149
[39m
[39m
[31m82 ERROR: [31m10505001 ArkTS Compiler Error
Error Message: Declaration or statement expected. At File: K:/study/HarmonyOs/code/tank/entry/src/main/ets/pages/GamePage.ets:481:3
[39m
[39m
[31m83 ERROR: [31m10505001 ArkTS Compiler Error
Error Message: ';' expected. At File: K:/study/HarmonyOs/code/tank/entry/src/main/ets/pages/GamePage.ets:483:10
[39m
[39m
[31m84 ERROR: [31m10505001 ArkTS Compiler Error
Error Message: ';' expected. At File: K:/study/HarmonyOs/code/tank/entry/src/main/ets/pages/GamePage.ets:785:11
[39m
[39m
[31m85 ERROR: [31m10505001 ArkTS Compiler Error
Error Message: ';' expected. At File: K:/study/HarmonyOs/code/tank/entry/src/main/ets/pages/GamePage.ets:786:13
[39m
[39m
[31m86 ERROR: [31m10505001 ArkTS Compiler Error
Error Message: ';' expected. At File: K:/study/HarmonyOs/code/tank/entry/src/main/ets/pages/GamePage.ets:787:16
[39m
[39m
[31m87 ERROR: [31m10505001 ArkTS Compiler Error
Error Message: ';' expected. At File: K:/study/HarmonyOs/code/tank/entry/src/main/ets/pages/GamePage.ets:789:15
[39m
[39m
[31m88 ERROR: [31m10505001 ArkTS Compiler Error
Error Message: Declaration or statement expected. At File: K:/study/HarmonyOs/code/tank/entry/src/main/ets/pages/GamePage.ets:795:9
[39m
[39m
[31m89 ERROR: [31m10505001 ArkTS Compiler Error
Error Message: ';' expected. At File: K:/study/HarmonyOs/code/tank/entry/src/main/ets/pages/GamePage.ets:800:17
[39m
[39m
[31m90 ERROR: [31m10505001 ArkTS Compiler Error
Error Message: ';' expected. At File: K:/study/HarmonyOs/code/tank/entry/src/main/ets/pages/GamePage.ets:827:22
[39m
[39m
[31m91 ERROR: [31m10505001 ArkTS Compiler Error
Error Message: ';' expected. At File: K:/study/HarmonyOs/code/tank/entry/src/main/ets/pages/GamePage.ets:829:21
[39m
[39m
[31m92 ERROR: [31m10505001 ArkTS Compiler Error
Error Message: Declaration or statement expected. At File: K:/study/HarmonyOs/code/tank/entry/src/main/ets/pages/GamePage.ets:832:16
[39m
[39m
[31m93 ERROR: [31m10505001 ArkTS Compiler Error
Error Message: ';' expected. At File: K:/study/HarmonyOs/code/tank/entry/src/main/ets/pages/GamePage.ets:835:24
[39m
[39m
[31m94 ERROR: [31m10505001 ArkTS Compiler Error
Error Message: Declaration or statement expected. At File: K:/study/HarmonyOs/code/tank/entry/src/main/ets/pages/GamePage.ets:840:16
[39m
[39m
[31m95 ERROR: [31m10505001 ArkTS Compiler Error
Error Message: ';' expected. At File: K:/study/HarmonyOs/code/tank/entry/src/main/ets/pages/GamePage.ets:843:24
[39m
[39m
[31m96 ERROR: [31m10505001 ArkTS Compiler Error
Error Message: ';' expected. At File: K:/study/HarmonyOs/code/tank/entry/src/main/ets/pages/GamePage.ets:844:23
[39m
[39m
[31m97 ERROR: [31m10505001 ArkTS Compiler Error
Error Message: Declaration or statement expected. At File: K:/study/HarmonyOs/code/tank/entry/src/main/ets/pages/GamePage.ets:848:18
[39m
[39m
[31m98 ERROR: [31m10505001 ArkTS Compiler Error
Error Message: ';' expected. At File: K:/study/HarmonyOs/code/tank/entry/src/main/ets/pages/GamePage.ets:850:23
[39m
[39m
[31m99 ERROR: [31m10505001 ArkTS Compiler Error
Error Message: Declaration or statement expected. At File: K:/study/HarmonyOs/code/tank/entry/src/main/ets/pages/GamePage.ets:853:18
[39m
[39m
[31m100 ERROR: [31m10505001 ArkTS Compiler Error
Error Message: Declaration or statement expected. At File: K:/study/HarmonyOs/code/tank/entry/src/main/ets/pages/GamePage.ets:857:16
[39m
[39m
[31m101 ERROR: [31m10505001 ArkTS Compiler Error
Error Message: ';' expected. At File: K:/study/HarmonyOs/code/tank/entry/src/main/ets/pages/GamePage.ets:860:24
[39m
[39m
[31m102 ERROR: [31m10505001 ArkTS Compiler Error
Error Message: Declaration or statement expected. At File: K:/study/HarmonyOs/code/tank/entry/src/main/ets/pages/GamePage.ets:864:16
[39m
[39m
[31m103 ERROR: [31m10505001 ArkTS Compiler Error
Error Message: Declaration or statement expected. At File: K:/study/HarmonyOs/code/tank/entry/src/main/ets/pages/GamePage.ets:867:13
[39m
[39m
[31m104 ERROR: [31m10505001 ArkTS Compiler Error
Error Message: ';' expected. At File: K:/study/HarmonyOs/code/tank/entry/src/main/ets/pages/GamePage.ets:874:23
[39m
[39m
[31m105 ERROR: [31m10505001 ArkTS Compiler Error
Error Message: Declaration or statement expected. At File: K:/study/HarmonyOs/code/tank/entry/src/main/ets/pages/GamePage.ets:878:14
[39m
[39m
[31m106 ERROR: [31m10505001 ArkTS Compiler Error
Error Message: ';' expected. At File: K:/study/HarmonyOs/code/tank/entry/src/main/ets/pages/GamePage.ets:885:23
[39m
[39m
[31m107 ERROR: [31m10505001 ArkTS Compiler Error
Error Message: Declaration or statement expected. At File: K:/study/HarmonyOs/code/tank/entry/src/main/ets/pages/GamePage.ets:889:14
[39m
[39m
[31m108 ERROR: [31m10505001 ArkTS Compiler Error
Error Message: Declaration or statement expected. At File: K:/study/HarmonyOs/code/tank/entry/src/main/ets/pages/GamePage.ets:898:5
[39m
[39m
[31m109 ERROR: [31m10505001 ArkTS Compiler Error
Error Message: Declaration or statement expected. At File: K:/study/HarmonyOs/code/tank/entry/src/main/ets/pages/GamePage.ets:936:1
[39m
[39m
[31m110 ERROR: [31m10505001 ArkTS Compiler Error
Error Message: Property 'draw' does not exist on type 'GamePage'. At File: K:/study/HarmonyOs/code/tank/entry/src/main/ets/pages/GamePage.ets:172:12
[39m
[39m
[31m111 ERROR: [31m10505001 ArkTS Compiler Error
Error Message: Property 'isDestroyed' does not exist on type 'Bullet'. At File: K:/study/HarmonyOs/code/tank/entry/src/main/ets/pages/GamePage.ets:382:11
[39m
[39m
[31m112 ERROR: [31m10505001 ArkTS Compiler Error
Error Message: Expected 3 arguments, but got 2. At File: K:/study/HarmonyOs/code/tank/entry/src/main/ets/pages/GamePage.ets:391:35
[39m
[39m
[31m113 ERROR: [31m10505001 ArkTS Compiler Error
Error Message: Expected 3 arguments, but got 2. At File: K:/study/HarmonyOs/code/tank/entry/src/main/ets/pages/GamePage.ets:396:33
[39m
[39m
[31m114 ERROR: [31m10505001 ArkTS Compiler Error
Error Message: A 'this' parameter must be the first parameter. At File: K:/study/HarmonyOs/code/tank/entry/src/main/ets/pages/GamePage.ets:477:10
[39m
[39m
[31m115 ERROR: [31m10505001 ArkTS Compiler Error
Error Message: Cannot find name 'x'. At File: K:/study/HarmonyOs/code/tank/entry/src/main/ets/pages/GamePage.ets:477:61
[39m
[39m
[31m116 ERROR: [31m10505001 ArkTS Compiler Error
Error Message: Cannot find name 'y'. At File: K:/study/HarmonyOs/code/tank/entry/src/main/ets/pages/GamePage.ets:477:64
[39m
[39m
[31m117 ERROR: [31m10505001 ArkTS Compiler Error
Error Message: Cannot find name 'w'. At File: K:/study/HarmonyOs/code/tank/entry/src/main/ets/pages/GamePage.ets:477:67
[39m
[39m
[31m118 ERROR: [31m10505001 ArkTS Compiler Error
Error Message: Cannot find name 'h'. At File: K:/study/HarmonyOs/code/tank/entry/src/main/ets/pages/GamePage.ets:477:70
[39m
[39m
[31m119 ERROR: [31m10505001 ArkTS Compiler Error
Error Message: Object is possibly 'undefined'. At File: K:/study/HarmonyOs/code/tank/entry/src/main/ets/pages/GamePage.ets:477:73
[39m
[39m
[31m120 ERROR: [31m10505001 ArkTS Compiler Error
Error Message: Object is possibly 'undefined'. At File: K:/study/HarmonyOs/code/tank/entry/src/main/ets/pages/GamePage.ets:477:90
[39m
[39m
[31m121 ERROR: [31m10505001 ArkTS Compiler Error
Error Message: Object is possibly 'undefined'. At File: K:/study/HarmonyOs/code/tank/entry/src/main/ets/pages/GamePage.ets:477:107
[39m
[39m
[31m122 ERROR: [31m10505001 ArkTS Compiler Error
Error Message: Object is possibly 'undefined'. At File: K:/study/HarmonyOs/code/tank/entry/src/main/ets/pages/GamePage.ets:477:128
[39m
[39m
[31m123 ERROR: [31m10505001 ArkTS Compiler Error
Error Message: Cannot find name 'draw'. At File: K:/study/HarmonyOs/code/tank/entry/src/main/ets/pages/GamePage.ets:483:3
[39m
[39m
[31m124 ERROR: [31m10505001 ArkTS Compiler Error
Error Message: Object is possibly 'undefined'. At File: K:/study/HarmonyOs/code/tank/entry/src/main/ets/pages/GamePage.ets:485:5
[39m
[39m
[31m125 ERROR: [31m10505001 ArkTS Compiler Error
Error Message: Object is possibly 'undefined'. At File: K:/study/HarmonyOs/code/tank/entry/src/main/ets/pages/GamePage.ets:488:5
[39m
[39m
[31m126 ERROR: [31m10505001 ArkTS Compiler Error
Error Message: Object is possibly 'undefined'. At File: K:/study/HarmonyOs/code/tank/entry/src/main/ets/pages/GamePage.ets:488:24
[39m
[39m
[31m127 ERROR: [31m10505001 ArkTS Compiler Error
Error Message: Object is possibly 'undefined'. At File: K:/study/HarmonyOs/code/tank/entry/src/main/ets/pages/GamePage.ets:488:37
[39m
[39m
[31m128 ERROR: [31m10505001 ArkTS Compiler Error
Error Message: Object is possibly 'undefined'. At File: K:/study/HarmonyOs/code/tank/entry/src/main/ets/pages/GamePage.ets:491:5
[39m
[39m
[31m129 ERROR: [31m10505001 ArkTS Compiler Error
Error Message: Object is possibly 'undefined'. At File: K:/study/HarmonyOs/code/tank/entry/src/main/ets/pages/GamePage.ets:492:5
[39m
[39m
[31m130 ERROR: [31m10505001 ArkTS Compiler Error
Error Message: Object is possibly 'undefined'. At File: K:/study/HarmonyOs/code/tank/entry/src/main/ets/pages/GamePage.ets:492:33
[39m
[39m
[31m131 ERROR: [31m10505001 ArkTS Compiler Error
Error Message: Object is possibly 'undefined'. At File: K:/study/HarmonyOs/code/tank/entry/src/main/ets/pages/GamePage.ets:492:51
[39m
[39m
[31m132 ERROR: [31m10505001 ArkTS Compiler Error
Error Message: Object is possibly 'undefined'. At File: K:/study/HarmonyOs/code/tank/entry/src/main/ets/pages/GamePage.ets:495:10
[39m
[39m
[31m133 ERROR: [31m10505001 ArkTS Compiler Error
Error Message: Object is possibly 'undefined'. At File: K:/study/HarmonyOs/code/tank/entry/src/main/ets/pages/GamePage.ets:496:19
[39m
[39m
[31m134 ERROR: [31m10505001 ArkTS Compiler Error
Error Message: Object is possibly 'undefined'. At File: K:/study/HarmonyOs/code/tank/entry/src/main/ets/pages/GamePage.ets:497:19
[39m
[39m
[31m135 ERROR: [31m10505001 ArkTS Compiler Error
Error Message: Object is possibly 'undefined'. At File: K:/study/HarmonyOs/code/tank/entry/src/main/ets/pages/GamePage.ets:498:19
[39m
[39m
[31m136 ERROR: [31m10505001 ArkTS Compiler Error
Error Message: Object is possibly 'undefined'. At File: K:/study/HarmonyOs/code/tank/entry/src/main/ets/pages/GamePage.ets:499:19
[39m
[39m
[31m137 ERROR: [31m10505001 ArkTS Compiler Error
Error Message: Object is possibly 'undefined'. At File: K:/study/HarmonyOs/code/tank/entry/src/main/ets/pages/GamePage.ets:502:8
[39m
[39m
[31m138 ERROR: [31m10505001 ArkTS Compiler Error
Error Message: Object is possibly 'undefined'. At File: K:/study/HarmonyOs/code/tank/entry/src/main/ets/pages/GamePage.ets:503:8
[39m
[39m
[31m139 ERROR: [31m10505001 ArkTS Compiler Error
Error Message: Object is possibly 'undefined'. At File: K:/study/HarmonyOs/code/tank/entry/src/main/ets/pages/GamePage.ets:506:8
[39m
[39m
[31m140 ERROR: [31m10505001 ArkTS Compiler Error
Error Message: Object is possibly 'undefined'. At File: K:/study/HarmonyOs/code/tank/entry/src/main/ets/pages/GamePage.ets:508:8
[39m
[39m
[31m141 ERROR: [31m10505001 ArkTS Compiler Error
Error Message: Object is possibly 'undefined'. At File: K:/study/HarmonyOs/code/tank/entry/src/main/ets/pages/GamePage.ets:510:8
[39m
[39m
[31m142 ERROR: [31m10505001 ArkTS Compiler Error
Error Message: Object is possibly 'undefined'. At File: K:/study/HarmonyOs/code/tank/entry/src/main/ets/pages/GamePage.ets:511:8
[39m
[39m
[31m143 ERROR: [31m10505001 ArkTS Compiler Error
Error Message: Object is possibly 'undefined'. At File: K:/study/HarmonyOs/code/tank/entry/src/main/ets/pages/GamePage.ets:514:8
[39m
[39m
[31m144 ERROR: [31m10505001 ArkTS Compiler Error
Error Message: Object is possibly 'undefined'. At File: K:/study/HarmonyOs/code/tank/entry/src/main/ets/pages/GamePage.ets:515:8
[39m
[39m
[31m145 ERROR: [31m10505001 ArkTS Compiler Error
Error Message: Object is possibly 'undefined'. At File: K:/study/HarmonyOs/code/tank/entry/src/main/ets/pages/GamePage.ets:516:8
[39m
[39m
[31m146 ERROR: [31m10505001 ArkTS Compiler Error
Error Message: Object is possibly 'undefined'. At File: K:/study/HarmonyOs/code/tank/entry/src/main/ets/pages/GamePage.ets:517:8
[39m
[39m
[31m147 ERROR: [31m10505001 ArkTS Compiler Error
Error Message: Object is possibly 'undefined'. At File: K:/study/HarmonyOs/code/tank/entry/src/main/ets/pages/GamePage.ets:518:8
[39m
[39m
[31m148 ERROR: [31m10505001 ArkTS Compiler Error
Error Message: Object is possibly 'undefined'. At File: K:/study/HarmonyOs/code/tank/entry/src/main/ets/pages/GamePage.ets:519:8
[39m
[39m
[31m149 ERROR: [31m10505001 ArkTS Compiler Error
Error Message: Object is possibly 'undefined'. At File: K:/study/HarmonyOs/code/tank/entry/src/main/ets/pages/GamePage.ets:522:8
[39m
[39m
[31m150 ERROR: [31m10505001 ArkTS Compiler Error
Error Message: Object is possibly 'undefined'. At File: K:/study/HarmonyOs/code/tank/entry/src/main/ets/pages/GamePage.ets:523:8
[39m
[39m
[31m151 ERROR: [31m10505001 ArkTS Compiler Error
Error Message: Object is possibly 'undefined'. At File: K:/study/HarmonyOs/code/tank/entry/src/main/ets/pages/GamePage.ets:524:8
[39m
[39m
[31m152 ERROR: [31m10505001 ArkTS Compiler Error
Error Message: Object is possibly 'undefined'. At File: K:/study/HarmonyOs/code/tank/entry/src/main/ets/pages/GamePage.ets:525:8
[39m
[39m
[31m153 ERROR: [31m10505001 ArkTS Compiler Error
Error Message: Object is possibly 'undefined'. At File: K:/study/HarmonyOs/code/tank/entry/src/main/ets/pages/GamePage.ets:526:8
[39m
[39m
[31m154 ERROR: [31m10505001 ArkTS Compiler Error
Error Message: Object is possibly 'undefined'. At File: K:/study/HarmonyOs/code/tank/entry/src/main/ets/pages/GamePage.ets:527:8
[39m
[39m
[31m155 ERROR: [31m10505001 ArkTS Compiler Error
Error Message: Object is possibly 'undefined'. At File: K:/study/HarmonyOs/code/tank/entry/src/main/ets/pages/GamePage.ets:530:8
[39m
[39m
[31m156 ERROR: [31m10505001 ArkTS Compiler Error
Error Message: Object is possibly 'undefined'. At File: K:/study/HarmonyOs/code/tank/entry/src/main/ets/pages/GamePage.ets:531:8
[39m
[39m
[31m157 ERROR: [31m10505001 ArkTS Compiler Error
Error Message: Object is possibly 'undefined'. At File: K:/study/HarmonyOs/code/tank/entry/src/main/ets/pages/GamePage.ets:532:8
[39m
[39m
[31m158 ERROR: [31m10505001 ArkTS Compiler Error
Error Message: Object is possibly 'undefined'. At File: K:/study/HarmonyOs/code/tank/entry/src/main/ets/pages/GamePage.ets:533:8
[39m
[39m
[31m159 ERROR: [31m10505001 ArkTS Compiler Error
Error Message: Object is possibly 'undefined'. At File: K:/study/HarmonyOs/code/tank/entry/src/main/ets/pages/GamePage.ets:534:8
[39m
[39m
[31m160 ERROR: [31m10505001 ArkTS Compiler Error
Error Message: Object is possibly 'undefined'. At File: K:/study/HarmonyOs/code/tank/entry/src/main/ets/pages/GamePage.ets:535:8
[39m
[39m
[31m161 ERROR: [31m10505001 ArkTS Compiler Error
Error Message: Object is possibly 'undefined'. At File: K:/study/HarmonyOs/code/tank/entry/src/main/ets/pages/GamePage.ets:538:8
[39m
[39m
[31m162 ERROR: [31m10505001 ArkTS Compiler Error
Error Message: Object is possibly 'undefined'. At File: K:/study/HarmonyOs/code/tank/entry/src/main/ets/pages/GamePage.ets:539:8
[39m
[39m
[31m163 ERROR: [31m10505001 ArkTS Compiler Error
Error Message: Object is possibly 'undefined'. At File: K:/study/HarmonyOs/code/tank/entry/src/main/ets/pages/GamePage.ets:540:8
[39m
[39m
[31m164 ERROR: [31m10505001 ArkTS Compiler Error
Error Message: Object is possibly 'undefined'. At File: K:/study/HarmonyOs/code/tank/entry/src/main/ets/pages/GamePage.ets:541:8
[39m
[39m
[31m165 ERROR: [31m10505001 ArkTS Compiler Error
Error Message: Object is possibly 'undefined'. At File: K:/study/HarmonyOs/code/tank/entry/src/main/ets/pages/GamePage.ets:542:8
[39m
[39m
[31m166 ERROR: [31m10505001 ArkTS Compiler Error
Error Message: Object is possibly 'undefined'. At File: K:/study/HarmonyOs/code/tank/entry/src/main/ets/pages/GamePage.ets:543:8
[39m
[39m
[31m167 ERROR: [31m10505001 ArkTS Compiler Error
Error Message: Object is possibly 'undefined'. At File: K:/study/HarmonyOs/code/tank/entry/src/main/ets/pages/GamePage.ets:546:8
[39m
[39m
[31m168 ERROR: [31m10505001 ArkTS Compiler Error
Error Message: Object is possibly 'undefined'. At File: K:/study/HarmonyOs/code/tank/entry/src/main/ets/pages/GamePage.ets:547:8
[39m
[39m
[31m169 ERROR: [31m10505001 ArkTS Compiler Error
Error Message: Object is possibly 'undefined'. At File: K:/study/HarmonyOs/code/tank/entry/src/main/ets/pages/GamePage.ets:548:8
[39m
[39m
[31m170 ERROR: [31m10505001 ArkTS Compiler Error
Error Message: Object is possibly 'undefined'. At File: K:/study/HarmonyOs/code/tank/entry/src/main/ets/pages/GamePage.ets:551:8
[39m
[39m
[31m171 ERROR: [31m10505001 ArkTS Compiler Error
Error Message: Object is possibly 'undefined'. At File: K:/study/HarmonyOs/code/tank/entry/src/main/ets/pages/GamePage.ets:552:8
[39m
[39m
[31m172 ERROR: [31m10505001 ArkTS Compiler Error
Error Message: Object is possibly 'undefined'. At File: K:/study/HarmonyOs/code/tank/entry/src/main/ets/pages/GamePage.ets:553:8
[39m
[39m
[31m173 ERROR: [31m10505001 ArkTS Compiler Error
Error Message: Object is possibly 'undefined'. At File: K:/study/HarmonyOs/code/tank/entry/src/main/ets/pages/GamePage.ets:554:8
[39m
[39m
[31m174 ERROR: [31m10505001 ArkTS Compiler Error
Error Message: Object is possibly 'undefined'. At File: K:/study/HarmonyOs/code/tank/entry/src/main/ets/pages/GamePage.ets:555:8
[39m
[39m
[31m175 ERROR: [31m10505001 ArkTS Compiler Error
Error Message: Object is possibly 'undefined'. At File: K:/study/HarmonyOs/code/tank/entry/src/main/ets/pages/GamePage.ets:556:8
[39m
[39m
[31m176 ERROR: [31m10505001 ArkTS Compiler Error
Error Message: Object is possibly 'undefined'. At File: K:/study/HarmonyOs/code/tank/entry/src/main/ets/pages/GamePage.ets:560:19
[39m
[39m
[31m177 ERROR: [31m10505001 ArkTS Compiler Error
Error Message: Object is possibly 'undefined'. At File: K:/study/HarmonyOs/code/tank/entry/src/main/ets/pages/GamePage.ets:561:19
[39m
[39m
[31m178 ERROR: [31m10505001 ArkTS Compiler Error
Error Message: Object is possibly 'undefined'. At File: K:/study/HarmonyOs/code/tank/entry/src/main/ets/pages/GamePage.ets:562:19
[39m
[39m
[31m179 ERROR: [31m10505001 ArkTS Compiler Error
Error Message: Object is possibly 'undefined'. At File: K:/study/HarmonyOs/code/tank/entry/src/main/ets/pages/GamePage.ets:563:19
[39m
[39m
[31m180 ERROR: [31m10505001 ArkTS Compiler Error
Error Message: Object is possibly 'undefined'. At File: K:/study/HarmonyOs/code/tank/entry/src/main/ets/pages/GamePage.ets:565:8
[39m
[39m
[31m181 ERROR: [31m10505001 ArkTS Compiler Error
Error Message: Object is possibly 'undefined'. At File: K:/study/HarmonyOs/code/tank/entry/src/main/ets/pages/GamePage.ets:566:8
[39m
[39m
[31m182 ERROR: [31m10505001 ArkTS Compiler Error
Error Message: Object is possibly 'undefined'. At File: K:/study/HarmonyOs/code/tank/entry/src/main/ets/pages/GamePage.ets:568:8
[39m
[39m
[31m183 ERROR: [31m10505001 ArkTS Compiler Error
Error Message: Object is possibly 'undefined'. At File: K:/study/HarmonyOs/code/tank/entry/src/main/ets/pages/GamePage.ets:570:8
[39m
[39m
[31m184 ERROR: [31m10505001 ArkTS Compiler Error
Error Message: Object is possibly 'undefined'. At File: K:/study/HarmonyOs/code/tank/entry/src/main/ets/pages/GamePage.ets:571:8
[39m
[39m
[31m185 ERROR: [31m10505001 ArkTS Compiler Error
Error Message: Object is possibly 'undefined'. At File: K:/study/HarmonyOs/code/tank/entry/src/main/ets/pages/GamePage.ets:572:8
[39m
[39m
[31m186 ERROR: [31m10505001 ArkTS Compiler Error
Error Message: Object is possibly 'undefined'. At File: K:/study/HarmonyOs/code/tank/entry/src/main/ets/pages/GamePage.ets:573:8
[39m
[39m
[31m187 ERROR: [31m10505001 ArkTS Compiler Error
Error Message: Object is possibly 'undefined'. At File: K:/study/HarmonyOs/code/tank/entry/src/main/ets/pages/GamePage.ets:574:8
[39m
[39m
[31m188 ERROR: [31m10505001 ArkTS Compiler Error
Error Message: Object is possibly 'undefined'. At File: K:/study/HarmonyOs/code/tank/entry/src/main/ets/pages/GamePage.ets:576:8
[39m
[39m
[31m189 ERROR: [31m10505001 ArkTS Compiler Error
Error Message: Object is possibly 'undefined'. At File: K:/study/HarmonyOs/code/tank/entry/src/main/ets/pages/GamePage.ets:577:8
[39m
[39m
[31m190 ERROR: [31m10505001 ArkTS Compiler Error
Error Message: Object is possibly 'undefined'. At File: K:/study/HarmonyOs/code/tank/entry/src/main/ets/pages/GamePage.ets:581:19
[39m
[39m
[31m191 ERROR: [31m10505001 ArkTS Compiler Error
Error Message: Object is possibly 'undefined'. At File: K:/study/HarmonyOs/code/tank/entry/src/main/ets/pages/GamePage.ets:584:9
[39m
[39m
[31m192 ERROR: [31m10505001 ArkTS Compiler Error
Error Message: Object is possibly 'undefined'. At File: K:/study/HarmonyOs/code/tank/entry/src/main/ets/pages/GamePage.ets:585:9
[39m
[39m
[31m193 ERROR: [31m10505001 ArkTS Compiler Error
Error Message: Object is possibly 'undefined'. At File: K:/study/HarmonyOs/code/tank/entry/src/main/ets/pages/GamePage.ets:587:9
[39m
[39m
[31m194 ERROR: [31m10505001 ArkTS Compiler Error
Error Message: Object is possibly 'undefined'. At File: K:/study/HarmonyOs/code/tank/entry/src/main/ets/pages/GamePage.ets:589:9
[39m
[39m
[31m195 ERROR: [31m10505001 ArkTS Compiler Error
Error Message: Object is possibly 'undefined'. At File: K:/study/HarmonyOs/code/tank/entry/src/main/ets/pages/GamePage.ets:590:9
[39m
[39m
[31m196 ERROR: [31m10505001 ArkTS Compiler Error
Error Message: Object is possibly 'undefined'. At File: K:/study/HarmonyOs/code/tank/entry/src/main/ets/pages/GamePage.ets:593:9
[39m
[39m
[31m197 ERROR: [31m10505001 ArkTS Compiler Error
Error Message: Object is possibly 'undefined'. At File: K:/study/HarmonyOs/code/tank/entry/src/main/ets/pages/GamePage.ets:594:9
[39m
[39m
[31m198 ERROR: [31m10505001 ArkTS Compiler Error
Error Message: Object is possibly 'undefined'. At File: K:/study/HarmonyOs/code/tank/entry/src/main/ets/pages/GamePage.ets:595:9
[39m
[39m
[31m199 ERROR: [31m10505001 ArkTS Compiler Error
Error Message: Object is possibly 'undefined'. At File: K:/study/HarmonyOs/code/tank/entry/src/main/ets/pages/GamePage.ets:596:9
[39m
[39m
[31m200 ERROR: [31m10505001 ArkTS Compiler Error
Error Message: Object is possibly 'undefined'. At File: K:/study/HarmonyOs/code/tank/entry/src/main/ets/pages/GamePage.ets:597:9
[39m
[39m
[31m201 ERROR: [31m10505001 ArkTS Compiler Error
Error Message: Object is possibly 'undefined'. At File: K:/study/HarmonyOs/code/tank/entry/src/main/ets/pages/GamePage.ets:601:9
[39m
[39m
[31m202 ERROR: [31m10505001 ArkTS Compiler Error
Error Message: Object is possibly 'undefined'. At File: K:/study/HarmonyOs/code/tank/entry/src/main/ets/pages/GamePage.ets:602:9
[39m
[39m
[31m203 ERROR: [31m10505001 ArkTS Compiler Error
Error Message: Object is possibly 'undefined'. At File: K:/study/HarmonyOs/code/tank/entry/src/main/ets/pages/GamePage.ets:604:9
[39m
[39m
[31m204 ERROR: [31m10505001 ArkTS Compiler Error
Error Message: Object is possibly 'undefined'. At File: K:/study/HarmonyOs/code/tank/entry/src/main/ets/pages/GamePage.ets:605:9
[39m
[39m
[31m205 ERROR: [31m10505001 ArkTS Compiler Error
Error Message: Object is possibly 'undefined'. At File: K:/study/HarmonyOs/code/tank/entry/src/main/ets/pages/GamePage.ets:607:9
[39m
[39m
[31m206 ERROR: [31m10505001 ArkTS Compiler Error
Error Message: Object is possibly 'undefined'. At File: K:/study/HarmonyOs/code/tank/entry/src/main/ets/pages/GamePage.ets:608:9
[39m
[39m
[31m207 ERROR: [31m10505001 ArkTS Compiler Error
Error Message: Object is possibly 'undefined'. At File: K:/study/HarmonyOs/code/tank/entry/src/main/ets/pages/GamePage.ets:611:9
[39m
[39m
[31m208 ERROR: [31m10505001 ArkTS Compiler Error
Error Message: Object is possibly 'undefined'. At File: K:/study/HarmonyOs/code/tank/entry/src/main/ets/pages/GamePage.ets:612:9
[39m
[39m
[31m209 ERROR: [31m10505001 ArkTS Compiler Error
Error Message: Object is possibly 'undefined'. At File: K:/study/HarmonyOs/code/tank/entry/src/main/ets/pages/GamePage.ets:614:9
[39m
[39m
[31m210 ERROR: [31m10505001 ArkTS Compiler Error
Error Message: Object is possibly 'undefined'. At File: K:/study/HarmonyOs/code/tank/entry/src/main/ets/pages/GamePage.ets:620:9
[39m
[39m
[31m211 ERROR: [31m10505001 ArkTS Compiler Error
Error Message: Object is possibly 'undefined'. At File: K:/study/HarmonyOs/code/tank/entry/src/main/ets/pages/GamePage.ets:621:9
[39m
[39m
[31m212 ERROR: [31m10505001 ArkTS Compiler Error
Error Message: Object is possibly 'undefined'. At File: K:/study/HarmonyOs/code/tank/entry/src/main/ets/pages/GamePage.ets:622:9
[39m
[39m
[31m213 ERROR: [31m10505001 ArkTS Compiler Error
Error Message: Object is possibly 'undefined'. At File: K:/study/HarmonyOs/code/tank/entry/src/main/ets/pages/GamePage.ets:624:9
[39m
[39m
[31m214 ERROR: [31m10505001 ArkTS Compiler Error
Error Message: Object is possibly 'undefined'. At File: K:/study/HarmonyOs/code/tank/entry/src/main/ets/pages/GamePage.ets:625:9
[39m
[39m
[31m215 ERROR: [31m10505001 ArkTS Compiler Error
Error Message: Object is possibly 'undefined'. At File: K:/study/HarmonyOs/code/tank/entry/src/main/ets/pages/GamePage.ets:626:9
[39m
[39m
[31m216 ERROR: [31m10505001 ArkTS Compiler Error
Error Message: Object is possibly 'undefined'. At File: K:/study/HarmonyOs/code/tank/entry/src/main/ets/pages/GamePage.ets:638:7
[39m
[39m
[31m217 ERROR: [31m10505001 ArkTS Compiler Error
Error Message: Object is possibly 'undefined'. At File: K:/study/HarmonyOs/code/tank/entry/src/main/ets/pages/GamePage.ets:641:9
[39m
[39m
[31m218 ERROR: [31m10505001 ArkTS Compiler Error
Error Message: Object is possibly 'undefined'. At File: K:/study/HarmonyOs/code/tank/entry/src/main/ets/pages/GamePage.ets:642:9
[39m
[39m
[31m219 ERROR: [31m10505001 ArkTS Compiler Error
Error Message: Object is possibly 'undefined'. At File: K:/study/HarmonyOs/code/tank/entry/src/main/ets/pages/GamePage.ets:644:9
[39m
[39m
[31m220 ERROR: [31m10505001 ArkTS Compiler Error
Error Message: Object is possibly 'undefined'. At File: K:/study/HarmonyOs/code/tank/entry/src/main/ets/pages/GamePage.ets:646:12
[39m
[39m
[31m221 ERROR: [31m10505001 ArkTS Compiler Error
Error Message: Object is possibly 'undefined'. At File: K:/study/HarmonyOs/code/tank/entry/src/main/ets/pages/GamePage.ets:647:12
[39m
[39m
[31m222 ERROR: [31m10505001 ArkTS Compiler Error
Error Message: Object is possibly 'undefined'. At File: K:/study/HarmonyOs/code/tank/entry/src/main/ets/pages/GamePage.ets:651:9
[39m
[39m
[31m223 ERROR: [31m10505001 ArkTS Compiler Error
Error Message: Object is possibly 'undefined'. At File: K:/study/HarmonyOs/code/tank/entry/src/main/ets/pages/GamePage.ets:652:9
[39m
[39m
[31m224 ERROR: [31m10505001 ArkTS Compiler Error
Error Message: Object is possibly 'undefined'. At File: K:/study/HarmonyOs/code/tank/entry/src/main/ets/pages/GamePage.ets:654:9
[39m
[39m
[31m225 ERROR: [31m10505001 ArkTS Compiler Error
Error Message: Object is possibly 'undefined'. At File: K:/study/HarmonyOs/code/tank/entry/src/main/ets/pages/GamePage.ets:656:12
[39m
[39m
[31m226 ERROR: [31m10505001 ArkTS Compiler Error
Error Message: Object is possibly 'undefined'. At File: K:/study/HarmonyOs/code/tank/entry/src/main/ets/pages/GamePage.ets:657:12
[39m
[39m
[31m227 ERROR: [31m10505001 ArkTS Compiler Error
Error Message: Object is possibly 'undefined'. At File: K:/study/HarmonyOs/code/tank/entry/src/main/ets/pages/GamePage.ets:662:7
[39m
[39m
[31m228 ERROR: [31m10505001 ArkTS Compiler Error
Error Message: Object is possibly 'undefined'. At File: K:/study/HarmonyOs/code/tank/entry/src/main/ets/pages/GamePage.ets:664:9
[39m
[39m
[31m229 ERROR: [31m10505001 ArkTS Compiler Error
Error Message: Object is possibly 'undefined'. At File: K:/study/HarmonyOs/code/tank/entry/src/main/ets/pages/GamePage.ets:666:9
[39m
[39m
[31m230 ERROR: [31m10505001 ArkTS Compiler Error
Error Message: Object is possibly 'undefined'. At File: K:/study/HarmonyOs/code/tank/entry/src/main/ets/pages/GamePage.ets:670:7
[39m
[39m
[31m231 ERROR: [31m10505001 ArkTS Compiler Error
Error Message: Object is possibly 'undefined'. At File: K:/study/HarmonyOs/code/tank/entry/src/main/ets/pages/GamePage.ets:671:7
[39m
[39m
[31m232 ERROR: [31m10505001 ArkTS Compiler Error
Error Message: Object is possibly 'undefined'. At File: K:/study/HarmonyOs/code/tank/entry/src/main/ets/pages/GamePage.ets:672:7
[39m
[39m
[31m233 ERROR: [31m10505001 ArkTS Compiler Error
Error Message: Object is possibly 'undefined'. At File: K:/study/HarmonyOs/code/tank/entry/src/main/ets/pages/GamePage.ets:673:7
[39m
[39m
[31m234 ERROR: [31m10505001 ArkTS Compiler Error
Error Message: Object is possibly 'undefined'. At File: K:/study/HarmonyOs/code/tank/entry/src/main/ets/pages/GamePage.ets:675:7
[39m
[39m
[31m235 ERROR: [31m10505001 ArkTS Compiler Error
Error Message: Object is possibly 'undefined'. At File: K:/study/HarmonyOs/code/tank/entry/src/main/ets/pages/GamePage.ets:676:7
[39m
[39m
[31m236 ERROR: [31m10505001 ArkTS Compiler Error
Error Message: Object is possibly 'undefined'. At File: K:/study/HarmonyOs/code/tank/entry/src/main/ets/pages/GamePage.ets:677:7
[39m
[39m
[31m237 ERROR: [31m10505001 ArkTS Compiler Error
Error Message: Object is possibly 'undefined'. At File: K:/study/HarmonyOs/code/tank/entry/src/main/ets/pages/GamePage.ets:678:7
[39m
[39m
[31m238 ERROR: [31m10505001 ArkTS Compiler Error
Error Message: Object is possibly 'undefined'. At File: K:/study/HarmonyOs/code/tank/entry/src/main/ets/pages/GamePage.ets:681:7
[39m
[39m
[31m239 ERROR: [31m10505001 ArkTS Compiler Error
Error Message: Object is possibly 'undefined'. At File: K:/study/HarmonyOs/code/tank/entry/src/main/ets/pages/GamePage.ets:686:11
[39m
[39m
[31m240 ERROR: [31m10505001 ArkTS Compiler Error
Error Message: Object is possibly 'undefined'. At File: K:/study/HarmonyOs/code/tank/entry/src/main/ets/pages/GamePage.ets:687:11
[39m
[39m
[31m241 ERROR: [31m10505001 ArkTS Compiler Error
Error Message: Object is possibly 'undefined'. At File: K:/study/HarmonyOs/code/tank/entry/src/main/ets/pages/GamePage.ets:687:47
[39m
[39m
[31m242 ERROR: [31m10505001 ArkTS Compiler Error
Error Message: Object is possibly 'undefined'. At File: K:/study/HarmonyOs/code/tank/entry/src/main/ets/pages/GamePage.ets:690:11
[39m
[39m
[31m243 ERROR: [31m10505001 ArkTS Compiler Error
Error Message: Object is possibly 'undefined'. At File: K:/study/HarmonyOs/code/tank/entry/src/main/ets/pages/GamePage.ets:691:11
[39m
[39m
[31m244 ERROR: [31m10505001 ArkTS Compiler Error
Error Message: Object is possibly 'undefined'. At File: K:/study/HarmonyOs/code/tank/entry/src/main/ets/pages/GamePage.ets:691:47
[39m
[39m
[31m245 ERROR: [31m10505001 ArkTS Compiler Error
Error Message: Object is possibly 'undefined'. At File: K:/study/HarmonyOs/code/tank/entry/src/main/ets/pages/GamePage.ets:694:11
[39m
[39m
[31m246 ERROR: [31m10505001 ArkTS Compiler Error
Error Message: Object is possibly 'undefined'. At File: K:/study/HarmonyOs/code/tank/entry/src/main/ets/pages/GamePage.ets:695:11
[39m
[39m
[31m247 ERROR: [31m10505001 ArkTS Compiler Error
Error Message: Object is possibly 'undefined'. At File: K:/study/HarmonyOs/code/tank/entry/src/main/ets/pages/GamePage.ets:695:47
[39m
[39m
[31m248 ERROR: [31m10505001 ArkTS Compiler Error
Error Message: Object is possibly 'undefined'. At File: K:/study/HarmonyOs/code/tank/entry/src/main/ets/pages/GamePage.ets:698:11
[39m
[39m
[31m249 ERROR: [31m10505001 ArkTS Compiler Error
Error Message: Object is possibly 'undefined'. At File: K:/study/HarmonyOs/code/tank/entry/src/main/ets/pages/GamePage.ets:699:11
[39m
[39m
[31m250 ERROR: [31m10505001 ArkTS Compiler Error
Error Message: Object is possibly 'undefined'. At File: K:/study/HarmonyOs/code/tank/entry/src/main/ets/pages/GamePage.ets:699:47
[39m
[39m
[31m251 ERROR: [31m10505001 ArkTS Compiler Error
Error Message: Object is possibly 'undefined'. At File: K:/study/HarmonyOs/code/tank/entry/src/main/ets/pages/GamePage.ets:705:14
[39m
[39m
[31m252 ERROR: [31m10505001 ArkTS Compiler Error
Error Message: Object is possibly 'undefined'. At File: K:/study/HarmonyOs/code/tank/entry/src/main/ets/pages/GamePage.ets:705:29
[39m
[39m
[31m253 ERROR: [31m10505001 ArkTS Compiler Error
Error Message: Object is possibly 'undefined'. At File: K:/study/HarmonyOs/code/tank/entry/src/main/ets/pages/GamePage.ets:705:44
[39m
[39m
[31m254 ERROR: [31m10505001 ArkTS Compiler Error
Error Message: Object is possibly 'undefined'. At File: K:/study/HarmonyOs/code/tank/entry/src/main/ets/pages/GamePage.ets:705:63
[39m
[39m
[31m255 ERROR: [31m10505001 ArkTS Compiler Error
Error Message: Object is possibly 'undefined'. At File: K:/study/HarmonyOs/code/tank/entry/src/main/ets/pages/GamePage.ets:705:83
[39m
[39m
[31m256 ERROR: [31m10505001 ArkTS Compiler Error
Error Message: Object is possibly 'undefined'. At File: K:/study/HarmonyOs/code/tank/entry/src/main/ets/pages/GamePage.ets:708:19
[39m
[39m
[31m257 ERROR: [31m10505001 ArkTS Compiler Error
Error Message: Object is possibly 'undefined'. At File: K:/study/HarmonyOs/code/tank/entry/src/main/ets/pages/GamePage.ets:713:19
[39m
[39m
[31m258 ERROR: [31m10505001 ArkTS Compiler Error
Error Message: Object is possibly 'undefined'. At File: K:/study/HarmonyOs/code/tank/entry/src/main/ets/pages/GamePage.ets:719:7
[39m
[39m
[31m259 ERROR: [31m10505001 ArkTS Compiler Error
Error Message: Object is possibly 'undefined'. At File: K:/study/HarmonyOs/code/tank/entry/src/main/ets/pages/GamePage.ets:720:7
[39m
[39m
[31m260 ERROR: [31m10505001 ArkTS Compiler Error
Error Message: Object is possibly 'undefined'. At File: K:/study/HarmonyOs/code/tank/entry/src/main/ets/pages/GamePage.ets:721:7
[39m
[39m
[31m261 ERROR: [31m10505001 ArkTS Compiler Error
Error Message: Object is possibly 'undefined'. At File: K:/study/HarmonyOs/code/tank/entry/src/main/ets/pages/GamePage.ets:722:7
[39m
[39m
[31m262 ERROR: [31m10505001 ArkTS Compiler Error
Error Message: Object is possibly 'undefined'. At File: K:/study/HarmonyOs/code/tank/entry/src/main/ets/pages/GamePage.ets:725:7
[39m
[39m
[31m263 ERROR: [31m10505001 ArkTS Compiler Error
Error Message: Object is possibly 'undefined'. At File: K:/study/HarmonyOs/code/tank/entry/src/main/ets/pages/GamePage.ets:726:7
[39m
[39m
[31m264 ERROR: [31m10505001 ArkTS Compiler Error
Error Message: Object is possibly 'undefined'. At File: K:/study/HarmonyOs/code/tank/entry/src/main/ets/pages/GamePage.ets:727:7
[39m
[39m
[31m265 ERROR: [31m10505001 ArkTS Compiler Error
Error Message: Object is possibly 'undefined'. At File: K:/study/HarmonyOs/code/tank/entry/src/main/ets/pages/GamePage.ets:728:7
[39m
[39m
[31m266 ERROR: [31m10505001 ArkTS Compiler Error
Error Message: Object is possibly 'undefined'. At File: K:/study/HarmonyOs/code/tank/entry/src/main/ets/pages/GamePage.ets:732:19
[39m
[39m
[31m267 ERROR: [31m10505001 ArkTS Compiler Error
Error Message: Object is possibly 'undefined'. At File: K:/study/HarmonyOs/code/tank/entry/src/main/ets/pages/GamePage.ets:739:10
[39m
[39m
[31m268 ERROR: [31m10505001 ArkTS Compiler Error
Error Message: Object is possibly 'undefined'. At File: K:/study/HarmonyOs/code/tank/entry/src/main/ets/pages/GamePage.ets:740:10
[39m
[39m
[31m269 ERROR: [31m10505001 ArkTS Compiler Error
Error Message: Object is possibly 'undefined'. At File: K:/study/HarmonyOs/code/tank/entry/src/main/ets/pages/GamePage.ets:741:10
[39m
[39m
[31m270 ERROR: [31m10505001 ArkTS Compiler Error
Error Message: Object is possibly 'undefined'. At File: K:/study/HarmonyOs/code/tank/entry/src/main/ets/pages/GamePage.ets:742:10
[39m
[39m
[31m271 ERROR: [31m10505001 ArkTS Compiler Error
Error Message: Object is possibly 'undefined'. At File: K:/study/HarmonyOs/code/tank/entry/src/main/ets/pages/GamePage.ets:744:10
[39m
[39m
[31m272 ERROR: [31m10505001 ArkTS Compiler Error
Error Message: Object is possibly 'undefined'. At File: K:/study/HarmonyOs/code/tank/entry/src/main/ets/pages/GamePage.ets:745:10
[39m
[39m
[31m273 ERROR: [31m10505001 ArkTS Compiler Error
Error Message: Object is possibly 'undefined'. At File: K:/study/HarmonyOs/code/tank/entry/src/main/ets/pages/GamePage.ets:746:10
[39m
[39m
[31m274 ERROR: [31m10505001 ArkTS Compiler Error
Error Message: Object is possibly 'undefined'. At File: K:/study/HarmonyOs/code/tank/entry/src/main/ets/pages/GamePage.ets:747:10
[39m
[39m
[31m275 ERROR: [31m10505001 ArkTS Compiler Error
Error Message: Object is possibly 'undefined'. At File: K:/study/HarmonyOs/code/tank/entry/src/main/ets/pages/GamePage.ets:750:10
[39m
[39m
[31m276 ERROR: [31m10505001 ArkTS Compiler Error
Error Message: Object is possibly 'undefined'. At File: K:/study/HarmonyOs/code/tank/entry/src/main/ets/pages/GamePage.ets:754:10
[39m
[39m
[31m277 ERROR: [31m10505001 ArkTS Compiler Error
Error Message: Object is possibly 'undefined'. At File: K:/study/HarmonyOs/code/tank/entry/src/main/ets/pages/GamePage.ets:755:10
[39m
[39m
[31m278 ERROR: [31m10505001 ArkTS Compiler Error
Error Message: Object is possibly 'undefined'. At File: K:/study/HarmonyOs/code/tank/entry/src/main/ets/pages/GamePage.ets:756:10
[39m
[39m
[31m279 ERROR: [31m10505001 ArkTS Compiler Error
Error Message: Object is possibly 'undefined'. At File: K:/study/HarmonyOs/code/tank/entry/src/main/ets/pages/GamePage.ets:757:10
[39m
[39m
[31m280 ERROR: [31m10505001 ArkTS Compiler Error
Error Message: Object is possibly 'undefined'. At File: K:/study/HarmonyOs/code/tank/entry/src/main/ets/pages/GamePage.ets:760:10
[39m
[39m
[31m281 ERROR: [31m10505001 ArkTS Compiler Error
Error Message: Object is possibly 'undefined'. At File: K:/study/HarmonyOs/code/tank/entry/src/main/ets/pages/GamePage.ets:761:10
[39m
[39m
[31m282 ERROR: [31m10505001 ArkTS Compiler Error
Error Message: Object is possibly 'undefined'. At File: K:/study/HarmonyOs/code/tank/entry/src/main/ets/pages/GamePage.ets:762:10
[39m
[39m
[31m283 ERROR: [31m10505001 ArkTS Compiler Error
Error Message: Object is possibly 'undefined'. At File: K:/study/HarmonyOs/code/tank/entry/src/main/ets/pages/GamePage.ets:763:10
[39m
[39m
[31m284 ERROR: [31m10505001 ArkTS Compiler Error
Error Message: Object is possibly 'undefined'. At File: K:/study/HarmonyOs/code/tank/entry/src/main/ets/pages/GamePage.ets:766:10
[39m
[39m
[31m285 ERROR: [31m10505001 ArkTS Compiler Error
Error Message: Object is possibly 'undefined'. At File: K:/study/HarmonyOs/code/tank/entry/src/main/ets/pages/GamePage.ets:767:10
[39m
[39m
[31m286 ERROR: [31m10505001 ArkTS Compiler Error
Error Message: Object is possibly 'undefined'. At File: K:/study/HarmonyOs/code/tank/entry/src/main/ets/pages/GamePage.ets:770:10
[39m
[39m
[31m287 ERROR: [31m10505001 ArkTS Compiler Error
Error Message: Object is possibly 'undefined'. At File: K:/study/HarmonyOs/code/tank/entry/src/main/ets/pages/GamePage.ets:774:10
[39m
[39m
[31m288 ERROR: [31m10505001 ArkTS Compiler Error
Error Message: Object is possibly 'undefined'. At File: K:/study/HarmonyOs/code/tank/entry/src/main/ets/pages/GamePage.ets:775:10
[39m
[39m
[31m289 ERROR: [31m10505001 ArkTS Compiler Error
Error Message: Object is possibly 'undefined'. At File: K:/study/HarmonyOs/code/tank/entry/src/main/ets/pages/GamePage.ets:776:10
[39m
[39m
[31m290 ERROR: [31m10505001 ArkTS Compiler Error
Error Message: Object is possibly 'undefined'. At File: K:/study/HarmonyOs/code/tank/entry/src/main/ets/pages/GamePage.ets:777:10
[39m
[39m
[31m291 ERROR: [31m10505001 ArkTS Compiler Error
Error Message: Object is possibly 'undefined'. At File: K:/study/HarmonyOs/code/tank/entry/src/main/ets/pages/GamePage.ets:782:5
[39m
[39m
[31m292 ERROR: [31m10505001 ArkTS Compiler Error
Error Message: Cannot find name 'build'. Did you mean 'Builder'? At File: K:/study/HarmonyOs/code/tank/entry/src/main/ets/pages/GamePage.ets:785:3
[39m
[39m
[31m293 ERROR: [31m10905236 ArkTS Compiler Error
Error Message: UI component 'Stack' cannot be used in this place. At File: K:/study/HarmonyOs/code/tank/entry/src/main/ets/pages/GamePage.ets:786:5
[39m
[39m
[31m294 ERROR: [31m10905236 ArkTS Compiler Error
Error Message: UI component 'Column' cannot be used in this place. At File: K:/study/HarmonyOs/code/tank/entry/src/main/ets/pages/GamePage.ets:787:7
[39m
[39m
[31m295 ERROR: [31m10905236 ArkTS Compiler Error
Error Message: UI component 'Row' cannot be used in this place. At File: K:/study/HarmonyOs/code/tank/entry/src/main/ets/pages/GamePage.ets:789:9
[39m
[39m
[31m296 ERROR: [31m10905236 ArkTS Compiler Error
Error Message: UI component 'Text' cannot be used in this place. At File: K:/study/HarmonyOs/code/tank/entry/src/main/ets/pages/GamePage.ets:790:11
[39m
[39m
[31m297 ERROR: [31m10505001 ArkTS Compiler Error
Error Message: Object is possibly 'undefined'. At File: K:/study/HarmonyOs/code/tank/entry/src/main/ets/pages/GamePage.ets:790:23
[39m
[39m
[31m298 ERROR: [31m10905236 ArkTS Compiler Error
Error Message: UI component 'Text' cannot be used in this place. At File: K:/study/HarmonyOs/code/tank/entry/src/main/ets/pages/GamePage.ets:791:11
[39m
[39m
[31m299 ERROR: [31m10505001 ArkTS Compiler Error
Error Message: Object is possibly 'undefined'. At File: K:/study/HarmonyOs/code/tank/entry/src/main/ets/pages/GamePage.ets:791:23
[39m
[39m
[31m300 ERROR: [31m10905236 ArkTS Compiler Error
Error Message: UI component 'Text' cannot be used in this place. At File: K:/study/HarmonyOs/code/tank/entry/src/main/ets/pages/GamePage.ets:792:11
[39m
[39m
[31m301 ERROR: [31m10505001 ArkTS Compiler Error
Error Message: Object is possibly 'undefined'. At File: K:/study/HarmonyOs/code/tank/entry/src/main/ets/pages/GamePage.ets:792:23
[39m
[39m
[31m302 ERROR: [31m10905236 ArkTS Compiler Error
Error Message: UI component 'Text' cannot be used in this place. At File: K:/study/HarmonyOs/code/tank/entry/src/main/ets/pages/GamePage.ets:793:11
[39m
[39m
[31m303 ERROR: [31m10505001 ArkTS Compiler Error
Error Message: Object is possibly 'undefined'. At File: K:/study/HarmonyOs/code/tank/entry/src/main/ets/pages/GamePage.ets:793:23
[39m
[39m
[31m304 ERROR: [31m10505001 ArkTS Compiler Error
Error Message: Cannot find name 'width'. At File: K:/study/HarmonyOs/code/tank/entry/src/main/ets/pages/GamePage.ets:795:10
[39m
[39m
[31m305 ERROR: [31m10905236 ArkTS Compiler Error
Error Message: UI component 'Stack' cannot be used in this place. At File: K:/study/HarmonyOs/code/tank/entry/src/main/ets/pages/GamePage.ets:800:9
[39m
[39m
[31m306 ERROR: [31m10905236 ArkTS Compiler Error
Error Message: UI component 'Canvas' cannot be used in this place. At File: K:/study/HarmonyOs/code/tank/entry/src/main/ets/pages/GamePage.ets:801:11
[39m
[39m
[31m307 ERROR: [31m10505001 ArkTS Compiler Error
Error Message: Object is possibly 'undefined'. At File: K:/study/HarmonyOs/code/tank/entry/src/main/ets/pages/GamePage.ets:801:18
[39m
[39m
[31m308 ERROR: [31m10505001 ArkTS Compiler Error
Error Message: Object is possibly 'undefined'. At File: K:/study/HarmonyOs/code/tank/entry/src/main/ets/pages/GamePage.ets:819:18
[39m
[39m
[31m309 ERROR: [31m10505001 ArkTS Compiler Error
Error Message: Object is possibly 'undefined'. At File: K:/study/HarmonyOs/code/tank/entry/src/main/ets/pages/GamePage.ets:819:40
[39m
[39m
[31m310 ERROR: [31m10505001 ArkTS Compiler Error
Error Message: Object is possibly 'undefined'. At File: K:/study/HarmonyOs/code/tank/entry/src/main/ets/pages/GamePage.ets:820:18
[39m
[39m
[31m311 ERROR: [31m10505001 ArkTS Compiler Error
Error Message: Object is possibly 'undefined'. At File: K:/study/HarmonyOs/code/tank/entry/src/main/ets/pages/GamePage.ets:820:41
[39m
[39m
[31m312 ERROR: [31m10505001 ArkTS Compiler Error
Error Message: Object is possibly 'undefined'. At File: K:/study/HarmonyOs/code/tank/entry/src/main/ets/pages/GamePage.ets:822:18
[39m
[39m
[31m313 ERROR: [31m10505001 ArkTS Compiler Error
Error Message: Object is possibly 'undefined'. At File: K:/study/HarmonyOs/code/tank/entry/src/main/ets/pages/GamePage.ets:826:16
[39m
[39m
[31m314 ERROR: [31m10505001 ArkTS Compiler Error
Error Message: Object is possibly 'undefined'. At File: K:/study/HarmonyOs/code/tank/entry/src/main/ets/pages/GamePage.ets:826:37
[39m
[39m
[31m315 ERROR: [31m10505001 ArkTS Compiler Error
Error Message: Object is possibly 'undefined'. At File: K:/study/HarmonyOs/code/tank/entry/src/main/ets/pages/GamePage.ets:826:57
[39m
[39m
[31m316 ERROR: [31m10905236 ArkTS Compiler Error
Error Message: UI component 'Column' cannot be used in this place. At File: K:/study/HarmonyOs/code/tank/entry/src/main/ets/pages/GamePage.ets:827:13
[39m
[39m
[31m317 ERROR: [31m10905236 ArkTS Compiler Error
Error Message: UI component 'Row' cannot be used in this place. At File: K:/study/HarmonyOs/code/tank/entry/src/main/ets/pages/GamePage.ets:829:15
[39m
[39m
[31m318 ERROR: [31m10905236 ArkTS Compiler Error
Error Message: UI component 'Text' cannot be used in this place. At File: K:/study/HarmonyOs/code/tank/entry/src/main/ets/pages/GamePage.ets:830:17
[39m
[39m
[31m319 ERROR: [31m10905236 ArkTS Compiler Error
Error Message: UI component 'Text' cannot be used in this place. At File: K:/study/HarmonyOs/code/tank/entry/src/main/ets/pages/GamePage.ets:831:17
[39m
[39m
[31m320 ERROR: [31m10505001 ArkTS Compiler Error
Error Message: Cannot find name 'width'. At File: K:/study/HarmonyOs/code/tank/entry/src/main/ets/pages/GamePage.ets:832:17
[39m
[39m
[31m321 ERROR: [31m10905236 ArkTS Compiler Error
Error Message: UI component 'Column' cannot be used in this place. At File: K:/study/HarmonyOs/code/tank/entry/src/main/ets/pages/GamePage.ets:835:15
[39m
[39m
[31m322 ERROR: [31m10905236 ArkTS Compiler Error
Error Message: UI component 'Text' cannot be used in this place. At File: K:/study/HarmonyOs/code/tank/entry/src/main/ets/pages/GamePage.ets:836:17
[39m
[39m
[31m323 ERROR: [31m10905236 ArkTS Compiler Error
Error Message: UI component 'Text' cannot be used in this place. At File: K:/study/HarmonyOs/code/tank/entry/src/main/ets/pages/GamePage.ets:838:17
[39m
[39m
[31m324 ERROR: [31m10505001 ArkTS Compiler Error
Error Message: Cannot find name 'margin'. At File: K:/study/HarmonyOs/code/tank/entry/src/main/ets/pages/GamePage.ets:840:17
[39m
[39m
[31m325 ERROR: [31m10905236 ArkTS Compiler Error
Error Message: UI component 'Column' cannot be used in this place. At File: K:/study/HarmonyOs/code/tank/entry/src/main/ets/pages/GamePage.ets:843:15
[39m
[39m
[31m326 ERROR: [31m10905236 ArkTS Compiler Error
Error Message: UI component 'Row' cannot be used in this place. At File: K:/study/HarmonyOs/code/tank/entry/src/main/ets/pages/GamePage.ets:844:17
[39m
[39m
[31m327 ERROR: [31m10905236 ArkTS Compiler Error
Error Message: UI component 'Text' cannot be used in this place. At File: K:/study/HarmonyOs/code/tank/entry/src/main/ets/pages/GamePage.ets:846:19
[39m
[39m
[31m328 ERROR: [31m10905236 ArkTS Compiler Error
Error Message: UI component 'Text' cannot be used in this place. At File: K:/study/HarmonyOs/code/tank/entry/src/main/ets/pages/GamePage.ets:847:19
[39m
[39m
[31m329 ERROR: [31m10505001 ArkTS Compiler Error
Error Message: Cannot find name 'margin'. At File: K:/study/HarmonyOs/code/tank/entry/src/main/ets/pages/GamePage.ets:848:19
[39m
[39m
[31m330 ERROR: [31m10905236 ArkTS Compiler Error
Error Message: UI component 'Row' cannot be used in this place. At File: K:/study/HarmonyOs/code/tank/entry/src/main/ets/pages/GamePage.ets:850:17
[39m
[39m
[31m331 ERROR: [31m10905236 ArkTS Compiler Error
Error Message: UI component 'Text' cannot be used in this place. At File: K:/study/HarmonyOs/code/tank/entry/src/main/ets/pages/GamePage.ets:851:19
[39m
[39m
[31m332 ERROR: [31m10905236 ArkTS Compiler Error
Error Message: UI component 'Text' cannot be used in this place. At File: K:/study/HarmonyOs/code/tank/entry/src/main/ets/pages/GamePage.ets:852:19
[39m
[39m
[31m333 ERROR: [31m10505001 ArkTS Compiler Error
Error Message: Cannot find name 'margin'. At File: K:/study/HarmonyOs/code/tank/entry/src/main/ets/pages/GamePage.ets:853:19
[39m
[39m
[31m334 ERROR: [31m10905236 ArkTS Compiler Error
Error Message: UI component 'Text' cannot be used in this place. At File: K:/study/HarmonyOs/code/tank/entry/src/main/ets/pages/GamePage.ets:856:17
[39m
[39m
[31m335 ERROR: [31m10505001 ArkTS Compiler Error
Error Message: Cannot find name 'alignItems'. At File: K:/study/HarmonyOs/code/tank/entry/src/main/ets/pages/GamePage.ets:857:17
[39m
[39m
[31m336 ERROR: [31m10905236 ArkTS Compiler Error
Error Message: UI component 'Column' cannot be used in this place. At File: K:/study/HarmonyOs/code/tank/entry/src/main/ets/pages/GamePage.ets:860:15
[39m
[39m
[31m337 ERROR: [31m10905236 ArkTS Compiler Error
Error Message: UI component 'Text' cannot be used in this place. At File: K:/study/HarmonyOs/code/tank/entry/src/main/ets/pages/GamePage.ets:861:17
[39m
[39m
[31m338 ERROR: [31m10905236 ArkTS Compiler Error
Error Message: UI component 'Text' cannot be used in this place. At File: K:/study/HarmonyOs/code/tank/entry/src/main/ets/pages/GamePage.ets:862:17
[39m
[39m
[31m339 ERROR: [31m10905236 ArkTS Compiler Error
Error Message: UI component 'Text' cannot be used in this place. At File: K:/study/HarmonyOs/code/tank/entry/src/main/ets/pages/GamePage.ets:863:17
[39m
[39m
[31m340 ERROR: [31m10505001 ArkTS Compiler Error
Error Message: Cannot find name 'alignItems'. At File: K:/study/HarmonyOs/code/tank/entry/src/main/ets/pages/GamePage.ets:864:17
[39m
[39m
[31m341 ERROR: [31m10505001 ArkTS Compiler Error
Error Message: Cannot find name 'width'. At File: K:/study/HarmonyOs/code/tank/entry/src/main/ets/pages/GamePage.ets:867:14
[39m
[39m
[31m342 ERROR: [31m10505001 ArkTS Compiler Error
Error Message: Object is possibly 'undefined'. At File: K:/study/HarmonyOs/code/tank/entry/src/main/ets/pages/GamePage.ets:873:15
[39m
[39m
[31m343 ERROR: [31m10905236 ArkTS Compiler Error
Error Message: UI component 'Column' cannot be used in this place. At File: K:/study/HarmonyOs/code/tank/entry/src/main/ets/pages/GamePage.ets:874:14
[39m
[39m
[31m344 ERROR: [31m10905236 ArkTS Compiler Error
Error Message: UI component 'Text' cannot be used in this place. At File: K:/study/HarmonyOs/code/tank/entry/src/main/ets/pages/GamePage.ets:875:16
[39m
[39m
[31m345 ERROR: [31m10905236 ArkTS Compiler Error
Error Message: UI component 'Text' cannot be used in this place. At File: K:/study/HarmonyOs/code/tank/entry/src/main/ets/pages/GamePage.ets:876:16
[39m
[39m
[31m346 ERROR: [31m10505001 ArkTS Compiler Error
Error Message: Cannot find name 'width'. At File: K:/study/HarmonyOs/code/tank/entry/src/main/ets/pages/GamePage.ets:878:15
[39m
[39m
[31m347 ERROR: [31m10505001 ArkTS Compiler Error
Error Message: Object is possibly 'undefined'. At File: K:/study/HarmonyOs/code/tank/entry/src/main/ets/pages/GamePage.ets:884:15
[39m
[39m
[31m348 ERROR: [31m10905236 ArkTS Compiler Error
Error Message: UI component 'Column' cannot be used in this place. At File: K:/study/HarmonyOs/code/tank/entry/src/main/ets/pages/GamePage.ets:885:14
[39m
[39m
[31m349 ERROR: [31m10905236 ArkTS Compiler Error
Error Message: UI component 'Text' cannot be used in this place. At File: K:/study/HarmonyOs/code/tank/entry/src/main/ets/pages/GamePage.ets:886:16
[39m
[39m
[31m350 ERROR: [31m10905236 ArkTS Compiler Error
Error Message: UI component 'Text' cannot be used in this place. At File: K:/study/HarmonyOs/code/tank/entry/src/main/ets/pages/GamePage.ets:887:16
[39m
[39m
[31m351 ERROR: [31m10505001 ArkTS Compiler Error
Error Message: Cannot find name 'width'. At File: K:/study/HarmonyOs/code/tank/entry/src/main/ets/pages/GamePage.ets:889:15
[39m
[39m
[31m352 ERROR: [31m10505001 ArkTS Compiler Error
Error Message: Cannot find name 'width'. At File: K:/study/HarmonyOs/code/tank/entry/src/main/ets/pages/GamePage.ets:898:6
[39m
[39m
[31m353 ERROR: [31m10505001 ArkTS Compiler Error
Error Message: Object is possibly 'undefined'. At File: K:/study/HarmonyOs/code/tank/entry/src/main/ets/pages/GamePage.ets:909:14
[39m
[39m
[31m354 ERROR: [31m10505001 ArkTS Compiler Error
Error Message: Object is possibly 'undefined'. At File: K:/study/HarmonyOs/code/tank/entry/src/main/ets/pages/GamePage.ets:910:12
[39m
[39m
[31m355 ERROR: [31m10505001 ArkTS Compiler Error
Error Message: Object is possibly 'undefined'. At File: K:/study/HarmonyOs/code/tank/entry/src/main/ets/pages/GamePage.ets:914:80
[39m
[39m
[31m356 ERROR: [31m10505001 ArkTS Compiler Error
Error Message: Object is possibly 'undefined'. At File: K:/study/HarmonyOs/code/tank/entry/src/main/ets/pages/GamePage.ets:915:87
[39m
[39m
[31m357 ERROR: [31m10505001 ArkTS Compiler Error
Error Message: Object is possibly 'undefined'. At File: K:/study/HarmonyOs/code/tank/entry/src/main/ets/pages/GamePage.ets:916:87
[39m
[39m
[31m358 ERROR: [31m10505001 ArkTS Compiler Error
Error Message: Object is possibly 'undefined'. At File: K:/study/HarmonyOs/code/tank/entry/src/main/ets/pages/GamePage.ets:917:88
[39m
[39m
[31m359 ERROR: [31m10505001 ArkTS Compiler Error
Error Message: Object is possibly 'undefined'. At File: K:/study/HarmonyOs/code/tank/entry/src/main/ets/pages/GamePage.ets:921:49
[39m
[39m
[31m360 ERROR: [31m10505001 ArkTS Compiler Error
Error Message: Object is possibly 'undefined'. At File: K:/study/HarmonyOs/code/tank/entry/src/main/ets/pages/GamePage.ets:921:69
[39m
[39m
[31m361 ERROR: [31m10505001 ArkTS Compiler Error
Error Message: Object is possibly 'undefined'. At File: K:/study/HarmonyOs/code/tank/entry/src/main/ets/pages/GamePage.ets:921:88
[39m
[39m
[31m362 ERROR: [31m10505001 ArkTS Compiler Error
Error Message: Object is possibly 'undefined'. At File: K:/study/HarmonyOs/code/tank/entry/src/main/ets/pages/GamePage.ets:922:12
[39m
[39m
[31m363 ERROR: [31m10505001 ArkTS Compiler Error
Error Message: Object is possibly 'undefined'. At File: K:/study/HarmonyOs/code/tank/entry/src/main/ets/pages/GamePage.ets:926:9
[39m
[39m
[31m364 ERROR: [31m10505001 ArkTS Compiler Error
Error Message: Object is possibly 'undefined'. At File: K:/study/HarmonyOs/code/tank/entry/src/main/ets/pages/GamePage.ets:929:77
[39m
[39m
[31m365 ERROR: [31m10505001 ArkTS Compiler Error
Error Message: Object is possibly 'undefined'. At File: K:/study/HarmonyOs/code/tank/entry/src/main/ets/pages/GamePage.ets:930:84
[39m
[39m
[31m366 ERROR: [31m10505001 ArkTS Compiler Error
Error Message: Object is possibly 'undefined'. At File: K:/study/HarmonyOs/code/tank/entry/src/main/ets/pages/GamePage.ets:931:84
[39m
[39m
[31m367 ERROR: [31m10505001 ArkTS Compiler Error
Error Message: Object is possibly 'undefined'. At File: K:/study/HarmonyOs/code/tank/entry/src/main/ets/pages/GamePage.ets:932:85
[39m
[39m
[31m368 ERROR: [31m10905103 ArkTS Compiler Error
Error Message: The struct 'GamePage' must have at least and at most one 'build' method. At File: K:/study/HarmonyOs/code/tank/entry/src/main/ets/pages/GamePage.ets:10:8

* Try the following:
  > A structurally modified page must have at least one and no more than one 'build' method.
[39m
[39m
[31mCOMPILE RESULT:FAIL {ERROR:369 WARN:1}[39m
    at runArkPack (K:\study\HarmonyOs\software\DevEcoStudio\DevEco Studio\tools\hvigor\hvigor-ohos-plugin\node_modules\@ohos\hvigor-arkts-compose\dist\src\arkts-pack.js:1:5632)
RollupError: Unexpected token (Note that you need plugins to import files that are not JavaScript)
    at error (K:\study\HarmonyOs\software\DevEcoStudio\DevEco Studio\tools\hvigor\hvigor-ohos-plugin\node_modules\@ohos\hvigor-arkts-base\node_modules\rollup\dist\shared\rollup.js:215:30)
    at Module.error (K:\study\HarmonyOs\software\DevEcoStudio\DevEco Studio\tools\hvigor\hvigor-ohos-plugin\node_modules\@ohos\hvigor-arkts-base\node_modules\rollup\dist\shared\rollup.js:16867:16)
    at Module.tryParse (K:\study\HarmonyOs\software\DevEcoStudio\DevEco Studio\tools\hvigor\hvigor-ohos-plugin\node_modules\@ohos\hvigor-arkts-base\node_modules\rollup\dist\shared\rollup.js:17644:25)
    at Module.setSource (K:\study\HarmonyOs\software\DevEcoStudio\DevEco Studio\tools\hvigor\hvigor-ohos-plugin\node_modules\@ohos\hvigor-arkts-base\node_modules\rollup\dist\shared\rollup.js:17162:37)
    at ModuleLoader.addModuleSource (K:\study\HarmonyOs\software\DevEcoStudio\DevEco Studio\tools\hvigor\hvigor-ohos-plugin\node_modules\@ohos\hvigor-arkts-base\node_modules\rollup\dist\shared\rollup.js:26915:20)
[2026-03-17T14:57:35.201] [ERROR] debug-file - BUILD FAILED in 1 s 383 ms 
[2026-03-17T14:57:35.201] [DEBUG] debug-file - There is no need to refresh cache, since the incremental task entry:default@PreBuild is up-to-date.
[2026-03-17T14:57:35.201] [DEBUG] debug-file - Update task entry:default@CreateModuleInfo output file:K:\study\HarmonyOs\code\tank\entry\build\default\generated\profile\default\ModuleInfo.ts cache.
[2026-03-17T14:57:35.202] [DEBUG] debug-file - Incremental task entry:default@CreateModuleInfo post-execution cost:1 ms .
[2026-03-17T14:57:35.202] [DEBUG] debug-file - There is no need to refresh cache, since the incremental task entry:default@GenerateMetadata is up-to-date.
[2026-03-17T14:57:35.202] [DEBUG] debug-file - There is no need to refresh cache, since the incremental task entry:default@MergeProfile is up-to-date.
[2026-03-17T14:57:35.202] [DEBUG] debug-file - There is no need to refresh cache, since the incremental task entry:default@CreateBuildProfile is up-to-date.
[2026-03-17T14:57:35.202] [DEBUG] debug-file - Update task entry:default@GeneratePkgContextInfo output file:K:\study\HarmonyOs\code\tank\entry\build\default\intermediates\loader\default\pkgContextInfo.json cache.
[2026-03-17T14:57:35.202] [DEBUG] debug-file - Incremental task entry:default@GeneratePkgContextInfo post-execution cost:1 ms .
[2026-03-17T14:57:35.202] [DEBUG] debug-file - Update task entry:default@ProcessIntegratedHsp output file:K:\study\HarmonyOs\code\tank\build\cache\default\integrated_hsp\integratedHspCache.json cache.
[2026-03-17T14:57:35.202] [DEBUG] debug-file - Incremental task entry:default@ProcessIntegratedHsp post-execution cost:1 ms .
[2026-03-17T14:57:35.202] [DEBUG] debug-file - There is no need to refresh cache, since the incremental task entry:default@MakePackInfo is up-to-date.
[2026-03-17T14:57:35.202] [DEBUG] debug-file - Update task entry:default@SyscapTransform input file:K:\study\HarmonyOs\software\DevEcoStudio\DevEco Studio\sdk\default\openharmony\toolchains\syscap_tool.exe cache by regenerate.
[2026-03-17T14:57:35.203] [DEBUG] debug-file - Update task entry:default@SyscapTransform input file:K:\study\HarmonyOs\software\DevEcoStudio\DevEco Studio\sdk\default\openharmony\ets\api\device-define cache by regenerate.
[2026-03-17T14:57:35.204] [DEBUG] debug-file - Update task entry:default@SyscapTransform output file:K:\study\HarmonyOs\code\tank\entry\build\default\intermediates\syscap\default\rpcid.sc cache.
[2026-03-17T14:57:35.204] [DEBUG] debug-file - Incremental task entry:default@SyscapTransform post-execution cost:2 ms .
[2026-03-17T14:57:35.204] [DEBUG] debug-file - There is no need to refresh cache, since the incremental task entry:default@ProcessProfile is up-to-date.
[2026-03-17T14:57:35.204] [DEBUG] debug-file - There is no need to refresh cache, since the incremental task entry:default@ProcessRouterMap is up-to-date.
[2026-03-17T14:57:35.204] [DEBUG] debug-file - There is no need to refresh cache, since the incremental task entry:default@ProcessShareConfig is up-to-date.
[2026-03-17T14:57:35.204] [DEBUG] debug-file - Update task entry:default@ProcessStartupConfig output file:K:\study\HarmonyOs\code\tank\entry\build\default\intermediates\startup\default\startup_config.json cache.
[2026-03-17T14:57:35.205] [DEBUG] debug-file - Incremental task entry:default@ProcessStartupConfig post-execution cost:1 ms .
[2026-03-17T14:57:35.205] [DEBUG] debug-file - There is no need to refresh cache, since the incremental task entry:default@ProcessResource is up-to-date.
[2026-03-17T14:57:35.205] [DEBUG] debug-file - There is no need to refresh cache, since the incremental task entry:default@GenerateLoaderJson is up-to-date.
[2026-03-17T14:57:35.205] [DEBUG] debug-file - There is no need to refresh cache, since the incremental task entry:default@ProcessLibs is up-to-date.
[2026-03-17T14:57:35.205] [DEBUG] debug-file - There is no need to refresh cache, since the incremental task entry:default@CompileResource is up-to-date.
[2026-03-17T14:57:35.205] [DEBUG] debug-file - There is no need to refresh cache, since the incremental task entry:default@DoNativeStrip is up-to-date.
[2026-03-17T14:57:35.206] [DEBUG] debug-file - Update task entry:default@CompileArkTS input file:K:\study\HarmonyOs\code\tank\entry\build\default\intermediates\loader\default cache by regenerate.
[2026-03-17T14:57:35.207] [DEBUG] debug-file - Update task entry:default@CompileArkTS input file:K:\study\HarmonyOs\code\tank\entry\build\default\intermediates\res\default\ResourceTable.txt cache by regenerate.
[2026-03-17T14:57:35.207] [DEBUG] debug-file - Update task entry:default@CompileArkTS input file:K:\study\HarmonyOs\code\tank\entry\build\default\intermediates\res\default\ark_module.json cache by regenerate.
[2026-03-17T14:57:35.208] [DEBUG] debug-file - Update task entry:default@CompileArkTS input file:K:\study\HarmonyOs\code\tank\entry\build\default\intermediates\res\default\resources\base\profile cache by regenerate.
[2026-03-17T14:57:35.209] [DEBUG] debug-file - Update task entry:default@CompileArkTS input file:K:\study\HarmonyOs\code\tank\entry\src\main\ets cache from map.
[2026-03-17T14:57:35.209] [DEBUG] debug-file - Update task entry:default@CompileArkTS input file:K:\study\HarmonyOs\code\tank\entry\build\default\generated\profile\default\BuildProfile.ets cache by regenerate.
[2026-03-17T14:57:35.209] [DEBUG] debug-file - Update task entry:default@CompileArkTS output file:K:\study\HarmonyOs\code\tank\entry\build\default\intermediates\loader_out\default\ets cache.
[2026-03-17T14:57:35.210] [DEBUG] debug-file - Incremental task entry:default@CompileArkTS post-execution cost:5 ms .
[2026-03-17T14:57:35.211] [DEBUG] debug-file - Update task entry:default@BuildJS input file:K:\study\HarmonyOs\code\tank\entry\build\default\intermediates\loader\default cache by regenerate.
[2026-03-17T14:57:35.212] [DEBUG] debug-file - Update task entry:default@BuildJS input file:K:\study\HarmonyOs\code\tank\entry\build\default\intermediates\res\default\ResourceTable.txt cache by regenerate.
[2026-03-17T14:57:35.212] [DEBUG] debug-file - Update task entry:default@BuildJS input file:K:\study\HarmonyOs\code\tank\entry\build\default\intermediates\res\default\ark_module.json cache by regenerate.
[2026-03-17T14:57:35.212] [DEBUG] debug-file - Update task entry:default@BuildJS input file:K:\study\HarmonyOs\code\tank\entry\build\default\intermediates\res\default\resources\base\profile cache by regenerate.
[2026-03-17T14:57:35.213] [DEBUG] debug-file - Update task entry:default@BuildJS output file:K:\study\HarmonyOs\code\tank\entry\build\default\intermediates\loader_out\default\js cache.
[2026-03-17T14:57:35.213] [DEBUG] debug-file - Incremental task entry:default@BuildJS post-execution cost:3 ms .
[2026-03-17T14:57:35.213] [DEBUG] debug-file - There is no need to refresh cache, since the incremental task entry:default@CacheNativeLibs is up-to-date.
[2026-03-17T14:57:35.237] [DEBUG] debug-file - Cleanup worker 10.
[2026-03-17T14:57:35.238] [DEBUG] debug-file - Worker 10 has been cleaned up.
[2026-03-17T14:57:35.238] [DEBUG] debug-file - Current idle worker size: 1.
[2026-03-17T14:57:35.238] [DEBUG] debug-file - Current resident worker size: 2.
[2026-03-17T14:57:35.239] [DEBUG] debug-file - hvigor build process will be closed.
[2026-03-17T14:57:35.257] [DEBUG] debug-file - session manager: send message to worker process.
[2026-03-17T14:57:35.258] [DEBUG] debug-file - session manager: send message to worker process.
[2026-03-17T14:57:35.256] [DEBUG] debug-file - worker[10] exits with exit code 1.
[2026-03-17T14:57:35.258] [DEBUG] debug-file - watch worker: worker id should be larger than 0. Nothing will be sent to any worker thread.
[2026-03-17T14:57:35.258] [DEBUG] debug-file - watch worker: worker id should be larger than 0. Nothing will be sent to any worker thread.
[2026-03-17T14:57:46.768] [DEBUG] debug-file - session manager: set active socket. socketId=W-hRObOf1bA22tEOAAAF
[2026-03-17T14:57:46.783] [DEBUG] debug-file - watch worker: worker id should be larger than 0. Nothing will be sent to any worker thread.
[2026-03-17T14:57:46.787] [DEBUG] debug-file - Hvigor init with startParameters:{
  hvigorfileTypeCheck: false,
  parallelExecution: true,
  incrementalExecution: true,
  printStackTrace: false,
  daemon: true,
  analyze: 0,
  logLevel: Level { level: 20000, levelStr: 'INFO', colour: 'green' },
  optimizationStrategy: 'memory',
  hotCompile: undefined,
  hotReloadBuild: undefined
}
[2026-03-17T14:57:46.790] [DEBUG] debug-file - Cache service initialization finished in 3 ms 
[2026-03-17T14:57:46.791] [DEBUG] debug-file - hvigorfile, resolving K:\study\HarmonyOs\code\tank\hvigorfile.ts
[2026-03-17T14:57:46.798] [DEBUG] debug-file - hvigorfile, require result:  { default: { plugins: [] } }
[2026-03-17T14:57:46.798] [DEBUG] debug-file - hvigorfile, binding system plugins null
[2026-03-17T14:57:46.802] [DEBUG] debug-file - Start initialize project's product build option map with build mode debug.
[2026-03-17T14:57:46.802] [DEBUG] debug-file - Picking option from product 'default' with build mode 'debug'.
[2026-03-17T14:57:46.802] [DEBUG] debug-file - Product 'default' build option initialized
[2026-03-17T14:57:46.802] [DEBUG] debug-file - End initialize project's product build option map with build mode 'debug'.
[2026-03-17T14:57:46.803] [DEBUG] debug-file - Obtain build option for product 'default'in this build.
[2026-03-17T14:57:46.804] [DEBUG] debug-file - No signingConfig found, initRemoteHspCache failed.
[2026-03-17T14:57:46.808] [DEBUG] debug-file - Start recording SDK configuration permission data.
[2026-03-17T14:57:46.830] [DEBUG] debug-file - Sdk init in 26 ms 
[2026-03-17T14:57:46.832] [DEBUG] debug-file - Project task initialization takes 2 ms 
[2026-03-17T14:57:46.832] [DEBUG] debug-file - hvigorfile, binding custom plugins []
[2026-03-17T14:57:46.832] [DEBUG] debug-file - hvigorfile, no custom plugins were found in K:\study\HarmonyOs\code\tank\hvigorfile.ts
[2026-03-17T14:57:46.832] [DEBUG] debug-file - hvigorfile, resolve finished K:\study\HarmonyOs\code\tank\hvigorfile.ts
[2026-03-17T14:57:46.833] [DEBUG] debug-file - hvigorfile, resolving K:\study\HarmonyOs\code\tank\entry\hvigorfile.ts
[2026-03-17T14:57:46.838] [DEBUG] debug-file - hvigorfile, require result:  { default: { plugins: [] } }
[2026-03-17T14:57:46.838] [DEBUG] debug-file - hvigorfile, binding system plugins null
[2026-03-17T14:57:46.839] [DEBUG] debug-file - failed to load cangjie to dynamically generate schemas: Error: Cannot find module '@ohos/cangjie-build-support/index'
Require stack:
- K:\study\HarmonyOs\software\DevEcoStudio\DevEco Studio\tools\hvigor\hvigor-ohos-plugin\src\plugin\factory\plugin-factory.js
- K:\study\HarmonyOs\software\DevEcoStudio\DevEco Studio\tools\hvigor\hvigor-ohos-plugin\index.js
- K:\study\HarmonyOs\code\tank\hvigorfile.ts
- K:\study\HarmonyOs\software\DevEcoStudio\DevEco Studio\tools\hvigor\hvigor\src\base\internal\lifecycle\configuration.js
- K:\study\HarmonyOs\software\DevEcoStudio\DevEco Studio\tools\hvigor\hvigor\src\base\boot\index.js
- K:\study\HarmonyOs\software\DevEcoStudio\DevEco Studio\tools\hvigor\hvigor\src\base\daemon\cluster\worker-process-lifecycle.js
- K:\study\HarmonyOs\software\DevEcoStudio\DevEco Studio\tools\hvigor\hvigor\src\base\daemon\process\daemon-process-boot-script.js
[2026-03-17T14:57:46.842] [DEBUG] debug-file - Start initialize module-target build option map, moduleName=entry, buildMode=release
[2026-03-17T14:57:46.842] [DEBUG] debug-file - Target 'default' config initialized
[2026-03-17T14:57:46.842] [DEBUG] debug-file - Module 'entry' target 'default' build option initialized
[2026-03-17T14:57:46.842] [DEBUG] debug-file - End initialize module-target build option map, moduleName=entry
[2026-03-17T14:57:46.842] [DEBUG] debug-file - Start initialize module-target build option map, moduleName=entry, buildMode=debug
[2026-03-17T14:57:46.842] [DEBUG] debug-file - Target 'default' config initialized
[2026-03-17T14:57:46.843] [DEBUG] debug-file - Module 'entry' target 'default' build option initialized
[2026-03-17T14:57:46.843] [DEBUG] debug-file - End initialize module-target build option map, moduleName=entry
[2026-03-17T14:57:46.843] [DEBUG] debug-file - Start initialize module-target build option map, moduleName=entry, buildMode=debug
[2026-03-17T14:57:46.843] [DEBUG] debug-file - Target 'default' config initialized
[2026-03-17T14:57:46.844] [DEBUG] debug-file - Module 'entry' target 'default' build option initialized
[2026-03-17T14:57:46.845] [DEBUG] debug-file - End initialize module-target build option map, moduleName=entry
[2026-03-17T14:57:46.845] [DEBUG] debug-file - Obtain build option for module 'entry' target 'default'in this build.
[2026-03-17T14:57:46.847] [DEBUG] debug-file - Module entry task initialization takes 1 ms 
[2026-03-17T14:57:46.850] [DEBUG] debug-file - hvigorfile, binding custom plugins []
[2026-03-17T14:57:46.851] [DEBUG] debug-file - hvigorfile, no custom plugins were found in K:\study\HarmonyOs\code\tank\entry\hvigorfile.ts
[2026-03-17T14:57:46.851] [DEBUG] debug-file - hvigorfile, resolve finished K:\study\HarmonyOs\code\tank\entry\hvigorfile.ts
[2026-03-17T14:57:46.874] [DEBUG] debug-file - hvigorfile, resolve hvigorfile dependencies in 22 ms 
[2026-03-17T14:57:46.875] [DEBUG] debug-file - project has submodules:entry
[2026-03-17T14:57:46.876] [DEBUG] debug-file - start to load updatedOhPackageInfo to the disk
[2026-03-17T14:57:46.881] [DEBUG] debug-file - load to the disk finished
[2026-03-17T14:57:46.882] [DEBUG] debug-file - Start to initialize dependency information.
[2026-03-17T14:57:46.882] [DEBUG] debug-file - Module tank Collected Dependency: 
[2026-03-17T14:57:46.883] [DEBUG] debug-file - Module tank's total dependency: 0
[2026-03-17T14:57:46.883] [DEBUG] debug-file - Start to initialize dependency information.
[2026-03-17T14:57:46.885] [DEBUG] debug-file - Module entry Collected Dependency: 
[2026-03-17T14:57:46.885] [DEBUG] debug-file - Module entry's total dependency: 0
[2026-03-17T14:57:46.886] [DEBUG] debug-file - Configuration phase cost:96 ms 
[2026-03-17T14:57:46.887] [DEBUG] debug-file - Configuration task cost before running: 103 ms 
[2026-03-17T14:57:46.890] [DEBUG] debug-file - Executing task :entry:default@PreBuild
[2026-03-17T14:57:46.890] [DEBUG] debug-file - Task 'entry:default@PreBuild' cost while wrapping incremental declarations: 1 ms 
[2026-03-17T14:57:46.894] [DEBUG] debug-file - Incremental task entry:default@PreBuild pre-execution cost: 4 ms .
[2026-03-17T14:57:46.894] [DEBUG] debug-file - entry : default@PreBuild cost memory -1.4917144775390625
[2026-03-17T14:57:46.895] [INFO] debug-file - UP-TO-DATE :entry:default@PreBuild...  
[2026-03-17T14:57:46.896] [DEBUG] debug-file - Executing task :entry:default@CreateModuleInfo
[2026-03-17T14:57:46.896] [DEBUG] debug-file - Task 'entry:default@CreateModuleInfo' cost while wrapping incremental declarations: 1 ms 
[2026-03-17T14:57:46.896] [DEBUG] debug-file - entry : default@CreateModuleInfo cost memory 0.04150390625
[2026-03-17T14:57:46.897] [DEBUG] debug-file - runTaskFromQueue task cost before running: 112 ms 
[2026-03-17T14:57:46.897] [INFO] debug-file - Finished :entry:default@CreateModuleInfo... after 1 ms 
[2026-03-17T14:57:46.898] [DEBUG] debug-file - Executing task :entry:default@GenerateMetadata
[2026-03-17T14:57:46.898] [DEBUG] debug-file - Task 'entry:default@GenerateMetadata' cost while wrapping incremental declarations: 1 ms 
[2026-03-17T14:57:46.898] [DEBUG] debug-file - Incremental task entry:default@GenerateMetadata pre-execution cost: 1 ms .
[2026-03-17T14:57:46.898] [DEBUG] debug-file - entry : default@GenerateMetadata cost memory 0.0933380126953125
[2026-03-17T14:57:46.899] [INFO] debug-file - UP-TO-DATE :entry:default@GenerateMetadata...  
[2026-03-17T14:57:46.899] [DEBUG] debug-file - Executing task :entry:default@ConfigureCmake
[2026-03-17T14:57:46.899] [DEBUG] debug-file - entry : default@ConfigureCmake cost memory 0.0161285400390625
[2026-03-17T14:57:46.899] [DEBUG] debug-file - runTaskFromQueue task cost before running: 115 ms 
[2026-03-17T14:57:46.899] [INFO] debug-file - Finished :entry:default@ConfigureCmake... after 1 ms 
[2026-03-17T14:57:46.900] [DEBUG] debug-file - Executing task :entry:default@MergeProfile
[2026-03-17T14:57:46.900] [DEBUG] debug-file - Task 'entry:default@MergeProfile' cost while wrapping incremental declarations: 1 ms 
[2026-03-17T14:57:46.901] [DEBUG] debug-file - Incremental task entry:default@MergeProfile pre-execution cost: 1 ms .
[2026-03-17T14:57:46.901] [DEBUG] debug-file - entry : default@MergeProfile cost memory 0.1325225830078125
[2026-03-17T14:57:46.902] [INFO] debug-file - UP-TO-DATE :entry:default@MergeProfile...  
[2026-03-17T14:57:46.902] [DEBUG] debug-file - Executing task :entry:default@CreateBuildProfile
[2026-03-17T14:57:46.903] [DEBUG] debug-file - Task 'entry:default@CreateBuildProfile' cost while wrapping incremental declarations: 1 ms 
[2026-03-17T14:57:46.903] [DEBUG] debug-file - Incremental task entry:default@CreateBuildProfile pre-execution cost: 1 ms .
[2026-03-17T14:57:46.903] [DEBUG] debug-file - entry : default@CreateBuildProfile cost memory 0.1021575927734375
[2026-03-17T14:57:46.903] [INFO] debug-file - UP-TO-DATE :entry:default@CreateBuildProfile...  
[2026-03-17T14:57:46.904] [DEBUG] debug-file - Executing task :entry:default@PreCheckSyscap
[2026-03-17T14:57:46.904] [DEBUG] debug-file - entry : default@PreCheckSyscap cost memory 0.01633453369140625
[2026-03-17T14:57:46.904] [DEBUG] debug-file - runTaskFromQueue task cost before running: 120 ms 
[2026-03-17T14:57:46.905] [INFO] debug-file - Finished :entry:default@PreCheckSyscap... after 1 ms 
[2026-03-17T14:57:46.906] [DEBUG] debug-file - Executing task :entry:default@GeneratePkgContextInfo
[2026-03-17T14:57:46.908] [DEBUG] debug-file - Task 'entry:default@GeneratePkgContextInfo' cost while wrapping incremental declarations: 1 ms 
[2026-03-17T14:57:46.908] [DEBUG] debug-file - entry : default@GeneratePkgContextInfo cost memory 0.17052459716796875
[2026-03-17T14:57:46.908] [DEBUG] debug-file - runTaskFromQueue task cost before running: 124 ms 
[2026-03-17T14:57:46.908] [INFO] debug-file - Finished :entry:default@GeneratePkgContextInfo... after 3 ms 
[2026-03-17T14:57:46.910] [DEBUG] debug-file - Executing task :entry:default@ProcessIntegratedHsp
[2026-03-17T14:57:46.911] [DEBUG] debug-file - entry:default@ProcessIntegratedHsp is not up-to-date, since the output file 'K:\study\HarmonyOs\code\tank\build\cache\default\integrated_hsp\integratedHspCache.json' does not exist.
[2026-03-17T14:57:46.911] [DEBUG] debug-file - Incremental task entry:default@ProcessIntegratedHsp pre-execution cost: 1 ms .
[2026-03-17T14:57:46.911] [DEBUG] debug-file - entry : default@ProcessIntegratedHsp cost memory 0.0628662109375
[2026-03-17T14:57:46.911] [DEBUG] debug-file - runTaskFromQueue task cost before running: 127 ms 
[2026-03-17T14:57:46.911] [INFO] debug-file - Finished :entry:default@ProcessIntegratedHsp... after 1 ms 
[2026-03-17T14:57:46.912] [DEBUG] debug-file - Executing task :entry:default@BuildNativeWithCmake
[2026-03-17T14:57:46.912] [DEBUG] debug-file - entry : default@BuildNativeWithCmake cost memory 0.01715850830078125
[2026-03-17T14:57:46.913] [DEBUG] debug-file - runTaskFromQueue task cost before running: 128 ms 
[2026-03-17T14:57:46.913] [INFO] debug-file - Finished :entry:default@BuildNativeWithCmake... after 1 ms 
[2026-03-17T14:57:46.913] [DEBUG] debug-file - Executing task :entry:default@MakePackInfo
[2026-03-17T14:57:46.915] [DEBUG] debug-file - Incremental task entry:default@MakePackInfo pre-execution cost: 2 ms .
[2026-03-17T14:57:46.915] [DEBUG] debug-file - entry : default@MakePackInfo cost memory 0.10933685302734375
[2026-03-17T14:57:46.916] [INFO] debug-file - UP-TO-DATE :entry:default@MakePackInfo...  
[2026-03-17T14:57:46.917] [DEBUG] debug-file - Executing task :entry:default@SyscapTransform
[2026-03-17T14:57:46.917] [DEBUG] debug-file - File: 'K:\study\HarmonyOs\code\tank\entry\src\main\syscap.json' from 'sysCapJsonPath' is not exists, just ignore.
[2026-03-17T14:57:46.917] [DEBUG] debug-file - Task 'entry:default@SyscapTransform' cost while wrapping incremental declarations: 1 ms 
[2026-03-17T14:57:46.919] [DEBUG] debug-file - entry:default@SyscapTransform is not up-to-date, since the output file 'K:\study\HarmonyOs\code\tank\entry\build\default\intermediates\syscap\default\rpcid.sc' does not exist.
[2026-03-17T14:57:46.919] [DEBUG] debug-file - Incremental task entry:default@SyscapTransform pre-execution cost: 2 ms .
[2026-03-17T14:57:46.919] [DEBUG] debug-file - entry : default@SyscapTransform cost memory 0.17713165283203125
[2026-03-17T14:57:46.919] [DEBUG] debug-file - runTaskFromQueue task cost before running: 135 ms 
[2026-03-17T14:57:46.919] [INFO] debug-file - Finished :entry:default@SyscapTransform... after 3 ms 
[2026-03-17T14:57:46.920] [DEBUG] debug-file - Executing task :entry:default@ProcessProfile
[2026-03-17T14:57:46.921] [DEBUG] debug-file - Task 'entry:default@ProcessProfile' cost while wrapping incremental declarations: 1 ms 
[2026-03-17T14:57:46.922] [DEBUG] debug-file - Incremental task entry:default@ProcessProfile pre-execution cost: 1 ms .
[2026-03-17T14:57:46.923] [DEBUG] debug-file - entry : default@ProcessProfile cost memory 0.13004302978515625
[2026-03-17T14:57:46.923] [INFO] debug-file - UP-TO-DATE :entry:default@ProcessProfile...  
[2026-03-17T14:57:46.924] [DEBUG] debug-file - Executing task :entry:default@ProcessRouterMap
[2026-03-17T14:57:46.927] [DEBUG] debug-file - Incremental task entry:default@ProcessRouterMap pre-execution cost: 2 ms .
[2026-03-17T14:57:46.927] [DEBUG] debug-file - entry : default@ProcessRouterMap cost memory 0.135162353515625
[2026-03-17T14:57:46.927] [INFO] debug-file - UP-TO-DATE :entry:default@ProcessRouterMap...  
[2026-03-17T14:57:46.928] [DEBUG] debug-file - Executing task :entry:default@ProcessShareConfig
[2026-03-17T14:57:46.930] [DEBUG] debug-file - Incremental task entry:default@ProcessShareConfig pre-execution cost: 2 ms .
[2026-03-17T14:57:46.930] [DEBUG] debug-file - entry : default@ProcessShareConfig cost memory 0.11821746826171875
[2026-03-17T14:57:46.931] [INFO] debug-file - UP-TO-DATE :entry:default@ProcessShareConfig...  
[2026-03-17T14:57:46.932] [DEBUG] debug-file - Executing task :entry:default@ProcessStartupConfig
[2026-03-17T14:57:46.932] [DEBUG] debug-file - Task 'entry:default@ProcessStartupConfig' cost while wrapping incremental declarations: 1 ms 
[2026-03-17T14:57:46.932] [DEBUG] debug-file - entry:default@ProcessStartupConfig is not up-to-date, since the output file 'K:\study\HarmonyOs\code\tank\entry\build\default\intermediates\startup\default\startup_config.json' does not exist.
[2026-03-17T14:57:46.932] [DEBUG] debug-file - Incremental task entry:default@ProcessStartupConfig pre-execution cost: 1 ms .
[2026-03-17T14:57:46.933] [DEBUG] debug-file - entry : default@ProcessStartupConfig cost memory 0.1027069091796875
[2026-03-17T14:57:46.933] [DEBUG] debug-file - runTaskFromQueue task cost before running: 149 ms 
[2026-03-17T14:57:46.933] [INFO] debug-file - Finished :entry:default@ProcessStartupConfig... after 2 ms 
[2026-03-17T14:57:46.935] [DEBUG] debug-file - Executing task :entry:default@BuildNativeWithNinja
[2026-03-17T14:57:46.935] [DEBUG] debug-file - entry : default@BuildNativeWithNinja cost memory 0.0237274169921875
[2026-03-17T14:57:46.935] [DEBUG] debug-file - runTaskFromQueue task cost before running: 151 ms 
[2026-03-17T14:57:46.935] [INFO] debug-file - Finished :entry:default@BuildNativeWithNinja... after 1 ms 
[2026-03-17T14:57:46.937] [DEBUG] debug-file - restool module names: entry; moduleName=entry, taskName=default@ProcessResource
[2026-03-17T14:57:46.938] [DEBUG] debug-file - Executing task :entry:default@ProcessResource
[2026-03-17T14:57:46.938] [DEBUG] debug-file - Task 'entry:default@ProcessResource' cost while wrapping incremental declarations: 1 ms 
[2026-03-17T14:57:46.939] [DEBUG] debug-file - Incremental task entry:default@ProcessResource pre-execution cost: 1 ms .
[2026-03-17T14:57:46.939] [DEBUG] debug-file - entry : default@ProcessResource cost memory 0.14046478271484375
[2026-03-17T14:57:46.940] [INFO] debug-file - UP-TO-DATE :entry:default@ProcessResource...  
[2026-03-17T14:57:46.941] [DEBUG] debug-file - Executing task :entry:default@GenerateLoaderJson
[2026-03-17T14:57:46.942] [DEBUG] debug-file - Task 'entry:default@GenerateLoaderJson' cost while wrapping incremental declarations: 1 ms 
[2026-03-17T14:57:46.947] [DEBUG] debug-file - Incremental task entry:default@GenerateLoaderJson pre-execution cost: 4 ms .
[2026-03-17T14:57:46.947] [DEBUG] debug-file - entry : default@GenerateLoaderJson cost memory 0.4503173828125
[2026-03-17T14:57:46.950] [INFO] debug-file - UP-TO-DATE :entry:default@GenerateLoaderJson...  
[2026-03-17T14:57:46.951] [DEBUG] debug-file - Executing task :entry:default@ProcessLibs
[2026-03-17T14:57:46.952] [DEBUG] debug-file - Incremental task entry:default@ProcessLibs pre-execution cost: 1 ms .
[2026-03-17T14:57:46.952] [DEBUG] debug-file - entry : default@ProcessLibs cost memory 0.108612060546875
[2026-03-17T14:57:46.953] [INFO] debug-file - UP-TO-DATE :entry:default@ProcessLibs...  
[2026-03-17T14:57:46.954] [DEBUG] debug-file - restool module names: entry; moduleName=entry, taskName=default@CompileResource
[2026-03-17T14:57:46.956] [DEBUG] debug-file - Executing task :entry:default@CompileResource
[2026-03-17T14:57:46.963] [DEBUG] debug-file - Incremental task entry:default@CompileResource pre-execution cost: 7 ms .
[2026-03-17T14:57:46.964] [DEBUG] debug-file - entry : default@CompileResource cost memory -1.149139404296875
[2026-03-17T14:57:46.965] [INFO] debug-file - UP-TO-DATE :entry:default@CompileResource...  
[2026-03-17T14:57:46.967] [DEBUG] debug-file - Executing task :entry:default@DoNativeStrip
[2026-03-17T14:57:46.968] [DEBUG] debug-file - Task 'entry:default@DoNativeStrip' cost while wrapping incremental declarations: 1 ms 
[2026-03-17T14:57:46.968] [DEBUG] debug-file - Incremental task entry:default@DoNativeStrip pre-execution cost: 1 ms .
[2026-03-17T14:57:46.969] [DEBUG] debug-file - entry : default@DoNativeStrip cost memory 0.08575439453125
[2026-03-17T14:57:46.969] [INFO] debug-file - UP-TO-DATE :entry:default@DoNativeStrip...  
[2026-03-17T14:57:46.970] [DEBUG] debug-file - Executing task :entry:default@CompileArkTS
[2026-03-17T14:57:46.970] [DEBUG] debug-file - obfuscationOptions: undefined
[2026-03-17T14:57:46.978] [DEBUG] debug-file - build config:
[2026-03-17T14:57:46.978] [DEBUG] debug-file - {
  moduleType: 'entry',
  perf: 0,
  targetName: '.default',
  packageManagerType: 'ohpm',
  localPropertiesPath: 'K:\\study\\HarmonyOs\\code\\tank\\local.properties',
  isPreview: false,
  isOhosTest: false,
  isLocalTest: false,
  buildMode: 'Debug',
  hotReloadBuild: undefined,
  watchMode: 'false',
  aceProfilePath: 'K:\\study\\HarmonyOs\\code\\tank\\entry\\build\\default\\intermediates\\res\\default\\resources\\base\\profile',
  etsLoaderPath: 'K:\\study\\HarmonyOs\\software\\DevEcoStudio\\DevEco Studio\\sdk\\default\\openharmony\\ets\\build-tools\\ets-loader',
  modulePath: 'K:\\study\\HarmonyOs\\code\\tank\\entry',
  testFrameworkPar: {
    testMode: undefined,
    coveragePathFilter: undefined,
    coverageMode: undefined
  },
  needCoverageInsert: false,
  debugLine: false,
  projectTopDir: 'K:\\study\\HarmonyOs\\code\\tank',
  compileSdkVersion: 20,
  compatibleSdkVersion: 10,
  compatibleSdkVersionStage: undefined,
  bundleName: 'c***y',
  etsLoaderVersion: '6.0.0.47',
  etsLoaderReleaseType: 'Release',
  aotCompileMode: 'type',
  apPath: 'K:\\study\\HarmonyOs\\code\\tank\\entry\\modules.ap',
  entryModuleName: 'entry',
  entryModuleVersion: '1.0.0',
  entryPackageName: 'entry',
  allModuleNameHash: '9025649c35e19c9529e6a112bac27010',
  externalApiPaths: [
    'K:\\study\\HarmonyOs\\software\\DevEcoStudio\\DevEco Studio\\sdk\\default\\hms\\ets'
  ],
  compilerTypes: [],
  isCrossplatform: false,
  hvigorPluginFile: undefined,
  compilePluginPath: undefined,
  buildGeneratedProfilePath: 'K:\\study\\HarmonyOs\\code\\tank\\entry\\build\\default\\generated\\profile\\default',
  bundleType: 'app',
  arkTSVersion: undefined,
  apiVersion: 20,
  needCompleteSourcesMap: false,
  isFaMode: false,
  strictMode: undefined,
  buildDir: 'K:\\study\\HarmonyOs\\code\\tank\\entry\\build',
  deviceTypes: [ 'phone', 'tablet' ],
  useNormalizedOHMUrl: false,
  pkgContextInfo: undefined,
  ohPackagePathMap: {},
  dependencyAliasMap: {},
  permission: { requestPermissions: undefined, definePermissions: undefined },
  integratedHsp: false,
  projectArkOption: undefined,
  sourceMapDir: undefined,
  branchElimination: false,
  transformLib: undefined,
  caseSensitiveCheck: false,
  tsImportSendable: false,
  resolveConflictMode: true,
  depName2RootPath: {},
  depName2DepInfo: {},
  rootPathSet: [ 'K:\\study\\HarmonyOs\\code\\tank' ],
  useNativeResolver: true,
  shouldEmitJs: true,
  useTscResolve: false,
  singleFileEmit: false,
  userProjectConfig: {
    autoLazyImport: false,
    allowEmptyBundleName: false,
    reExportCheckMode: 'noCheck',
    executionMode: 'memory',
    usePathPlaceholder: false,
    writeRollupCache: true,
    isExpandImportEnabled: false,
    expandImportExclude: '',
    ignoreCrossplatformCheck: false,
    isPreloadSoEnabled: false
  },
  skipOhModulesLint: false,
  executionMode: 'memory',
  autoLazyImport: false,
  allowEmptyBundleName: false,
  reExportCheckMode: 'noCheck',
  usePathPlaceholder: false,
  writeRollupCache: true,
  isExpandImportEnabled: false,
  expandImportExclude: '',
  ignoreCrossplatformCheck: false,
  isPreloadSoEnabled: false,
  arkCompileCachePath: 'K:\\study\\HarmonyOs\\code\\tank\\entry\\build\\default\\cache\\default\\default@CompileArkTS\\esmodule',
  aceModuleJsonPath: 'K:\\study\\HarmonyOs\\code\\tank\\entry\\build\\default\\intermediates\\res\\default\\ark_module.json',
  appResource: 'K:\\study\\HarmonyOs\\code\\tank\\entry\\build\\default\\intermediates\\res\\default\\ResourceTable.txt',
  rawFileResource: 'K:\\study\\HarmonyOs\\code\\tank\\entry\\build\\default\\intermediates\\res\\default\\resources\\rawfile',
  resourceTableHash: '790527e39c8c2be7fbbc762f7966104e',
  runtimeOS: 'HarmonyOS',
  sdkInfo: 'false:20:6.0.0.47:Release',
  aceModuleRoot: 'K:\\study\\HarmonyOs\\code\\tank\\entry\\src\\main\\ets',
  compileMode: 'esmodule',
  aceSuperVisualPath: 'K:\\study\\HarmonyOs\\code\\tank\\entry\\src\\main\\supervisual',
  aceBuildJson: 'K:\\study\\HarmonyOs\\code\\tank\\entry\\build\\default\\intermediates\\loader\\default\\loader.json',
  cachePath: 'K:\\study\\HarmonyOs\\code\\tank\\entry\\build\\default\\cache\\default\\default@CompileArkTS\\esmodule\\debug',
  aceModuleBuild: 'K:\\study\\HarmonyOs\\code\\tank\\entry\\build\\default\\intermediates\\loader_out\\default\\ets',
  supportChunks: true,
  declaredFilesPath: undefined,
  shouldCollectDirectImportees: false,
  isByteCodeHarOptimize: false,
  expandImportPath: undefined,
  pkgNameToPkgBriefInfo: {
    entry: {
      pkgRoot: 'K:\\study\\HarmonyOs\\code\\tank\\entry',
      originalSourceRoots: undefined,
      sourceRoots: [Array],
      pkgName: 'entry'
    }
  },
  projectModel: {
    'K:\\study\\HarmonyOs\\code\\tank\\entry\\src\\main': {
      moduleName: 'entry',
      modulePkgPath: 'K:\\study\\HarmonyOs\\code\\tank\\entry',
      belongProjectPath: 'K:\\study\\HarmonyOs\\code\\tank'
    },
    'K:\\study\\HarmonyOs\\code\\tank\\entry': {
      moduleName: 'entry',
      modulePkgPath: 'K:\\study\\HarmonyOs\\code\\tank\\entry',
      belongProjectPath: 'K:\\study\\HarmonyOs\\code\\tank'
    },
    'K:\\study\\HarmonyOs\\code\\tank': {
      moduleName: 'tank',
      modulePkgPath: 'K:\\study\\HarmonyOs\\code\\tank',
      belongProjectPath: 'K:\\study\\HarmonyOs\\code\\tank'
    }
  },
  pkgJsonFileHash: '61e5e8cda19ab0fede564bae533c470b',
  allModulePaths: [ 'K:\\study\\HarmonyOs\\code\\tank\\entry' ],
  routerMap: {},
  obfuscationOptions: undefined,
  byteCodeHarToDependencyKeys: undefined,
  compileBlockPkg: [],
  mockParams: {
    decorator: '@MockSetup',
    packageName: '@ohos/hamock',
    etsSourceRootPath: 'src/main/ets',
    mockConfigPath: undefined,
    mockConfigKey2ModuleInfo: {},
    source2ModuleIdMap: {}
  },
  copyCodeResourceEnable: true,
  copyCodeResourceExcludes: [],
  copyCodeResourceIncludes: undefined,
  uiTransformOptimization: false,
  sdkPath: 'K:/study/HarmonyOs/software/DevEcoStudio/DevEco Studio/sdk',
  needPreloadSoFileSet: {},
  preloadSoFilePath: 'K:\\study\\HarmonyOs\\code\\tank\\entry\\build\\default\\intermediates\\preload\\default\\preload.json',
  useSourceHash: false,
  localModuleParamMap: {},
  otherPaths: {
    'entry/*': [
      '..\\*',
      '..\\..\\..\\build\\default\\generated\\profile\\default\\*'
    ]
  },
  collectImportersConfig: undefined
}
[2026-03-17T14:57:46.978] [DEBUG] debug-file - Compile arkts with external api path: K:\study\HarmonyOs\software\DevEcoStudio\DevEco Studio\sdk\default\hms\ets
[2026-03-17T14:57:46.979] [DEBUG] debug-file - default@CompileArkTS work[4] is submitted.
[2026-03-17T14:57:46.979] [DEBUG] debug-file - default@CompileArkTS work[4] is pushed to ready queue.
[2026-03-17T14:57:46.979] [DEBUG] debug-file - A work dispatched to worker[11] failed because unable to get work from ready queue.
[2026-03-17T14:57:46.979] [DEBUG] debug-file - A work dispatched to worker[10] failed because unable to get work from ready queue.
[2026-03-17T14:57:46.979] [DEBUG] debug-file - A work dispatched to worker[9] failed because unable to get work from ready queue.
[2026-03-17T14:57:46.979] [DEBUG] debug-file - A work dispatched to worker[8] failed because unable to get work from ready queue.
[2026-03-17T14:57:46.979] [DEBUG] debug-file - A work dispatched to worker[7] failed because unable to get work from ready queue.
[2026-03-17T14:57:46.979] [DEBUG] debug-file - A work dispatched to worker[6] failed because unable to get work from ready queue.
[2026-03-17T14:57:46.979] [DEBUG] debug-file - A work dispatched to worker[5] failed because unable to get work from ready queue.
[2026-03-17T14:57:46.980] [DEBUG] debug-file - default@CompileArkTS work[4] has been dispatched to worker[4].
[2026-03-17T14:57:46.980] [DEBUG] debug-file - default@CompileArkTS work[4] is dispatched.
[2026-03-17T14:57:46.980] [DEBUG] debug-file - CopyResources startTime: 7759651278100
[2026-03-17T14:57:46.980] [DEBUG] debug-file - default@CompileArkTS work[5] is submitted.
[2026-03-17T14:57:46.980] [DEBUG] debug-file - default@CompileArkTS work[5] is pushed to ready queue.
[2026-03-17T14:57:46.980] [DEBUG] debug-file - A work dispatched to worker[11] failed because unable to get work from ready queue.
[2026-03-17T14:57:46.980] [DEBUG] debug-file - Create  resident worker with id: 10.
[2026-03-17T14:57:46.981] [DEBUG] debug-file - default@CompileArkTS work[5] has been dispatched to worker[10].
[2026-03-17T14:57:46.981] [DEBUG] debug-file - default@CompileArkTS work[5] is dispatched.
[2026-03-17T14:57:46.981] [DEBUG] debug-file - entry : default@CompileArkTS cost memory 1.058319091796875
[2026-03-17T14:57:46.982] [DEBUG] debug-file - Executing task :entry:default@BuildJS
[2026-03-17T14:57:46.984] [DEBUG] debug-file - entry : default@BuildJS cost memory -1.5957565307617188
[2026-03-17T14:57:46.984] [DEBUG] debug-file - runTaskFromQueue task cost before running: 200 ms 
[2026-03-17T14:57:46.985] [INFO] debug-file - Finished :entry:default@BuildJS... after 3 ms 
[2026-03-17T14:57:46.986] [DEBUG] debug-file - Executing task :entry:default@CacheNativeLibs
[2026-03-17T14:57:46.987] [DEBUG] debug-file - Task 'entry:default@CacheNativeLibs' cost while wrapping incremental declarations: 1 ms 
[2026-03-17T14:57:46.988] [DEBUG] debug-file - Incremental task entry:default@CacheNativeLibs pre-execution cost: 2 ms .
[2026-03-17T14:57:46.988] [DEBUG] debug-file - entry : default@CacheNativeLibs cost memory 0.10219573974609375
[2026-03-17T14:57:46.989] [INFO] debug-file - UP-TO-DATE :entry:default@CacheNativeLibs...  
[2026-03-17T14:57:48.031] [DEBUG] debug-file - worker[10] has one work done.
[2026-03-17T14:57:48.032] [DEBUG] debug-file - CopyResources is end, endTime: 7760702908500
[2026-03-17T14:57:48.032] [DEBUG] debug-file - default@CompileArkTS work[5] done.
[2026-03-17T14:57:48.032] [DEBUG] debug-file - A work dispatched to worker[10] failed because unable to get work from ready queue.
[2026-03-17T14:57:48.175] [DEBUG] debug-file - Ark compile task finished.finished time is 7760845996500
[2026-03-17T14:57:48.175] [DEBUG] debug-file - worker[4] has one work done.
[2026-03-17T14:57:48.176] [DEBUG] debug-file - default@CompileArkTS work[4] done.
[2026-03-17T14:57:48.176] [DEBUG] debug-file - A work dispatched to worker[4] failed because unable to get work from ready queue.
[2026-03-17T14:57:48.177] [INFO] debug-file - Finished :entry:default@CompileArkTS... after 1 s 205 ms 
[2026-03-17T14:57:48.178] [DEBUG] debug-file - Executing task :entry:default@GeneratePkgModuleJson
[2026-03-17T14:57:48.178] [DEBUG] debug-file - File: 'K:\study\HarmonyOs\code\tank\entry\build\default\intermediates\preload\default\preload.json' from 'preloadSoJsonPath' is not exists, just ignore.
[2026-03-17T14:57:48.178] [DEBUG] debug-file - Task 'entry:default@GeneratePkgModuleJson' cost while wrapping incremental declarations: 1 ms 
[2026-03-17T14:57:48.179] [DEBUG] debug-file - Incremental task entry:default@GeneratePkgModuleJson pre-execution cost: 1 ms .
[2026-03-17T14:57:48.179] [DEBUG] debug-file - entry : default@GeneratePkgModuleJson cost memory 0.09635162353515625
[2026-03-17T14:57:48.179] [INFO] debug-file - UP-TO-DATE :entry:default@GeneratePkgModuleJson...  
[2026-03-17T14:57:48.180] [DEBUG] debug-file - Executing task :entry:default@ProcessCompiledResources
[2026-03-17T14:57:48.180] [DEBUG] debug-file - File: 'K:\study\HarmonyOs\code\tank\entry\build\default\intermediates\preload\default\preload.json' from 'preloadSoJsonPath' is not exists, just ignore.
[2026-03-17T14:57:48.180] [DEBUG] debug-file - Task 'entry:default@ProcessCompiledResources' cost while wrapping incremental declarations: 1 ms 
[2026-03-17T14:57:48.181] [DEBUG] debug-file - entry : default@ProcessCompiledResources cost memory 0.06435394287109375
[2026-03-17T14:57:48.181] [DEBUG] debug-file - runTaskFromQueue task cost before running: 1 s 397 ms 
[2026-03-17T14:57:48.181] [INFO] debug-file - Finished :entry:default@ProcessCompiledResources... after 2 ms 
[2026-03-17T14:57:48.183] [DEBUG] debug-file - Executing task :entry:default@PackageHap
[2026-03-17T14:57:48.187] [DEBUG] debug-file - entry:default@PackageHap is not up-to-date, since the input file 'K:\study\HarmonyOs\code\tank\entry\build\default\intermediates\loader_out\default\ets' has been changed.
[2026-03-17T14:57:48.187] [DEBUG] debug-file - Incremental task entry:default@PackageHap pre-execution cost: 3 ms .
[2026-03-17T14:57:48.188] [DEBUG] debug-file - Use tool [K:\study\HarmonyOs\software\DevEcoStudio\DevEco Studio\sdk\default\openharmony\toolchains\lib\app_packing_tool.jar]
 [
  'java',
  '-Dfile.encoding=GBK',
  '-jar',
  'K:\\study\\HarmonyOs\\software\\DevEcoStudio\\DevEco Studio\\sdk\\default\\openharmony\\toolchains\\lib\\app_packing_tool.jar',
  '--mode',
  'hap',
  '--force',
  'true',
  '--lib-path',
  'K:\\study\\HarmonyOs\\code\\tank\\entry\\build\\default\\intermediates\\stripped_native_libs\\default',
  '--json-path',
  'K:\\study\\HarmonyOs\\code\\tank\\entry\\build\\default\\intermediates\\package\\default\\module.json',
  '--resources-path',
  'K:\\study\\HarmonyOs\\code\\tank\\entry\\build\\default\\intermediates\\res\\default\\resources',
  '--index-path',
  'K:\\study\\HarmonyOs\\code\\tank\\entry\\build\\default\\intermediates\\res\\default\\resources.index',
  '--pack-info-path',
  'K:\\study\\HarmonyOs\\code\\tank\\entry\\build\\default\\outputs\\default\\pack.info',
  '--out-path',
  'K:\\study\\HarmonyOs\\code\\tank\\entry\\build\\default\\outputs\\default\\entry-default-unsigned.hap',
  '--ets-path',
  'K:\\study\\HarmonyOs\\code\\tank\\entry\\build\\default\\intermediates\\loader_out\\default\\ets'
]
[2026-03-17T14:57:48.215] [DEBUG] debug-file - java daemon socket received message:{"code":0,"message":"pack success"}
[2026-03-17T14:57:48.217] [DEBUG] debug-file - entry : default@PackageHap cost memory 0.587493896484375
[2026-03-17T14:57:48.218] [DEBUG] debug-file - runTaskFromQueue task cost before running: 1 s 433 ms 
[2026-03-17T14:57:48.218] [INFO] debug-file - Finished :entry:default@PackageHap... after 35 ms 
[2026-03-17T14:57:48.220] [DEBUG] debug-file - Executing task :entry:default@PackingCheck
[2026-03-17T14:57:48.224] [DEBUG] debug-file - entry : default@PackingCheck cost memory 0.528289794921875
[2026-03-17T14:57:48.224] [DEBUG] debug-file - runTaskFromQueue task cost before running: 1 s 440 ms 
[2026-03-17T14:57:48.224] [INFO] debug-file - Finished :entry:default@PackingCheck... after 5 ms 
[2026-03-17T14:57:48.226] [DEBUG] debug-file - Executing task :entry:default@SignHap
[2026-03-17T14:57:48.226] [WARN] debug-file - Will skip sign 'hos_hap'. No signingConfigs profile is configured in current project.
             If needed, configure the signingConfigs in K:\study\HarmonyOs\code\tank\build-profile.json5.
[2026-03-17T14:57:48.226] [DEBUG] debug-file - entry:default@SignHap is not up-to-date, since the input file 'K:\study\HarmonyOs\code\tank\entry\build\default\outputs\default\entry-default-unsigned.hap' has been changed.
[2026-03-17T14:57:48.226] [DEBUG] debug-file - Incremental task entry:default@SignHap pre-execution cost: 1 ms .
[2026-03-17T14:57:48.226] [DEBUG] debug-file - entry : default@SignHap cost memory 0.0995635986328125
[2026-03-17T14:57:48.226] [DEBUG] debug-file - runTaskFromQueue task cost before running: 1 s 442 ms 
[2026-03-17T14:57:48.227] [INFO] debug-file - Finished :entry:default@SignHap... after 1 ms 
[2026-03-17T14:57:48.228] [DEBUG] debug-file - Executing task :entry:default@CollectDebugSymbol
[2026-03-17T14:57:48.228] [DEBUG] debug-file - entry : default@CollectDebugSymbol cost memory 0.0955810546875
[2026-03-17T14:57:48.228] [DEBUG] debug-file - runTaskFromQueue task cost before running: 1 s 444 ms 
[2026-03-17T14:57:48.229] [INFO] debug-file - Finished :entry:default@CollectDebugSymbol... after 1 ms 
[2026-03-17T14:57:48.229] [DEBUG] debug-file - Executing task :entry:assembleHap
[2026-03-17T14:57:48.229] [DEBUG] debug-file - entry : assembleHap cost memory 0.01433563232421875
[2026-03-17T14:57:48.229] [DEBUG] debug-file - runTaskFromQueue task cost before running: 1 s 445 ms 
[2026-03-17T14:57:48.229] [INFO] debug-file - Finished :entry:assembleHap... after 1 ms 
[2026-03-17T14:57:48.239] [INFO] debug-file - BUILD SUCCESSFUL in 1 s 454 ms 
[2026-03-17T14:57:48.239] [DEBUG] debug-file - There is no need to refresh cache, since the incremental task entry:default@PreBuild is up-to-date.
[2026-03-17T14:57:48.239] [DEBUG] debug-file - Update task entry:default@CreateModuleInfo output file:K:\study\HarmonyOs\code\tank\entry\build\default\generated\profile\default\ModuleInfo.ts cache.
[2026-03-17T14:57:48.239] [DEBUG] debug-file - Incremental task entry:default@CreateModuleInfo post-execution cost:1 ms .
[2026-03-17T14:57:48.239] [DEBUG] debug-file - There is no need to refresh cache, since the incremental task entry:default@GenerateMetadata is up-to-date.
[2026-03-17T14:57:48.240] [DEBUG] debug-file - There is no need to refresh cache, since the incremental task entry:default@MergeProfile is up-to-date.
[2026-03-17T14:57:48.240] [DEBUG] debug-file - There is no need to refresh cache, since the incremental task entry:default@CreateBuildProfile is up-to-date.
[2026-03-17T14:57:48.240] [DEBUG] debug-file - Update task entry:default@GeneratePkgContextInfo output file:K:\study\HarmonyOs\code\tank\entry\build\default\intermediates\loader\default\pkgContextInfo.json cache.
[2026-03-17T14:57:48.240] [DEBUG] debug-file - Incremental task entry:default@GeneratePkgContextInfo post-execution cost:1 ms .
[2026-03-17T14:57:48.240] [DEBUG] debug-file - Update task entry:default@ProcessIntegratedHsp output file:K:\study\HarmonyOs\code\tank\build\cache\default\integrated_hsp\integratedHspCache.json cache.
[2026-03-17T14:57:48.240] [DEBUG] debug-file - Incremental task entry:default@ProcessIntegratedHsp post-execution cost:1 ms .
[2026-03-17T14:57:48.240] [DEBUG] debug-file - There is no need to refresh cache, since the incremental task entry:default@MakePackInfo is up-to-date.
[2026-03-17T14:57:48.240] [DEBUG] debug-file - Update task entry:default@SyscapTransform input file:K:\study\HarmonyOs\software\DevEcoStudio\DevEco Studio\sdk\default\openharmony\toolchains\syscap_tool.exe cache by regenerate.
[2026-03-17T14:57:48.240] [DEBUG] debug-file - Update task entry:default@SyscapTransform input file:K:\study\HarmonyOs\software\DevEcoStudio\DevEco Studio\sdk\default\openharmony\ets\api\device-define cache by regenerate.
[2026-03-17T14:57:48.241] [DEBUG] debug-file - Update task entry:default@SyscapTransform output file:K:\study\HarmonyOs\code\tank\entry\build\default\intermediates\syscap\default\rpcid.sc cache.
[2026-03-17T14:57:48.242] [DEBUG] debug-file - Incremental task entry:default@SyscapTransform post-execution cost:2 ms .
[2026-03-17T14:57:48.242] [DEBUG] debug-file - There is no need to refresh cache, since the incremental task entry:default@ProcessProfile is up-to-date.
[2026-03-17T14:57:48.242] [DEBUG] debug-file - There is no need to refresh cache, since the incremental task entry:default@ProcessRouterMap is up-to-date.
[2026-03-17T14:57:48.242] [DEBUG] debug-file - There is no need to refresh cache, since the incremental task entry:default@ProcessShareConfig is up-to-date.
[2026-03-17T14:57:48.242] [DEBUG] debug-file - Update task entry:default@ProcessStartupConfig output file:K:\study\HarmonyOs\code\tank\entry\build\default\intermediates\startup\default\startup_config.json cache.
[2026-03-17T14:57:48.242] [DEBUG] debug-file - Incremental task entry:default@ProcessStartupConfig post-execution cost:1 ms .
[2026-03-17T14:57:48.242] [DEBUG] debug-file - There is no need to refresh cache, since the incremental task entry:default@ProcessResource is up-to-date.
[2026-03-17T14:57:48.242] [DEBUG] debug-file - There is no need to refresh cache, since the incremental task entry:default@GenerateLoaderJson is up-to-date.
[2026-03-17T14:57:48.242] [DEBUG] debug-file - There is no need to refresh cache, since the incremental task entry:default@ProcessLibs is up-to-date.
[2026-03-17T14:57:48.242] [DEBUG] debug-file - There is no need to refresh cache, since the incremental task entry:default@CompileResource is up-to-date.
[2026-03-17T14:57:48.242] [DEBUG] debug-file - There is no need to refresh cache, since the incremental task entry:default@DoNativeStrip is up-to-date.
[2026-03-17T14:57:48.243] [DEBUG] debug-file - Update task entry:default@CompileArkTS input file:K:\study\HarmonyOs\code\tank\entry\build\default\intermediates\loader\default cache by regenerate.
[2026-03-17T14:57:48.244] [DEBUG] debug-file - Update task entry:default@CompileArkTS input file:K:\study\HarmonyOs\code\tank\entry\build\default\intermediates\res\default\ResourceTable.txt cache by regenerate.
[2026-03-17T14:57:48.244] [DEBUG] debug-file - Update task entry:default@CompileArkTS input file:K:\study\HarmonyOs\code\tank\entry\build\default\intermediates\res\default\ark_module.json cache by regenerate.
[2026-03-17T14:57:48.245] [DEBUG] debug-file - Update task entry:default@CompileArkTS input file:K:\study\HarmonyOs\code\tank\entry\build\default\intermediates\res\default\resources\base\profile cache by regenerate.
[2026-03-17T14:57:48.245] [DEBUG] debug-file - Update task entry:default@CompileArkTS input file:K:\study\HarmonyOs\code\tank\entry\src\main\ets cache by regenerate.
[2026-03-17T14:57:48.246] [DEBUG] debug-file - Update task entry:default@CompileArkTS input file:K:\study\HarmonyOs\code\tank\entry\build\default\generated\profile\default\BuildProfile.ets cache by regenerate.
[2026-03-17T14:57:48.246] [DEBUG] debug-file - Update task entry:default@CompileArkTS output file:K:\study\HarmonyOs\code\tank\entry\build\default\intermediates\loader_out\default\ets cache.
[2026-03-17T14:57:48.247] [DEBUG] debug-file - Incremental task entry:default@CompileArkTS post-execution cost:5 ms .
[2026-03-17T14:57:48.248] [DEBUG] debug-file - Update task entry:default@BuildJS input file:K:\study\HarmonyOs\code\tank\entry\build\default\intermediates\loader\default cache by regenerate.
[2026-03-17T14:57:48.248] [DEBUG] debug-file - Update task entry:default@BuildJS input file:K:\study\HarmonyOs\code\tank\entry\build\default\intermediates\res\default\ResourceTable.txt cache by regenerate.
[2026-03-17T14:57:48.249] [DEBUG] debug-file - Update task entry:default@BuildJS input file:K:\study\HarmonyOs\code\tank\entry\build\default\intermediates\res\default\ark_module.json cache by regenerate.
[2026-03-17T14:57:48.249] [DEBUG] debug-file - Update task entry:default@BuildJS input file:K:\study\HarmonyOs\code\tank\entry\build\default\intermediates\res\default\resources\base\profile cache by regenerate.
[2026-03-17T14:57:48.249] [DEBUG] debug-file - Update task entry:default@BuildJS output file:K:\study\HarmonyOs\code\tank\entry\build\default\intermediates\loader_out\default\js cache.
[2026-03-17T14:57:48.249] [DEBUG] debug-file - Incremental task entry:default@BuildJS post-execution cost:3 ms .
[2026-03-17T14:57:48.249] [DEBUG] debug-file - There is no need to refresh cache, since the incremental task entry:default@CacheNativeLibs is up-to-date.
[2026-03-17T14:57:48.249] [DEBUG] debug-file - There is no need to refresh cache, since the incremental task entry:default@GeneratePkgModuleJson is up-to-date.
[2026-03-17T14:57:48.249] [DEBUG] debug-file - Incremental task entry:default@ProcessCompiledResources post-execution cost:1 ms .
[2026-03-17T14:57:48.250] [DEBUG] debug-file - Update task entry:default@PackageHap input file:K:\study\HarmonyOs\code\tank\entry\build\default\intermediates\stripped_native_libs\default cache by regenerate.
[2026-03-17T14:57:48.250] [DEBUG] debug-file - Update task entry:default@PackageHap input file:K:\study\HarmonyOs\code\tank\entry\build\default\intermediates\res\default\module.json cache by regenerate.
[2026-03-17T14:57:48.250] [DEBUG] debug-file - Update task entry:default@PackageHap input file:K:\study\HarmonyOs\code\tank\entry\build\default\intermediates\res\default\resources cache by regenerate.
[2026-03-17T14:57:48.251] [DEBUG] debug-file - Update task entry:default@PackageHap input file:K:\study\HarmonyOs\code\tank\entry\build\default\intermediates\res\default\resources.index cache by regenerate.
[2026-03-17T14:57:48.251] [DEBUG] debug-file - Update task entry:default@PackageHap input file:K:\study\HarmonyOs\code\tank\entry\build\default\outputs\default\pack.info cache by regenerate.
[2026-03-17T14:57:48.251] [DEBUG] debug-file - Update task entry:default@PackageHap input file:K:\study\HarmonyOs\code\tank\entry\build\default\intermediates\loader_out\default\ets cache from map.
[2026-03-17T14:57:48.251] [DEBUG] debug-file - Update task entry:default@PackageHap input file:K:\study\HarmonyOs\code\tank\entry\build\default\intermediates\loader_out\default\ets\sourceMaps.map cache by regenerate.
[2026-03-17T14:57:48.252] [DEBUG] debug-file - Update task entry:default@PackageHap input file:K:\study\HarmonyOs\code\tank\entry\build\default\generated\profile\default\BuildProfile.ets cache by regenerate.
[2026-03-17T14:57:48.252] [DEBUG] debug-file - Update task entry:default@PackageHap output file:K:\study\HarmonyOs\code\tank\entry\build\default\outputs\default\entry-default-unsigned.hap cache.
[2026-03-17T14:57:48.252] [DEBUG] debug-file - Update task entry:default@PackageHap output file:K:\study\HarmonyOs\code\tank\entry\build\default\intermediates\source_map\default\sourceMaps.map cache.
[2026-03-17T14:57:48.252] [DEBUG] debug-file - Update task entry:default@PackageHap output file:K:\study\HarmonyOs\code\tank\entry\build\default\outputs\default\mapping\sourceMaps.map cache.
[2026-03-17T14:57:48.252] [DEBUG] debug-file - Incremental task entry:default@PackageHap post-execution cost:3 ms .
[2026-03-17T14:57:48.252] [DEBUG] debug-file - Update task entry:default@SignHap input file:K:\study\HarmonyOs\code\tank\entry\build\default\outputs\default\entry-default-unsigned.hap cache from map.
[2026-03-17T14:57:48.252] [DEBUG] debug-file - Update task entry:default@SignHap output file:K:\study\HarmonyOs\code\tank\entry\build\default\outputs\default\entry-default-signed.hap cache.
[2026-03-17T14:57:48.253] [DEBUG] debug-file - Incremental task entry:default@SignHap post-execution cost:1 ms .
[2026-03-17T14:57:48.253] [DEBUG] debug-file - Update task entry:default@CollectDebugSymbol input file:K:\study\HarmonyOs\code\tank\entry\build\default\intermediates\loader_out\default\ets\sourceMaps.map cache by regenerate.
[2026-03-17T14:57:48.253] [DEBUG] debug-file - Update task entry:default@CollectDebugSymbol input file:K:\study\HarmonyOs\code\tank\entry\build\default\intermediates\libs\default cache by regenerate.
[2026-03-17T14:57:48.253] [DEBUG] debug-file - Update task entry:default@CollectDebugSymbol output file:K:\study\HarmonyOs\code\tank\entry\build\default\outputs\default\symbol cache.
[2026-03-17T14:57:48.253] [DEBUG] debug-file - Incremental task entry:default@CollectDebugSymbol post-execution cost:1 ms .
[2026-03-17T14:57:48.270] [DEBUG] debug-file - Cleanup worker 10.
[2026-03-17T14:57:48.270] [DEBUG] debug-file - Worker 10 has been cleaned up.
[2026-03-17T14:57:48.270] [DEBUG] debug-file - Current idle worker size: 1.
[2026-03-17T14:57:48.270] [DEBUG] debug-file - Current resident worker size: 2.
[2026-03-17T14:57:48.270] [DEBUG] debug-file - hvigor build process will be closed.
[2026-03-17T14:57:48.271] [DEBUG] debug-file - java daemon socket close code:1000 reason:close by user
[2026-03-17T14:57:48.274] [DEBUG] debug-file - session manager: send message to worker process.
[2026-03-17T14:57:48.275] [DEBUG] debug-file - session manager: send message to worker process.
[2026-03-17T14:57:48.275] [DEBUG] debug-file - watch worker: worker id should be larger than 0. Nothing will be sent to any worker thread.
[2026-03-17T14:57:48.276] [DEBUG] debug-file - watch worker: worker id should be larger than 0. Nothing will be sent to any worker thread.
[2026-03-17T14:57:48.281] [DEBUG] debug-file - worker[10] exits with exit code 1.
[2026-03-17T16:39:43.489] [DEBUG] debug-file - env: nodejsVersion=v18.20.1
[2026-03-17T16:39:44.180] [DEBUG] debug-file - Hvigor init with startParameters:{
  hvigorfileTypeCheck: false,
  parallelExecution: true,
  incrementalExecution: true,
  printStackTrace: false,
  daemon: false,
  analyze: 0,
  logLevel: Level { level: 20000, levelStr: 'INFO', colour: 'green' },
  optimizationStrategy: 'memory',
  hotCompile: undefined,
  hotReloadBuild: undefined
}
[2026-03-17T16:39:47.800] [DEBUG] debug-file - hvigorfile, require result:  { default: { system: [Function: appTasks], plugins: [] } }
[2026-03-17T16:39:48.146] [DEBUG] debug-file - Start initialize project's product build option map with build mode debug.
[2026-03-17T16:39:48.152] [DEBUG] debug-file - Obtain build option for product 'default'in this build.
[2026-03-17T16:39:48.168] [DEBUG] debug-file - Start recording SDK configuration permission data.
[2026-03-17T16:39:48.238] [DEBUG] debug-file - Project task initialization takes 9 ms 
[2026-03-17T16:39:48.270] [DEBUG] debug-file - Start initialize module-target build option map, moduleName=entry, buildMode=release
[2026-03-17T16:39:48.304] [DEBUG] debug-file - Start to initialize dependency information.
[2026-03-17T16:39:48.284] [DEBUG] debug-file - project has submodules:entry
[2026-03-17T16:39:43.490] [DEBUG] debug-file - env: hvigor-config.json5 content = { modelVersion: '6.0.0', dependencies: {} }
[2026-03-17T16:39:44.188] [DEBUG] debug-file - Cache service initialization finished in 7 ms 
[2026-03-17T16:39:48.363] [DEBUG] debug-file - Create  resident worker with id: 0.
[2026-03-17T16:39:47.801] [DEBUG] debug-file - hvigorfile, binding system plugins [Function: appTasks]
[2026-03-17T16:39:48.147] [DEBUG] debug-file - Picking option from product 'default' with build mode 'debug'.
[2026-03-17T16:39:48.156] [DEBUG] debug-file - No signingConfig found, initRemoteHspCache failed.
[2026-03-17T16:39:48.226] [DEBUG] debug-file - Sdk init in 68 ms 
[2026-03-17T16:39:48.238] [DEBUG] debug-file - hvigorfile, binding custom plugins []
[2026-03-17T16:39:48.270] [DEBUG] debug-file - Target 'default' config initialized
[2026-03-17T16:39:48.286] [DEBUG] debug-file - start to load updatedOhPackageInfo to the disk
[2026-03-17T16:39:48.310] [DEBUG] debug-file - Module entry Collected Dependency: 
[2026-03-17T16:39:43.493] [DEBUG] debug-file - env: daemon=false
[2026-03-17T16:39:44.190] [DEBUG] debug-file - hvigorfile, resolving K:\study\HarmonyOs\code\chenminghui_BattleCiity\hvigorfile.ts
[2026-03-17T16:39:48.367] [DEBUG] debug-file - Create  resident worker with id: 1.
[2026-03-17T16:39:48.147] [DEBUG] debug-file - Product 'default' build option initialized
[2026-03-17T16:39:48.160] [DEBUG] debug-file - Local scan or download HarmonyOS sdk components toolchains,ets,js,native,previewer
[2026-03-17T16:39:48.238] [DEBUG] debug-file - hvigorfile, no custom plugins were found in K:\study\HarmonyOs\code\chenminghui_BattleCiity\hvigorfile.ts
[2026-03-17T16:39:48.271] [DEBUG] debug-file - Module 'entry' target 'default' build option initialized
[2026-03-17T16:39:48.296] [DEBUG] debug-file - load to the disk finished
[2026-03-17T16:39:48.310] [DEBUG] debug-file - Module entry's total dependency: 0
[2026-03-17T16:39:43.493] [DEBUG] debug-file - no-daemon, use the parent process.execArgv --max-old-space-size=8192,--max-semi-space-size=16,--expose-gc
[2026-03-17T16:39:48.373] [DEBUG] debug-file - Current worker pool is stopped or closed.
[2026-03-17T16:39:48.147] [DEBUG] debug-file - End initialize project's product build option map with build mode 'debug'.
[2026-03-17T16:39:48.164] [DEBUG] debug-file - Local scan or download hmscore sdk components toolchains,ets,native
[2026-03-17T16:39:48.238] [DEBUG] debug-file - hvigorfile, resolve finished K:\study\HarmonyOs\code\chenminghui_BattleCiity\hvigorfile.ts
[2026-03-17T16:39:48.271] [DEBUG] debug-file - End initialize module-target build option map, moduleName=entry
[2026-03-17T16:39:48.297] [DEBUG] debug-file - Start to initialize dependency information.
[2026-03-17T16:39:48.315] [DEBUG] debug-file - Configuration phase cost:4 s 127 ms 
[2026-03-17T16:39:48.374] [DEBUG] debug-file - Clear worker 0.
[2026-03-17T16:39:48.301] [DEBUG] debug-file - Module chenminghui_BattleCiity Collected Dependency: 
[2026-03-17T16:39:48.271] [DEBUG] debug-file - Start initialize module-target build option map, moduleName=entry, buildMode=debug
[2026-03-17T16:39:48.240] [DEBUG] debug-file - hvigorfile, resolving K:\study\HarmonyOs\code\chenminghui_BattleCiity\entry\hvigorfile.ts
[2026-03-17T16:39:48.319] [DEBUG] debug-file - Configuration task cost before running: 4 s 150 ms 
[2026-03-17T16:39:48.301] [DEBUG] debug-file - Module chenminghui_BattleCiity's total dependency: 0
[2026-03-17T16:39:48.271] [DEBUG] debug-file - Target 'default' config initialized
[2026-03-17T16:39:48.374] [DEBUG] debug-file - Worker 0 has been cleared.
[2026-03-17T16:39:48.250] [DEBUG] debug-file - hvigorfile, require result:  { default: { system: [Function: hapTasks], plugins: [] } }
[2026-03-17T16:39:48.319] [DEBUG] debug-file - Executing task :entry:init
[2026-03-17T16:39:48.374] [DEBUG] debug-file - Current idle worker size: 1.
[2026-03-17T16:39:48.272] [DEBUG] debug-file - Module 'entry' target 'default' build option initialized
[2026-03-17T16:39:48.250] [DEBUG] debug-file - hvigorfile, binding system plugins [Function: hapTasks]
[2026-03-17T16:39:48.320] [DEBUG] debug-file - entry : init cost memory 0.01416778564453125
[2026-03-17T16:39:48.374] [DEBUG] debug-file - Current busy worker size: 0.
[2026-03-17T16:39:48.272] [DEBUG] debug-file - End initialize module-target build option map, moduleName=entry
[2026-03-17T16:39:48.251] [DEBUG] debug-file - failed to load cangjie to dynamically generate schemas: Error: Cannot find module '@ohos/cangjie-build-support/index'
Require stack:
- K:\study\HarmonyOs\software\DevEcoStudio\DevEco Studio\tools\hvigor\hvigor-ohos-plugin\src\plugin\factory\plugin-factory.js
- K:\study\HarmonyOs\software\DevEcoStudio\DevEco Studio\tools\hvigor\hvigor-ohos-plugin\index.js
- K:\study\HarmonyOs\code\chenminghui_BattleCiity\hvigorfile.ts
- K:\study\HarmonyOs\software\DevEcoStudio\DevEco Studio\tools\hvigor\hvigor\src\base\internal\lifecycle\configuration.js
- K:\study\HarmonyOs\software\DevEcoStudio\DevEco Studio\tools\hvigor\hvigor\src\base\boot\index.js
- K:\study\HarmonyOs\software\DevEcoStudio\DevEco Studio\tools\hvigor\hvigor\src\cli\main\cli.js
- K:\study\HarmonyOs\software\DevEcoStudio\DevEco Studio\tools\hvigor\hvigor\bin\hvigor.js
[2026-03-17T16:39:48.320] [DEBUG] debug-file - runTaskFromQueue task cost before running: 4 s 151 ms 
[2026-03-17T16:39:48.374] [DEBUG] debug-file - Clear worker 1.
[2026-03-17T16:39:48.273] [DEBUG] debug-file - Start initialize module-target build option map, moduleName=entry, buildMode=debug
[2026-03-17T16:39:48.321] [INFO] debug-file - Finished :entry:init... after 1 ms 
[2026-03-17T16:39:48.374] [DEBUG] debug-file - Worker 1 has been cleared.
[2026-03-17T16:39:48.273] [DEBUG] debug-file - Target 'default' config initialized
[2026-03-17T16:39:48.322] [DEBUG] debug-file - Executing task ::init
[2026-03-17T16:39:48.374] [DEBUG] debug-file - Current idle worker size: 0.
[2026-03-17T16:39:48.273] [DEBUG] debug-file - Module 'entry' target 'default' build option initialized
[2026-03-17T16:39:48.322] [DEBUG] debug-file - chenminghui_BattleCiity : init cost memory 0.01145172119140625
[2026-03-17T16:39:48.374] [DEBUG] debug-file - Current busy worker size: 0.
[2026-03-17T16:39:48.273] [DEBUG] debug-file - End initialize module-target build option map, moduleName=entry
[2026-03-17T16:39:48.375] [DEBUG] debug-file - hvigor build process will be closed.
[2026-03-17T16:39:48.322] [DEBUG] debug-file - runTaskFromQueue task cost before running: 4 s 153 ms 
[2026-03-17T16:39:48.273] [DEBUG] debug-file - Obtain build option for module 'entry' target 'default'in this build.
[2026-03-17T16:39:48.382] [DEBUG] debug-file - worker[0] exits with exit code 0.
[2026-03-17T16:39:48.323] [INFO] debug-file - Finished ::init... after 1 ms 
[2026-03-17T16:39:48.282] [DEBUG] debug-file - Module entry task initialization takes 7 ms 
[2026-03-17T16:39:48.383] [DEBUG] debug-file - worker[1] exits with exit code 0.
[2026-03-17T16:39:48.336] [DEBUG] debug-file - Obtain build option for module 'entry' target 'default'in this build.
[2026-03-17T16:39:48.282] [DEBUG] debug-file - hvigorfile, binding custom plugins []
[2026-03-17T16:39:48.384] [DEBUG] debug-file - Current worker pool is terminated.
[2026-03-17T16:39:48.361] [DEBUG] debug-file - Since there is no instance or instance is terminated, create a new worker pool.
[2026-03-17T16:39:48.282] [DEBUG] debug-file - hvigorfile, no custom plugins were found in K:\study\HarmonyOs\code\chenminghui_BattleCiity\entry\hvigorfile.ts
[2026-03-17T16:39:48.361] [DEBUG] debug-file - Worker pool is initialized with config:  {
  minPoolNum: 2,
  maxPoolNum: undefined,
  maxCoreSize: undefined,
  cacheCapacity: undefined,
  cacheTtl: undefined
}
[2026-03-17T16:39:48.282] [DEBUG] debug-file - hvigorfile, resolve finished K:\study\HarmonyOs\code\chenminghui_BattleCiity\entry\hvigorfile.ts
[2026-03-17T16:40:27.940] [DEBUG] debug-file - env: nodejsVersion=v18.20.1
[2026-03-17T16:40:28.015] [DEBUG] debug-file - env: daemon=true
[2026-03-17T16:40:27.942] [DEBUG] debug-file - env: hvigor-config.json5 content = { modelVersion: '6.0.0', dependencies: {} }
[2026-03-17T16:40:29.045] [DEBUG] debug-file - java daemon tryConnect failed Error: connect ECONNREFUSED 127.0.0.1:45050
[2026-03-17T16:40:29.108] [DEBUG] debug-file - java daemon started at port 45050 pid 24972
[2026-03-17T16:40:29.154] [DEBUG] debug-file - session manager: set active socket. socketId=w51Sszx-IQb0-MLhAAAB
[2026-03-17T16:40:30.471] [DEBUG] debug-file - watch worker: worker id should be larger than 0. Nothing will be sent to any worker thread.
[2026-03-17T16:40:30.484] [DEBUG] debug-file - Hvigor init with startParameters:{
  hvigorfileTypeCheck: false,
  parallelExecution: true,
  incrementalExecution: true,
  printStackTrace: false,
  daemon: true,
  analyze: 0,
  logLevel: Level { level: 20000, levelStr: 'INFO', colour: 'green' },
  optimizationStrategy: 'memory',
  hotCompile: undefined,
  hotReloadBuild: undefined
}
[2026-03-17T16:40:30.490] [DEBUG] debug-file - Cache service initialization finished in 6 ms 
[2026-03-17T16:40:30.492] [DEBUG] debug-file - hvigorfile, resolving K:\study\HarmonyOs\code\chenminghui_BattleCiity\hvigorfile.ts
[2026-03-17T16:40:32.570] [DEBUG] debug-file - hvigorfile, require result:  { default: { plugins: [] } }
[2026-03-17T16:40:32.571] [DEBUG] debug-file - hvigorfile, binding system plugins null
[2026-03-17T16:40:32.762] [DEBUG] debug-file - Start initialize project's product build option map with build mode debug.
[2026-03-17T16:40:32.762] [DEBUG] debug-file - Picking option from product 'default' with build mode 'debug'.
[2026-03-17T16:40:32.763] [DEBUG] debug-file - Product 'default' build option initialized
[2026-03-17T16:40:32.763] [DEBUG] debug-file - End initialize project's product build option map with build mode 'debug'.
[2026-03-17T16:40:32.765] [DEBUG] debug-file - Obtain build option for product 'default'in this build.
[2026-03-17T16:40:32.766] [DEBUG] debug-file - No signingConfig found, initRemoteHspCache failed.
[2026-03-17T16:40:32.770] [DEBUG] debug-file - Local scan or download HarmonyOS sdk components toolchains,ets,js,native,previewer
[2026-03-17T16:40:32.773] [DEBUG] debug-file - Local scan or download hmscore sdk components toolchains,ets,native
[2026-03-17T16:40:32.775] [DEBUG] debug-file - Start recording SDK configuration permission data.
[2026-03-17T16:40:32.817] [DEBUG] debug-file - Sdk init in 50 ms 
[2026-03-17T16:40:32.823] [DEBUG] debug-file - Project task initialization takes 5 ms 
[2026-03-17T16:40:32.823] [DEBUG] debug-file - hvigorfile, binding custom plugins []
[2026-03-17T16:40:32.823] [DEBUG] debug-file - hvigorfile, no custom plugins were found in K:\study\HarmonyOs\code\chenminghui_BattleCiity\hvigorfile.ts
[2026-03-17T16:40:32.824] [DEBUG] debug-file - hvigorfile, resolve finished K:\study\HarmonyOs\code\chenminghui_BattleCiity\hvigorfile.ts
[2026-03-17T16:40:32.824] [DEBUG] debug-file - hvigorfile, resolving K:\study\HarmonyOs\code\chenminghui_BattleCiity\entry\hvigorfile.ts
[2026-03-17T16:40:32.832] [DEBUG] debug-file - hvigorfile, require result:  { default: { plugins: [] } }
[2026-03-17T16:40:32.832] [DEBUG] debug-file - hvigorfile, binding system plugins null
[2026-03-17T16:40:32.833] [DEBUG] debug-file - failed to load cangjie to dynamically generate schemas: Error: Cannot find module '@ohos/cangjie-build-support/index'
Require stack:
- K:\study\HarmonyOs\software\DevEcoStudio\DevEco Studio\tools\hvigor\hvigor-ohos-plugin\src\plugin\factory\plugin-factory.js
- K:\study\HarmonyOs\software\DevEcoStudio\DevEco Studio\tools\hvigor\hvigor-ohos-plugin\index.js
- K:\study\HarmonyOs\code\chenminghui_BattleCiity\hvigorfile.ts
- K:\study\HarmonyOs\software\DevEcoStudio\DevEco Studio\tools\hvigor\hvigor\src\base\internal\lifecycle\configuration.js
- K:\study\HarmonyOs\software\DevEcoStudio\DevEco Studio\tools\hvigor\hvigor\src\base\boot\index.js
- K:\study\HarmonyOs\software\DevEcoStudio\DevEco Studio\tools\hvigor\hvigor\src\base\daemon\cluster\worker-process-lifecycle.js
- K:\study\HarmonyOs\software\DevEcoStudio\DevEco Studio\tools\hvigor\hvigor\src\base\daemon\process\daemon-process-boot-script.js
[2026-03-17T16:40:32.845] [DEBUG] debug-file - Start initialize module-target build option map, moduleName=entry, buildMode=release
[2026-03-17T16:40:32.845] [DEBUG] debug-file - Target 'default' config initialized
[2026-03-17T16:40:32.846] [DEBUG] debug-file - Module 'entry' target 'default' build option initialized
[2026-03-17T16:40:32.846] [DEBUG] debug-file - End initialize module-target build option map, moduleName=entry
[2026-03-17T16:40:32.846] [DEBUG] debug-file - Start initialize module-target build option map, moduleName=entry, buildMode=debug
[2026-03-17T16:40:32.846] [DEBUG] debug-file - Target 'default' config initialized
[2026-03-17T16:40:32.847] [DEBUG] debug-file - Module 'entry' target 'default' build option initialized
[2026-03-17T16:40:32.847] [DEBUG] debug-file - End initialize module-target build option map, moduleName=entry
[2026-03-17T16:40:32.847] [DEBUG] debug-file - Start initialize module-target build option map, moduleName=entry, buildMode=debug
[2026-03-17T16:40:32.847] [DEBUG] debug-file - Target 'default' config initialized
[2026-03-17T16:40:32.847] [DEBUG] debug-file - Module 'entry' target 'default' build option initialized
[2026-03-17T16:40:32.847] [DEBUG] debug-file - End initialize module-target build option map, moduleName=entry
[2026-03-17T16:40:32.848] [DEBUG] debug-file - Obtain build option for module 'entry' target 'default'in this build.
[2026-03-17T16:40:32.853] [DEBUG] debug-file - Module entry task initialization takes 4 ms 
[2026-03-17T16:40:32.853] [DEBUG] debug-file - hvigorfile, binding custom plugins []
[2026-03-17T16:40:32.853] [DEBUG] debug-file - hvigorfile, no custom plugins were found in K:\study\HarmonyOs\code\chenminghui_BattleCiity\entry\hvigorfile.ts
[2026-03-17T16:40:32.853] [DEBUG] debug-file - hvigorfile, resolve finished K:\study\HarmonyOs\code\chenminghui_BattleCiity\entry\hvigorfile.ts
[2026-03-17T16:40:32.874] [DEBUG] debug-file - hvigorfile, resolve hvigorfile dependencies in 21 ms 
[2026-03-17T16:40:32.874] [DEBUG] debug-file - project has submodules:entry
[2026-03-17T16:40:32.875] [DEBUG] debug-file - start to load updatedOhPackageInfo to the disk
[2026-03-17T16:40:32.882] [DEBUG] debug-file - load to the disk finished
[2026-03-17T16:40:32.883] [DEBUG] debug-file - Start to initialize dependency information.
[2026-03-17T16:40:32.886] [DEBUG] debug-file - Module chenminghui_BattleCiity Collected Dependency: 
[2026-03-17T16:40:32.886] [DEBUG] debug-file - Module chenminghui_BattleCiity's total dependency: 0
[2026-03-17T16:40:32.887] [DEBUG] debug-file - Start to initialize dependency information.
[2026-03-17T16:40:32.890] [DEBUG] debug-file - Module entry Collected Dependency: 
[2026-03-17T16:40:32.890] [DEBUG] debug-file - Module entry's total dependency: 0
[2026-03-17T16:40:32.895] [DEBUG] debug-file - Configuration phase cost:2 s 405 ms 
[2026-03-17T16:40:32.898] [DEBUG] debug-file - Configuration task cost before running: 2 s 424 ms 
[2026-03-17T16:40:32.904] [DEBUG] debug-file - Executing task :entry:default@PreBuild
[2026-03-17T16:40:32.905] [DEBUG] debug-file - Task 'entry:default@PreBuild' cost while wrapping incremental declarations: 1 ms 
[2026-03-17T16:40:33.043] [DEBUG] debug-file - current product is not Atomic service.
[2026-03-17T16:40:33.043] [DEBUG] debug-file - Use tool [win32: JAVA_HOME, CLASSPATH]
 [
  {
    JAVA_HOME: 'K:\\study\\HarmonyOs\\software\\DevEcoStudio\\DevEco Studio\\jbr'
  },
  { CLASSPATH: undefined }
]
[2026-03-17T16:40:33.044] [DEBUG] debug-file - Use tool [win32: NODE_HOME]
 [
  {
    NODE_HOME: 'K:\\study\\HarmonyOs\\software\\DevEcoStudio\\DevEco Studio\\tools\\node'
  }
]
[2026-03-17T16:40:33.045] [DEBUG] debug-file - entry : default@PreBuild cost memory 4.0857696533203125
[2026-03-17T16:40:33.045] [DEBUG] debug-file - runTaskFromQueue task cost before running: 2 s 570 ms 
[2026-03-17T16:40:33.047] [INFO] debug-file - Finished :entry:default@PreBuild... after 142 ms 
[2026-03-17T16:40:33.049] [DEBUG] debug-file - Executing task :entry:default@CreateModuleInfo
[2026-03-17T16:40:33.049] [DEBUG] debug-file - Task 'entry:default@CreateModuleInfo' cost while wrapping incremental declarations: 1 ms 
[2026-03-17T16:40:33.049] [DEBUG] debug-file - entry : default@CreateModuleInfo cost memory 0.04274749755859375
[2026-03-17T16:40:33.049] [DEBUG] debug-file - runTaskFromQueue task cost before running: 2 s 575 ms 
[2026-03-17T16:40:33.049] [INFO] debug-file - Finished :entry:default@CreateModuleInfo... after 1 ms 
[2026-03-17T16:40:33.051] [DEBUG] debug-file - Executing task :entry:default@GenerateMetadata
[2026-03-17T16:40:33.052] [DEBUG] debug-file - Task 'entry:default@GenerateMetadata' cost while wrapping incremental declarations: 1 ms 
[2026-03-17T16:40:33.054] [DEBUG] debug-file - entry : default@GenerateMetadata cost memory 0.068450927734375
[2026-03-17T16:40:33.054] [DEBUG] debug-file - runTaskFromQueue task cost before running: 2 s 579 ms 
[2026-03-17T16:40:33.054] [INFO] debug-file - Finished :entry:default@GenerateMetadata... after 3 ms 
[2026-03-17T16:40:33.055] [DEBUG] debug-file - Executing task :entry:default@ConfigureCmake
[2026-03-17T16:40:33.056] [DEBUG] debug-file - entry : default@ConfigureCmake cost memory 0.01611328125
[2026-03-17T16:40:33.056] [DEBUG] debug-file - runTaskFromQueue task cost before running: 2 s 581 ms 
[2026-03-17T16:40:33.056] [INFO] debug-file - Finished :entry:default@ConfigureCmake... after 1 ms 
[2026-03-17T16:40:33.058] [DEBUG] debug-file - Executing task :entry:default@MergeProfile
[2026-03-17T16:40:33.058] [DEBUG] debug-file - Task 'entry:default@MergeProfile' cost while wrapping incremental declarations: 1 ms 
[2026-03-17T16:40:33.059] [DEBUG] debug-file - Change app api release type with 'Release'
[2026-03-17T16:40:33.060] [DEBUG] debug-file - Change app compile API version with '6.0.0.47'
[2026-03-17T16:40:33.060] [DEBUG] debug-file - Change app target API version with '40000010'
[2026-03-17T16:40:33.060] [DEBUG] debug-file - Change app minimum API version with '40000010'
[2026-03-17T16:40:33.060] [DEBUG] debug-file - Use cli appEnvironment
[2026-03-17T16:40:33.063] [DEBUG] debug-file - entry : default@MergeProfile cost memory 0.460540771484375
[2026-03-17T16:40:33.063] [DEBUG] debug-file - runTaskFromQueue task cost before running: 2 s 588 ms 
[2026-03-17T16:40:33.064] [INFO] debug-file - Finished :entry:default@MergeProfile... after 6 ms 
[2026-03-17T16:40:33.066] [DEBUG] debug-file - Executing task :entry:default@CreateBuildProfile
[2026-03-17T16:40:33.066] [DEBUG] debug-file - Task 'entry:default@CreateBuildProfile' cost while wrapping incremental declarations: 1 ms 
[2026-03-17T16:40:33.067] [DEBUG] debug-file - entry : default@CreateBuildProfile cost memory 0.07210540771484375
[2026-03-17T16:40:33.067] [DEBUG] debug-file - runTaskFromQueue task cost before running: 2 s 593 ms 
[2026-03-17T16:40:33.068] [INFO] debug-file - Finished :entry:default@CreateBuildProfile... after 2 ms 
[2026-03-17T16:40:33.069] [DEBUG] debug-file - Executing task :entry:default@PreCheckSyscap
[2026-03-17T16:40:33.069] [DEBUG] debug-file - entry : default@PreCheckSyscap cost memory 0.01634979248046875
[2026-03-17T16:40:33.069] [DEBUG] debug-file - runTaskFromQueue task cost before running: 2 s 594 ms 
[2026-03-17T16:40:33.069] [INFO] debug-file - Finished :entry:default@PreCheckSyscap... after 1 ms 
[2026-03-17T16:40:33.071] [DEBUG] debug-file - Executing task :entry:default@GeneratePkgContextInfo
[2026-03-17T16:40:33.081] [DEBUG] debug-file - Task 'entry:default@GeneratePkgContextInfo' cost while wrapping incremental declarations: 1 ms 
[2026-03-17T16:40:33.081] [DEBUG] debug-file - entry : default@GeneratePkgContextInfo cost memory 0.48974609375
[2026-03-17T16:40:33.082] [DEBUG] debug-file - runTaskFromQueue task cost before running: 2 s 607 ms 
[2026-03-17T16:40:33.082] [INFO] debug-file - Finished :entry:default@GeneratePkgContextInfo... after 11 ms 
[2026-03-17T16:40:33.086] [DEBUG] debug-file - Executing task :entry:default@ProcessIntegratedHsp
[2026-03-17T16:40:33.087] [DEBUG] debug-file - entry : default@ProcessIntegratedHsp cost memory 0.03324127197265625
[2026-03-17T16:40:33.087] [DEBUG] debug-file - runTaskFromQueue task cost before running: 2 s 612 ms 
[2026-03-17T16:40:33.087] [INFO] debug-file - Finished :entry:default@ProcessIntegratedHsp... after 1 ms 
[2026-03-17T16:40:33.088] [DEBUG] debug-file - Executing task :entry:default@BuildNativeWithCmake
[2026-03-17T16:40:33.088] [DEBUG] debug-file - entry : default@BuildNativeWithCmake cost memory 0.01753997802734375
[2026-03-17T16:40:33.088] [DEBUG] debug-file - runTaskFromQueue task cost before running: 2 s 614 ms 
[2026-03-17T16:40:33.089] [INFO] debug-file - Finished :entry:default@BuildNativeWithCmake... after 1 ms 
[2026-03-17T16:40:33.090] [DEBUG] debug-file - Executing task :entry:default@MakePackInfo
[2026-03-17T16:40:33.093] [DEBUG] debug-file - Module Pack Info:  {
  summary: {
    app: { bundleName: 'c***y', bundleType: 'app', version: [Object] },
    modules: [ [Object] ]
  },
  packages: [
    {
      deviceType: [Array],
      moduleType: 'entry',
      deliveryWithInstall: true,
      name: 'entry-default'
    }
  ]
}
[2026-03-17T16:40:33.095] [DEBUG] debug-file - entry : default@MakePackInfo cost memory 0.10382843017578125
[2026-03-17T16:40:33.095] [DEBUG] debug-file - runTaskFromQueue task cost before running: 2 s 620 ms 
[2026-03-17T16:40:33.095] [INFO] debug-file - Finished :entry:default@MakePackInfo... after 5 ms 
[2026-03-17T16:40:33.098] [DEBUG] debug-file - Executing task :entry:default@SyscapTransform
[2026-03-17T16:40:33.098] [DEBUG] debug-file - File: 'K:\study\HarmonyOs\code\chenminghui_BattleCiity\entry\src\main\syscap.json' from 'sysCapJsonPath' is not exists, just ignore.
[2026-03-17T16:40:33.099] [DEBUG] debug-file - Task 'entry:default@SyscapTransform' cost while wrapping incremental declarations: 2 ms 
[2026-03-17T16:40:33.100] [DEBUG] debug-file - entry : default@SyscapTransform cost memory 0.06396484375
[2026-03-17T16:40:33.100] [DEBUG] debug-file - runTaskFromQueue task cost before running: 2 s 625 ms 
[2026-03-17T16:40:33.101] [INFO] debug-file - Finished :entry:default@SyscapTransform... after 3 ms 
[2026-03-17T16:40:33.104] [DEBUG] debug-file - Executing task :entry:default@ProcessProfile
[2026-03-17T16:40:33.106] [DEBUG] debug-file - Task 'entry:default@ProcessProfile' cost while wrapping incremental declarations: 1 ms 
[2026-03-17T16:40:33.108] [DEBUG] debug-file - [
  'K:\\study\\HarmonyOs\\software\\DevEcoStudio\\DevEco Studio\\tools\\node\\node.exe',
  'K:\\study\\HarmonyOs\\software\\DevEcoStudio\\DevEco Studio\\sdk\\default\\openharmony\\ets\\build-tools\\ets-loader\\bin\\ark\\ts2abc.js',
  '--target-api-version',
  '10'
]
[2026-03-17T16:40:33.264] [DEBUG] debug-file - 9.0.0.0
[2026-03-17T16:40:33.265] [DEBUG] debug-file - No need to add fake ui ability because of not in preview process.
[2026-03-17T16:40:33.266] [DEBUG] debug-file - entry : default@ProcessProfile cost memory -8.746467590332031
[2026-03-17T16:40:33.266] [DEBUG] debug-file - runTaskFromQueue task cost before running: 2 s 792 ms 
[2026-03-17T16:40:33.267] [INFO] debug-file - Finished :entry:default@ProcessProfile... after 162 ms 
[2026-03-17T16:40:33.269] [DEBUG] debug-file - Executing task :entry:default@ProcessRouterMap
[2026-03-17T16:40:33.272] [DEBUG] debug-file - entry : default@ProcessRouterMap cost memory 0.068115234375
[2026-03-17T16:40:33.272] [DEBUG] debug-file - runTaskFromQueue task cost before running: 2 s 797 ms 
[2026-03-17T16:40:33.273] [INFO] debug-file - Finished :entry:default@ProcessRouterMap... after 4 ms 
[2026-03-17T16:40:33.275] [DEBUG] debug-file - Executing task :entry:default@ProcessShareConfig
[2026-03-17T16:40:33.276] [DEBUG] debug-file - entry : default@ProcessShareConfig cost memory 0.0599365234375
[2026-03-17T16:40:33.277] [DEBUG] debug-file - runTaskFromQueue task cost before running: 2 s 802 ms 
[2026-03-17T16:40:33.278] [INFO] debug-file - Finished :entry:default@ProcessShareConfig... after 3 ms 
[2026-03-17T16:40:33.279] [DEBUG] debug-file - Executing task :entry:default@ProcessStartupConfig
[2026-03-17T16:40:33.280] [DEBUG] debug-file - Task 'entry:default@ProcessStartupConfig' cost while wrapping incremental declarations: 1 ms 
[2026-03-17T16:40:33.281] [DEBUG] debug-file - entry : default@ProcessStartupConfig cost memory 0.0690155029296875
[2026-03-17T16:40:33.281] [DEBUG] debug-file - runTaskFromQueue task cost before running: 2 s 806 ms 
[2026-03-17T16:40:33.281] [INFO] debug-file - Finished :entry:default@ProcessStartupConfig... after 2 ms 
[2026-03-17T16:40:33.283] [DEBUG] debug-file - Executing task :entry:default@BuildNativeWithNinja
[2026-03-17T16:40:33.283] [DEBUG] debug-file - entry : default@BuildNativeWithNinja cost memory 0.02457427978515625
[2026-03-17T16:40:33.283] [DEBUG] debug-file - runTaskFromQueue task cost before running: 2 s 809 ms 
[2026-03-17T16:40:33.284] [INFO] debug-file - Finished :entry:default@BuildNativeWithNinja... after 1 ms 
[2026-03-17T16:40:33.286] [DEBUG] debug-file - restool module names: entry; moduleName=entry, taskName=default@ProcessResource
[2026-03-17T16:40:33.290] [DEBUG] debug-file - Executing task :entry:default@ProcessResource
[2026-03-17T16:40:33.291] [DEBUG] debug-file - Task 'entry:default@ProcessResource' cost while wrapping incremental declarations: 1 ms 
[2026-03-17T16:40:33.294] [DEBUG] debug-file - entry : default@ProcessResource cost memory 0.1380615234375
[2026-03-17T16:40:33.295] [DEBUG] debug-file - runTaskFromQueue task cost before running: 2 s 820 ms 
[2026-03-17T16:40:33.297] [INFO] debug-file - Finished :entry:default@ProcessResource... after 6 ms 
[2026-03-17T16:40:33.300] [DEBUG] debug-file - Executing task :entry:default@GenerateLoaderJson
[2026-03-17T16:40:33.301] [DEBUG] debug-file - Task 'entry:default@GenerateLoaderJson' cost while wrapping incremental declarations: 1 ms 
[2026-03-17T16:40:33.311] [DEBUG] debug-file - entry : default@GenerateLoaderJson cost memory 0.5383529663085938
[2026-03-17T16:40:33.311] [DEBUG] debug-file - runTaskFromQueue task cost before running: 2 s 837 ms 
[2026-03-17T16:40:33.314] [INFO] debug-file - Finished :entry:default@GenerateLoaderJson... after 12 ms 
[2026-03-17T16:40:33.316] [DEBUG] debug-file - Executing task :entry:default@ProcessLibs
[2026-03-17T16:40:33.323] [DEBUG] debug-file - Worker dispatch failed, running processLibs on main thread.
[2026-03-17T16:40:33.324] [DEBUG] debug-file - entry : default@ProcessLibs cost memory 0.5247039794921875
[2026-03-17T16:40:33.324] [DEBUG] debug-file - runTaskFromQueue task cost before running: 2 s 849 ms 
[2026-03-17T16:40:33.324] [INFO] debug-file - Finished :entry:default@ProcessLibs... after 9 ms 
[2026-03-17T16:40:33.325] [DEBUG] debug-file - restool module names: entry; moduleName=entry, taskName=default@CompileResource
[2026-03-17T16:40:33.326] [DEBUG] debug-file - Executing task :entry:default@CompileResource
[2026-03-17T16:40:33.334] [DEBUG] debug-file - Use tool [K:\study\HarmonyOs\software\DevEcoStudio\DevEco Studio\sdk\default\openharmony\toolchains\restool.exe]
 [
  'K:\\study\\HarmonyOs\\software\\DevEcoStudio\\DevEco Studio\\sdk\\default\\openharmony\\toolchains\\restool.exe',
  '-l',
  'K:\\study\\HarmonyOs\\code\\chenminghui_BattleCiity\\entry\\build\\default\\intermediates\\res\\default\\resConfig.json'
]
[2026-03-17T16:40:33.336] [DEBUG] debug-file - current process  memoryUsage: {
  rss: 207171584,
  heapTotal: 164458496,
  heapUsed: 135342232,
  external: 3020932,
  arrayBuffers: 124428
} os memoryUsage :24.102275848388672
[2026-03-17T16:40:33.504] [DEBUG] debug-file - Info: Pack: normal pack mode

[2026-03-17T16:40:33.560] [DEBUG] debug-file - Info: hardware concurrency count is : 12
Info: thread count is : 12

[2026-03-17T16:40:33.561] [DEBUG] debug-file - Info: thread pool is started

[2026-03-17T16:40:33.561] [DEBUG] debug-file - Info: GenericCompiler::CompileFiles

[2026-03-17T16:40:33.564] [DEBUG] debug-file - Info: GenericCompiler::CompileFiles

[2026-03-17T16:40:33.565] [DEBUG] debug-file - Info: GenericCompiler::CompileFiles

[2026-03-17T16:40:33.570] [DEBUG] debug-file - 03-17 16:40:33.570 32700 32704 E C01400/ImageTranscoderUtils: DecodeToRGBA IN
03-17 16:40:33.570 32700 32704 E C01400/ImageTranscoderUtils: ImageFilter IN K:\study\HarmonyOs\code\chenminghui_BattleCiity\AppScope\resources\base\media\app_icon.svg

[2026-03-17T16:40:33.570] [DEBUG] debug-file - 03-17 16:40:33.570 32700 32704 E C01400/ImageTranscoder: TranscodeSLR DecodeToRGBA failed
Warning: ScaleImage failed, error message: IMAGE_ERROR, file path = K:\study\HarmonyOs\code\chenminghui_BattleCiity\AppScope\resources\base\media\app_icon.svg

[2026-03-17T16:40:33.571] [DEBUG] debug-file - 03-17 16:40:33.571 32700 32704 E C01400/ImageTranscoderUtils: DecodeToRGBA IN

[2026-03-17T16:40:33.571] [DEBUG] debug-file - 03-17 16:40:33.571 32700 32704 E C01400/ImageTranscoderUtils: ImageFilter IN K:\study\HarmonyOs\code\chenminghui_BattleCiity\entry\src\main\resources\base\media\icon.svg
03-17 16:40:33.571 32700 32704 E C01400/ImageTranscoder: TranscodeSLR DecodeToRGBA failed
Warning: ScaleImage failed, error message: IMAGE_ERROR, file path = K:\study\HarmonyOs\code\chenminghui_BattleCiity\entry\src\main\resources\base\media\icon.svg

[2026-03-17T16:40:33.571] [DEBUG] debug-file - Warning: K:\study\HarmonyOs\code\chenminghui_BattleCiity\AppScope\resources\base\media\app_icon.svg is not png format

[2026-03-17T16:40:33.572] [DEBUG] debug-file - Warning: K:\study\HarmonyOs\code\chenminghui_BattleCiity\entry\src\main\resources\base\media\icon.svg is not png format
Warning: K:\study\HarmonyOs\code\chenminghui_BattleCiity\entry\src\main\resources\base\media\icon.svg is not png format

[2026-03-17T16:40:33.572] [DEBUG] debug-file - Info: restool resources compile success.

[2026-03-17T16:40:33.574] [DEBUG] debug-file - Info: thread pool is stopped

[2026-03-17T16:40:33.633] [DEBUG] debug-file - entry : default@CompileResource cost memory 0.9908218383789062
[2026-03-17T16:40:33.633] [DEBUG] debug-file - runTaskFromQueue task cost before running: 3 s 158 ms 
[2026-03-17T16:40:33.633] [INFO] debug-file - Finished :entry:default@CompileResource... after 307 ms 
[2026-03-17T16:40:33.635] [DEBUG] debug-file - Executing task :entry:default@DoNativeStrip
[2026-03-17T16:40:33.635] [DEBUG] debug-file - Task 'entry:default@DoNativeStrip' cost while wrapping incremental declarations: 1 ms 
[2026-03-17T16:40:33.637] [DEBUG] debug-file - entry : default@DoNativeStrip cost memory 0.06507110595703125
[2026-03-17T16:40:33.637] [DEBUG] debug-file - runTaskFromQueue task cost before running: 3 s 162 ms 
[2026-03-17T16:40:33.637] [INFO] debug-file - Finished :entry:default@DoNativeStrip... after 3 ms 
[2026-03-17T16:40:33.638] [DEBUG] debug-file - Executing task :entry:default@CompileArkTS
[2026-03-17T16:40:33.639] [DEBUG] debug-file - obfuscationOptions: undefined
[2026-03-17T16:40:33.655] [DEBUG] debug-file - build config:
[2026-03-17T16:40:33.655] [DEBUG] debug-file - {
  moduleType: 'entry',
  perf: 0,
  targetName: '.default',
  packageManagerType: 'ohpm',
  localPropertiesPath: 'K:\\study\\HarmonyOs\\code\\chenminghui_BattleCiity\\local.properties',
  isPreview: false,
  isOhosTest: false,
  isLocalTest: false,
  buildMode: 'Debug',
  hotReloadBuild: undefined,
  watchMode: 'false',
  aceProfilePath: 'K:\\study\\HarmonyOs\\code\\chenminghui_BattleCiity\\entry\\build\\default\\intermediates\\res\\default\\resources\\base\\profile',
  etsLoaderPath: 'K:\\study\\HarmonyOs\\software\\DevEcoStudio\\DevEco Studio\\sdk\\default\\openharmony\\ets\\build-tools\\ets-loader',
  modulePath: 'K:\\study\\HarmonyOs\\code\\chenminghui_BattleCiity\\entry',
  testFrameworkPar: {
    testMode: undefined,
    coveragePathFilter: undefined,
    coverageMode: undefined
  },
  needCoverageInsert: false,
  debugLine: false,
  projectTopDir: 'K:\\study\\HarmonyOs\\code\\chenminghui_BattleCiity',
  compileSdkVersion: 20,
  compatibleSdkVersion: 10,
  compatibleSdkVersionStage: undefined,
  bundleName: 'c***y',
  etsLoaderVersion: '6.0.0.47',
  etsLoaderReleaseType: 'Release',
  aotCompileMode: 'type',
  apPath: 'K:\\study\\HarmonyOs\\code\\chenminghui_BattleCiity\\entry\\modules.ap',
  entryModuleName: 'entry',
  entryModuleVersion: '1.0.0',
  entryPackageName: 'entry',
  allModuleNameHash: '728e5fe0048fc2f017a417faa94ca4ef',
  externalApiPaths: [
    'K:\\study\\HarmonyOs\\software\\DevEcoStudio\\DevEco Studio\\sdk\\default\\hms\\ets'
  ],
  compilerTypes: [],
  isCrossplatform: false,
  hvigorPluginFile: undefined,
  compilePluginPath: undefined,
  buildGeneratedProfilePath: 'K:\\study\\HarmonyOs\\code\\chenminghui_BattleCiity\\entry\\build\\default\\generated\\profile\\default',
  bundleType: 'app',
  arkTSVersion: undefined,
  apiVersion: 20,
  needCompleteSourcesMap: false,
  isFaMode: false,
  strictMode: undefined,
  buildDir: 'K:\\study\\HarmonyOs\\code\\chenminghui_BattleCiity\\entry\\build',
  deviceTypes: [ 'phone', 'tablet' ],
  useNormalizedOHMUrl: false,
  pkgContextInfo: undefined,
  ohPackagePathMap: {},
  dependencyAliasMap: {},
  permission: { requestPermissions: undefined, definePermissions: undefined },
  integratedHsp: false,
  projectArkOption: undefined,
  sourceMapDir: undefined,
  branchElimination: false,
  transformLib: undefined,
  caseSensitiveCheck: false,
  tsImportSendable: false,
  resolveConflictMode: true,
  depName2RootPath: {},
  depName2DepInfo: {},
  rootPathSet: [ 'K:\\study\\HarmonyOs\\code\\chenminghui_BattleCiity' ],
  useNativeResolver: true,
  shouldEmitJs: true,
  useTscResolve: false,
  singleFileEmit: false,
  userProjectConfig: {
    autoLazyImport: false,
    allowEmptyBundleName: false,
    reExportCheckMode: 'noCheck',
    executionMode: 'memory',
    usePathPlaceholder: false,
    writeRollupCache: true,
    isExpandImportEnabled: false,
    expandImportExclude: '',
    ignoreCrossplatformCheck: false,
    isPreloadSoEnabled: false
  },
  skipOhModulesLint: false,
  executionMode: 'memory',
  autoLazyImport: false,
  allowEmptyBundleName: false,
  reExportCheckMode: 'noCheck',
  usePathPlaceholder: false,
  writeRollupCache: true,
  isExpandImportEnabled: false,
  expandImportExclude: '',
  ignoreCrossplatformCheck: false,
  isPreloadSoEnabled: false,
  arkCompileCachePath: 'K:\\study\\HarmonyOs\\code\\chenminghui_BattleCiity\\entry\\build\\default\\cache\\default\\default@CompileArkTS\\esmodule',
  aceModuleJsonPath: 'K:\\study\\HarmonyOs\\code\\chenminghui_BattleCiity\\entry\\build\\default\\intermediates\\res\\default\\ark_module.json',
  appResource: 'K:\\study\\HarmonyOs\\code\\chenminghui_BattleCiity\\entry\\build\\default\\intermediates\\res\\default\\ResourceTable.txt',
  rawFileResource: 'K:\\study\\HarmonyOs\\code\\chenminghui_BattleCiity\\entry\\build\\default\\intermediates\\res\\default\\resources\\rawfile',
  resourceTableHash: '790527e39c8c2be7fbbc762f7966104e',
  runtimeOS: 'HarmonyOS',
  sdkInfo: 'false:20:6.0.0.47:Release',
  aceModuleRoot: 'K:\\study\\HarmonyOs\\code\\chenminghui_BattleCiity\\entry\\src\\main\\ets',
  compileMode: 'esmodule',
  aceSuperVisualPath: 'K:\\study\\HarmonyOs\\code\\chenminghui_BattleCiity\\entry\\src\\main\\supervisual',
  aceBuildJson: 'K:\\study\\HarmonyOs\\code\\chenminghui_BattleCiity\\entry\\build\\default\\intermediates\\loader\\default\\loader.json',
  cachePath: 'K:\\study\\HarmonyOs\\code\\chenminghui_BattleCiity\\entry\\build\\default\\cache\\default\\default@CompileArkTS\\esmodule\\debug',
  aceModuleBuild: 'K:\\study\\HarmonyOs\\code\\chenminghui_BattleCiity\\entry\\build\\default\\intermediates\\loader_out\\default\\ets',
  supportChunks: true,
  declaredFilesPath: undefined,
  shouldCollectDirectImportees: false,
  isByteCodeHarOptimize: false,
  expandImportPath: undefined,
  pkgNameToPkgBriefInfo: {
    entry: {
      pkgRoot: 'K:\\study\\HarmonyOs\\code\\chenminghui_BattleCiity\\entry',
      originalSourceRoots: undefined,
      sourceRoots: [Array],
      pkgName: 'entry'
    }
  },
  projectModel: {
    'K:\\study\\HarmonyOs\\code\\chenminghui_BattleCiity\\entry\\src\\main': {
      moduleName: 'entry',
      modulePkgPath: 'K:\\study\\HarmonyOs\\code\\chenminghui_BattleCiity\\entry',
      belongProjectPath: 'K:\\study\\HarmonyOs\\code\\chenminghui_BattleCiity'
    },
    'K:\\study\\HarmonyOs\\code\\chenminghui_BattleCiity\\entry': {
      moduleName: 'entry',
      modulePkgPath: 'K:\\study\\HarmonyOs\\code\\chenminghui_BattleCiity\\entry',
      belongProjectPath: 'K:\\study\\HarmonyOs\\code\\chenminghui_BattleCiity'
    },
    'K:\\study\\HarmonyOs\\code\\chenminghui_BattleCiity': {
      moduleName: 'chenminghui_BattleCiity',
      modulePkgPath: 'K:\\study\\HarmonyOs\\code\\chenminghui_BattleCiity',
      belongProjectPath: 'K:\\study\\HarmonyOs\\code\\chenminghui_BattleCiity'
    }
  },
  pkgJsonFileHash: '61e5e8cda19ab0fede564bae533c470b',
  allModulePaths: [ 'K:\\study\\HarmonyOs\\code\\chenminghui_BattleCiity\\entry' ],
  routerMap: {},
  obfuscationOptions: undefined,
  byteCodeHarToDependencyKeys: undefined,
  compileBlockPkg: [],
  mockParams: {
    decorator: '@MockSetup',
    packageName: '@ohos/hamock',
    etsSourceRootPath: 'src/main/ets',
    mockConfigPath: undefined,
    mockConfigKey2ModuleInfo: {},
    source2ModuleIdMap: {}
  },
  copyCodeResourceEnable: true,
  copyCodeResourceExcludes: [],
  copyCodeResourceIncludes: undefined,
  uiTransformOptimization: false,
  sdkPath: 'K:/study/HarmonyOs/software/DevEcoStudio/DevEco Studio/sdk',
  needPreloadSoFileSet: {},
  preloadSoFilePath: 'K:\\study\\HarmonyOs\\code\\chenminghui_BattleCiity\\entry\\build\\default\\intermediates\\preload\\default\\preload.json',
  useSourceHash: false,
  localModuleParamMap: {},
  otherPaths: {
    'entry/*': [
      '..\\*',
      '..\\..\\..\\build\\default\\generated\\profile\\default\\*'
    ]
  },
  collectImportersConfig: undefined
}
[2026-03-17T16:40:33.655] [DEBUG] debug-file - Compile arkts with external api path: K:\study\HarmonyOs\software\DevEcoStudio\DevEco Studio\sdk\default\hms\ets
[2026-03-17T16:40:33.657] [DEBUG] debug-file - Since there is no instance or instance is terminated, create a new worker pool.
[2026-03-17T16:40:33.657] [DEBUG] debug-file - Worker pool is initialized with config:  {
  minPoolNum: 2,
  maxPoolNum: undefined,
  maxCoreSize: undefined,
  cacheCapacity: undefined,
  cacheTtl: undefined
}
[2026-03-17T16:40:33.658] [DEBUG] debug-file - Create  resident worker with id: 0.
[2026-03-17T16:40:33.660] [DEBUG] debug-file - Create  resident worker with id: 1.
[2026-03-17T16:40:33.663] [DEBUG] debug-file - default@CompileArkTS work[0] is submitted.
[2026-03-17T16:40:33.664] [DEBUG] debug-file - default@CompileArkTS work[0] is pushed to ready queue.
[2026-03-17T16:40:33.664] [DEBUG] debug-file - A work dispatched to worker[11] failed because unable to get work from ready queue.
[2026-03-17T16:40:33.664] [DEBUG] debug-file - A work dispatched to worker[10] failed because unable to get work from ready queue.
[2026-03-17T16:40:33.664] [DEBUG] debug-file - A work dispatched to worker[9] failed because unable to get work from ready queue.
[2026-03-17T16:40:33.664] [DEBUG] debug-file - A work dispatched to worker[8] failed because unable to get work from ready queue.
[2026-03-17T16:40:33.664] [DEBUG] debug-file - A work dispatched to worker[7] failed because unable to get work from ready queue.
[2026-03-17T16:40:33.665] [DEBUG] debug-file - A work dispatched to worker[6] failed because unable to get work from ready queue.
[2026-03-17T16:40:33.665] [DEBUG] debug-file - A work dispatched to worker[5] failed because unable to get work from ready queue.
[2026-03-17T16:40:33.665] [DEBUG] debug-file - Create  resident worker with id: 4.
[2026-03-17T16:40:33.666] [DEBUG] debug-file - default@CompileArkTS work[0] has been dispatched to worker[4].
[2026-03-17T16:40:33.666] [DEBUG] debug-file - default@CompileArkTS work[0] is dispatched.
[2026-03-17T16:40:33.666] [DEBUG] debug-file - CopyResources startTime: 13926337649300
[2026-03-17T16:40:33.666] [DEBUG] debug-file - default@CompileArkTS work[1] is submitted.
[2026-03-17T16:40:33.667] [DEBUG] debug-file - default@CompileArkTS work[1] is pushed to ready queue.
[2026-03-17T16:40:33.667] [DEBUG] debug-file - A work dispatched to worker[11] failed because unable to get work from ready queue.
[2026-03-17T16:40:33.667] [DEBUG] debug-file - Create  resident worker with id: 10.
[2026-03-17T16:40:33.668] [DEBUG] debug-file - default@CompileArkTS work[1] has been dispatched to worker[10].
[2026-03-17T16:40:33.668] [DEBUG] debug-file - default@CompileArkTS work[1] is dispatched.
[2026-03-17T16:40:33.668] [DEBUG] debug-file - entry : default@CompileArkTS cost memory 2.128265380859375
[2026-03-17T16:40:33.670] [DEBUG] debug-file - Executing task :entry:default@BuildJS
[2026-03-17T16:40:33.672] [DEBUG] debug-file - entry : default@BuildJS cost memory 0.12494659423828125
[2026-03-17T16:40:33.672] [DEBUG] debug-file - runTaskFromQueue task cost before running: 3 s 197 ms 
[2026-03-17T16:40:33.673] [INFO] debug-file - Finished :entry:default@BuildJS... after 3 ms 
[2026-03-17T16:40:33.675] [DEBUG] debug-file - Executing task :entry:default@CacheNativeLibs
[2026-03-17T16:40:33.675] [DEBUG] debug-file - Task 'entry:default@CacheNativeLibs' cost while wrapping incremental declarations: 1 ms 
[2026-03-17T16:40:33.676] [DEBUG] debug-file - default@CacheNativeLibs work[2] is submitted.
[2026-03-17T16:40:33.676] [DEBUG] debug-file - default@CacheNativeLibs work[2] is pushed to ready queue.
[2026-03-17T16:40:33.676] [DEBUG] debug-file - A work dispatched to worker[11] failed because unable to get work from ready queue.
[2026-03-17T16:40:33.676] [DEBUG] debug-file - A work dispatched to worker[10] failed because of worker busy.
[2026-03-17T16:40:33.676] [DEBUG] debug-file - Create  resident worker with id: 9.
[2026-03-17T16:40:33.677] [DEBUG] debug-file - default@CacheNativeLibs work[2] has been dispatched to worker[9].
[2026-03-17T16:40:33.677] [DEBUG] debug-file - default@CacheNativeLibs work[2] is dispatched.
[2026-03-17T16:40:33.677] [DEBUG] debug-file - entry : default@CacheNativeLibs cost memory 0.1983184814453125
[2026-03-17T16:40:34.897] [DEBUG] debug-file - worker[10] has one work done.
[2026-03-17T16:40:34.897] [DEBUG] debug-file - CopyResources is end, endTime: 13927567975800
[2026-03-17T16:40:34.897] [DEBUG] debug-file - default@CompileArkTS work[1] done.
[2026-03-17T16:40:34.910] [DEBUG] debug-file - worker[9] has one work done.
[2026-03-17T16:40:34.910] [DEBUG] debug-file - default@CacheNativeLibs work[2] done.
[2026-03-17T16:40:34.911] [INFO] debug-file - Finished :entry:default@CacheNativeLibs... after 11 ms 
[2026-03-17T16:40:35.121] [DEBUG] debug-file - A work dispatched to worker[10] failed because unable to get work from ready queue.
[2026-03-17T16:40:35.121] [DEBUG] debug-file - A work dispatched to worker[9] failed because unable to get work from ready queue.
[2026-03-17T16:40:41.490] [DEBUG] debug-file - worker[4] has one work done.
[2026-03-17T16:40:41.491] [DEBUG] debug-file - Ark compile task finished.finished time is 13934161208400
[2026-03-17T16:40:41.492] [DEBUG] debug-file - default@CompileArkTS work[0] done.
[2026-03-17T16:40:41.492] [DEBUG] debug-file - A work dispatched to worker[4] failed because unable to get work from ready queue.
[2026-03-17T16:40:41.493] [INFO] debug-file - Finished :entry:default@CompileArkTS... after 5 s 166 ms 
[2026-03-17T16:40:41.494] [DEBUG] debug-file - Executing task :entry:default@GeneratePkgModuleJson
[2026-03-17T16:40:41.494] [DEBUG] debug-file - File: 'K:\study\HarmonyOs\code\chenminghui_BattleCiity\entry\build\default\intermediates\preload\default\preload.json' from 'preloadSoJsonPath' is not exists, just ignore.
[2026-03-17T16:40:41.495] [DEBUG] debug-file - Task 'entry:default@GeneratePkgModuleJson' cost while wrapping incremental declarations: 1 ms 
[2026-03-17T16:40:41.496] [DEBUG] debug-file - entry : default@GeneratePkgModuleJson cost memory 0.07459259033203125
[2026-03-17T16:40:41.497] [DEBUG] debug-file - runTaskFromQueue task cost before running: 11 s 22 ms 
[2026-03-17T16:40:41.497] [INFO] debug-file - Finished :entry:default@GeneratePkgModuleJson... after 3 ms 
[2026-03-17T16:40:41.498] [DEBUG] debug-file - Executing task :entry:default@ProcessCompiledResources
[2026-03-17T16:40:41.498] [DEBUG] debug-file - File: 'K:\study\HarmonyOs\code\chenminghui_BattleCiity\entry\build\default\intermediates\preload\default\preload.json' from 'preloadSoJsonPath' is not exists, just ignore.
[2026-03-17T16:40:41.498] [DEBUG] debug-file - Task 'entry:default@ProcessCompiledResources' cost while wrapping incremental declarations: 1 ms 
[2026-03-17T16:40:41.499] [DEBUG] debug-file - entry : default@ProcessCompiledResources cost memory 0.0655975341796875
[2026-03-17T16:40:41.499] [DEBUG] debug-file - runTaskFromQueue task cost before running: 11 s 24 ms 
[2026-03-17T16:40:41.499] [INFO] debug-file - Finished :entry:default@ProcessCompiledResources... after 1 ms 
[2026-03-17T16:40:41.501] [DEBUG] debug-file - Executing task :entry:default@PackageHap
[2026-03-17T16:40:41.504] [DEBUG] debug-file - Use tool [K:\study\HarmonyOs\software\DevEcoStudio\DevEco Studio\sdk\default\openharmony\toolchains\lib\app_packing_tool.jar]
 [
  'java',
  '-Dfile.encoding=GBK',
  '-jar',
  'K:\\study\\HarmonyOs\\software\\DevEcoStudio\\DevEco Studio\\sdk\\default\\openharmony\\toolchains\\lib\\app_packing_tool.jar',
  '--mode',
  'hap',
  '--force',
  'true',
  '--lib-path',
  'K:\\study\\HarmonyOs\\code\\chenminghui_BattleCiity\\entry\\build\\default\\intermediates\\stripped_native_libs\\default',
  '--json-path',
  'K:\\study\\HarmonyOs\\code\\chenminghui_BattleCiity\\entry\\build\\default\\intermediates\\package\\default\\module.json',
  '--resources-path',
  'K:\\study\\HarmonyOs\\code\\chenminghui_BattleCiity\\entry\\build\\default\\intermediates\\res\\default\\resources',
  '--index-path',
  'K:\\study\\HarmonyOs\\code\\chenminghui_BattleCiity\\entry\\build\\default\\intermediates\\res\\default\\resources.index',
  '--pack-info-path',
  'K:\\study\\HarmonyOs\\code\\chenminghui_BattleCiity\\entry\\build\\default\\outputs\\default\\pack.info',
  '--out-path',
  'K:\\study\\HarmonyOs\\code\\chenminghui_BattleCiity\\entry\\build\\default\\outputs\\default\\entry-default-unsigned.hap',
  '--ets-path',
  'K:\\study\\HarmonyOs\\code\\chenminghui_BattleCiity\\entry\\build\\default\\intermediates\\loader_out\\default\\ets'
]
[2026-03-17T16:40:41.963] [DEBUG] debug-file - java daemon socket received message:{"code":0,"message":"pack success"}
[2026-03-17T16:40:41.967] [DEBUG] debug-file - entry : default@PackageHap cost memory 0.89794921875
[2026-03-17T16:40:41.968] [DEBUG] debug-file - runTaskFromQueue task cost before running: 11 s 493 ms 
[2026-03-17T16:40:41.969] [INFO] debug-file - Finished :entry:default@PackageHap... after 467 ms 
[2026-03-17T16:40:41.970] [DEBUG] debug-file - Executing task :entry:default@PackingCheck
[2026-03-17T16:40:41.976] [DEBUG] debug-file - entry : default@PackingCheck cost memory 0.5186538696289062
[2026-03-17T16:40:41.976] [DEBUG] debug-file - runTaskFromQueue task cost before running: 11 s 501 ms 
[2026-03-17T16:40:41.976] [INFO] debug-file - Finished :entry:default@PackingCheck... after 6 ms 
[2026-03-17T16:40:41.978] [DEBUG] debug-file - Executing task :entry:default@SignHap
[2026-03-17T16:40:41.978] [WARN] debug-file - Will skip sign 'hos_hap'. No signingConfigs profile is configured in current project.
             If needed, configure the signingConfigs in K:\study\HarmonyOs\code\chenminghui_BattleCiity\build-profile.json5.
[2026-03-17T16:40:41.980] [DEBUG] debug-file - entry : default@SignHap cost memory 0.06327056884765625
[2026-03-17T16:40:41.980] [DEBUG] debug-file - runTaskFromQueue task cost before running: 11 s 505 ms 
[2026-03-17T16:40:41.980] [INFO] debug-file - Finished :entry:default@SignHap... after 2 ms 
[2026-03-17T16:40:41.982] [DEBUG] debug-file - Executing task :entry:default@CollectDebugSymbol
[2026-03-17T16:40:41.983] [DEBUG] debug-file - entry : default@CollectDebugSymbol cost memory 0.10047149658203125
[2026-03-17T16:40:41.983] [DEBUG] debug-file - runTaskFromQueue task cost before running: 11 s 508 ms 
[2026-03-17T16:40:41.983] [INFO] debug-file - Finished :entry:default@CollectDebugSymbol... after 2 ms 
[2026-03-17T16:40:41.983] [DEBUG] debug-file - Executing task :entry:assembleHap
[2026-03-17T16:40:41.983] [DEBUG] debug-file - entry : assembleHap cost memory 0.01444244384765625
[2026-03-17T16:40:41.983] [DEBUG] debug-file - runTaskFromQueue task cost before running: 11 s 509 ms 
[2026-03-17T16:40:41.984] [INFO] debug-file - Finished :entry:assembleHap... after 1 ms 
[2026-03-17T16:40:41.996] [INFO] debug-file - BUILD SUCCESSFUL in 11 s 521 ms 
[2026-03-17T16:40:41.997] [DEBUG] debug-file - Update task entry:default@PreBuild input file:K:\study\HarmonyOs\code\chenminghui_BattleCiity\AppScope\app.json5 cache by regenerate.
[2026-03-17T16:40:41.998] [DEBUG] debug-file - Update task entry:default@PreBuild input file:K:\study\HarmonyOs\code\chenminghui_BattleCiity\entry\src\main\module.json5 cache by regenerate.
[2026-03-17T16:40:41.998] [DEBUG] debug-file - Update task entry:default@PreBuild input file:K:\study\HarmonyOs\code\chenminghui_BattleCiity\build-profile.json5 cache by regenerate.
[2026-03-17T16:40:41.999] [DEBUG] debug-file - Update task entry:default@PreBuild input file:K:\study\HarmonyOs\code\chenminghui_BattleCiity\entry\build-profile.json5 cache by regenerate.
[2026-03-17T16:40:41.999] [DEBUG] debug-file - Update task entry:default@PreBuild input file:K:\study\HarmonyOs\code\chenminghui_BattleCiity\entry\src\main\resources\base\profile\main_pages.json cache by regenerate.
[2026-03-17T16:40:41.999] [DEBUG] debug-file - Update task entry:default@PreBuild input file:K:\study\HarmonyOs\code\chenminghui_BattleCiity\hvigor\hvigor-config.json5 cache by regenerate.
[2026-03-17T16:40:41.999] [DEBUG] debug-file - Update task entry:default@PreBuild input file:K:\study\HarmonyOs\code\chenminghui_BattleCiity\entry\oh-package.json5 cache by regenerate.
[2026-03-17T16:40:42.000] [DEBUG] debug-file - Update task entry:default@PreBuild input file:K:\study\HarmonyOs\code\chenminghui_BattleCiity\oh-package.json5 cache by regenerate.
[2026-03-17T16:40:42.000] [DEBUG] debug-file - Incremental task entry:default@PreBuild post-execution cost:4 ms .
[2026-03-17T16:40:42.000] [DEBUG] debug-file - Update task entry:default@CreateModuleInfo output file:K:\study\HarmonyOs\code\chenminghui_BattleCiity\entry\build\default\generated\profile\default\ModuleInfo.ts cache.
[2026-03-17T16:40:42.001] [DEBUG] debug-file - Incremental task entry:default@CreateModuleInfo post-execution cost:1 ms .
[2026-03-17T16:40:42.001] [DEBUG] debug-file - Update task entry:default@GenerateMetadata input file:K:\study\HarmonyOs\code\chenminghui_BattleCiity\entry\src\main\module.json5 cache by regenerate.
[2026-03-17T16:40:42.001] [DEBUG] debug-file - Update task entry:default@GenerateMetadata output file:K:\study\HarmonyOs\code\chenminghui_BattleCiity\entry\build\default\intermediates\hap_metadata\default\output_metadata.json cache.
[2026-03-17T16:40:42.001] [DEBUG] debug-file - Incremental task entry:default@GenerateMetadata post-execution cost:1 ms .
[2026-03-17T16:40:42.001] [DEBUG] debug-file - Update task entry:default@MergeProfile input file:K:\study\HarmonyOs\code\chenminghui_BattleCiity\AppScope\app.json5 cache by regenerate.
[2026-03-17T16:40:42.002] [DEBUG] debug-file - Update task entry:default@MergeProfile input file:K:\study\HarmonyOs\code\chenminghui_BattleCiity\build-profile.json5 cache by regenerate.
[2026-03-17T16:40:42.002] [DEBUG] debug-file - Update task entry:default@MergeProfile input file:K:\study\HarmonyOs\code\chenminghui_BattleCiity\entry\src\main\module.json5 cache by regenerate.
[2026-03-17T16:40:42.002] [DEBUG] debug-file - Update task entry:default@MergeProfile output file:K:\study\HarmonyOs\code\chenminghui_BattleCiity\entry\build\default\intermediates\merge_profile\default\module.json cache.
[2026-03-17T16:40:42.002] [DEBUG] debug-file - Incremental task entry:default@MergeProfile post-execution cost:2 ms .
[2026-03-17T16:40:42.003] [DEBUG] debug-file - Update task entry:default@CreateBuildProfile input file:K:\study\HarmonyOs\code\chenminghui_BattleCiity\AppScope\app.json5 cache by regenerate.
[2026-03-17T16:40:42.003] [DEBUG] debug-file - Update task entry:default@CreateBuildProfile input file:K:\study\HarmonyOs\code\chenminghui_BattleCiity\build-profile.json5 cache by regenerate.
[2026-03-17T16:40:42.003] [DEBUG] debug-file - Update task entry:default@CreateBuildProfile output file:K:\study\HarmonyOs\code\chenminghui_BattleCiity\entry\build\default\generated\profile\default\BuildProfile.ets cache.
[2026-03-17T16:40:42.003] [DEBUG] debug-file - Incremental task entry:default@CreateBuildProfile post-execution cost:1 ms .
[2026-03-17T16:40:42.004] [DEBUG] debug-file - Update task entry:default@GeneratePkgContextInfo output file:K:\study\HarmonyOs\code\chenminghui_BattleCiity\entry\build\default\intermediates\loader\default\pkgContextInfo.json cache.
[2026-03-17T16:40:42.004] [DEBUG] debug-file - Incremental task entry:default@GeneratePkgContextInfo post-execution cost:1 ms .
[2026-03-17T16:40:42.004] [DEBUG] debug-file - Update task entry:default@ProcessIntegratedHsp output file:K:\study\HarmonyOs\code\chenminghui_BattleCiity\build\cache\default\integrated_hsp\integratedHspCache.json cache.
[2026-03-17T16:40:42.004] [DEBUG] debug-file - Incremental task entry:default@ProcessIntegratedHsp post-execution cost:1 ms .
[2026-03-17T16:40:42.004] [DEBUG] debug-file - Update task entry:default@MakePackInfo input file:K:\study\HarmonyOs\code\chenminghui_BattleCiity\AppScope\app.json5 cache by regenerate.
[2026-03-17T16:40:42.005] [DEBUG] debug-file - Update task entry:default@MakePackInfo input file:K:\study\HarmonyOs\code\chenminghui_BattleCiity\entry\src\main\module.json5 cache by regenerate.
[2026-03-17T16:40:42.005] [DEBUG] debug-file - Update task entry:default@MakePackInfo input file:K:\study\HarmonyOs\code\chenminghui_BattleCiity\build-profile.json5 cache by regenerate.
[2026-03-17T16:40:42.005] [DEBUG] debug-file - Update task entry:default@MakePackInfo output file:K:\study\HarmonyOs\code\chenminghui_BattleCiity\entry\build\default\outputs\default\pack.info cache.
[2026-03-17T16:40:42.005] [DEBUG] debug-file - Incremental task entry:default@MakePackInfo post-execution cost:2 ms .
[2026-03-17T16:40:42.006] [DEBUG] debug-file - Update task entry:default@SyscapTransform input file:K:\study\HarmonyOs\software\DevEcoStudio\DevEco Studio\sdk\default\openharmony\toolchains\syscap_tool.exe cache by regenerate.
[2026-03-17T16:40:42.006] [DEBUG] debug-file - Update task entry:default@SyscapTransform input file:K:\study\HarmonyOs\software\DevEcoStudio\DevEco Studio\sdk\default\openharmony\ets\api\device-define cache by regenerate.
[2026-03-17T16:40:42.007] [DEBUG] debug-file - Update task entry:default@SyscapTransform output file:K:\study\HarmonyOs\code\chenminghui_BattleCiity\entry\build\default\intermediates\syscap\default\rpcid.sc cache.
[2026-03-17T16:40:42.008] [DEBUG] debug-file - Incremental task entry:default@SyscapTransform post-execution cost:3 ms .
[2026-03-17T16:40:42.008] [DEBUG] debug-file - Update task entry:default@ProcessProfile input file:K:\study\HarmonyOs\code\chenminghui_BattleCiity\entry\build\default\intermediates\merge_profile\default\module.json cache by regenerate.
[2026-03-17T16:40:42.008] [DEBUG] debug-file - Update task entry:default@ProcessProfile output file:K:\study\HarmonyOs\code\chenminghui_BattleCiity\entry\build\default\intermediates\process_profile\default\module.json cache.
[2026-03-17T16:40:42.008] [DEBUG] debug-file - Incremental task entry:default@ProcessProfile post-execution cost:1 ms .
[2026-03-17T16:40:42.009] [DEBUG] debug-file - Update task entry:default@ProcessRouterMap input file:K:\study\HarmonyOs\code\chenminghui_BattleCiity\entry\oh-package.json5 cache by regenerate.
[2026-03-17T16:40:42.009] [DEBUG] debug-file - Update task entry:default@ProcessRouterMap input file:K:\study\HarmonyOs\code\chenminghui_BattleCiity\oh-package.json5 cache by regenerate.
[2026-03-17T16:40:42.009] [DEBUG] debug-file - Update task entry:default@ProcessRouterMap input file:K:\study\HarmonyOs\code\chenminghui_BattleCiity\entry\src\main\module.json5 cache by regenerate.
[2026-03-17T16:40:42.009] [DEBUG] debug-file - Update task entry:default@ProcessRouterMap output file:K:\study\HarmonyOs\code\chenminghui_BattleCiity\entry\build\default\intermediates\router_map\default\temp-router-map.json cache.
[2026-03-17T16:40:42.009] [DEBUG] debug-file - Update task entry:default@ProcessRouterMap output file:K:\study\HarmonyOs\code\chenminghui_BattleCiity\entry\build\default\intermediates\router_map\default\loader-router-map.json cache.
[2026-03-17T16:40:42.010] [DEBUG] debug-file - Incremental task entry:default@ProcessRouterMap post-execution cost:2 ms .
[2026-03-17T16:40:42.010] [DEBUG] debug-file - Update task entry:default@ProcessShareConfig input file:K:\study\HarmonyOs\code\chenminghui_BattleCiity\entry\oh-package.json5 cache by regenerate.
[2026-03-17T16:40:42.010] [DEBUG] debug-file - Update task entry:default@ProcessShareConfig input file:K:\study\HarmonyOs\code\chenminghui_BattleCiity\oh-package.json5 cache by regenerate.
[2026-03-17T16:40:42.010] [DEBUG] debug-file - Update task entry:default@ProcessShareConfig input file:K:\study\HarmonyOs\code\chenminghui_BattleCiity\entry\src\main\module.json5 cache by regenerate.
[2026-03-17T16:40:42.011] [DEBUG] debug-file - Update task entry:default@ProcessShareConfig output file:K:\study\HarmonyOs\code\chenminghui_BattleCiity\entry\build\default\intermediates\share_config\default\temp-share-config.json cache.
[2026-03-17T16:40:42.011] [DEBUG] debug-file - Incremental task entry:default@ProcessShareConfig post-execution cost:2 ms .
[2026-03-17T16:40:42.011] [DEBUG] debug-file - Update task entry:default@ProcessStartupConfig output file:K:\study\HarmonyOs\code\chenminghui_BattleCiity\entry\build\default\intermediates\startup\default\startup_config.json cache.
[2026-03-17T16:40:42.011] [DEBUG] debug-file - Incremental task entry:default@ProcessStartupConfig post-execution cost:1 ms .
[2026-03-17T16:40:42.011] [DEBUG] debug-file - Update task entry:default@ProcessResource output file:K:\study\HarmonyOs\code\chenminghui_BattleCiity\entry\build\default\intermediates\res\default\resConfig.json cache.
[2026-03-17T16:40:42.012] [DEBUG] debug-file - Update task entry:default@ProcessResource output file:K:\study\HarmonyOs\code\chenminghui_BattleCiity\entry\build\default\intermediates\res\default\opt-compression.json cache.
[2026-03-17T16:40:42.012] [DEBUG] debug-file - Incremental task entry:default@ProcessResource post-execution cost:1 ms .
[2026-03-17T16:40:42.013] [DEBUG] debug-file - Update task entry:default@GenerateLoaderJson input file:K:\study\HarmonyOs\code\chenminghui_BattleCiity\entry\build\default\intermediates\router_map\default\temp-router-map.json cache by regenerate.
[2026-03-17T16:40:42.013] [DEBUG] debug-file - Update task entry:default@GenerateLoaderJson output file:K:\study\HarmonyOs\code\chenminghui_BattleCiity\entry\build\default\intermediates\loader\default\loader.json cache.
[2026-03-17T16:40:42.013] [DEBUG] debug-file - Incremental task entry:default@GenerateLoaderJson post-execution cost:2 ms .
[2026-03-17T16:40:42.013] [DEBUG] debug-file - Update task entry:default@ProcessLibs input file:K:\study\HarmonyOs\code\chenminghui_BattleCiity\build-profile.json5 cache by regenerate.
[2026-03-17T16:40:42.014] [DEBUG] debug-file - Update task entry:default@ProcessLibs input file:K:\study\HarmonyOs\code\chenminghui_BattleCiity\entry\build-profile.json5 cache by regenerate.
[2026-03-17T16:40:42.014] [DEBUG] debug-file - Update task entry:default@ProcessLibs output file:K:\study\HarmonyOs\code\chenminghui_BattleCiity\entry\build\default\intermediates\libs\default cache.
[2026-03-17T16:40:42.014] [DEBUG] debug-file - Incremental task entry:default@ProcessLibs post-execution cost:1 ms .
[2026-03-17T16:40:42.015] [DEBUG] debug-file - Update task entry:default@CompileResource input file:K:\study\HarmonyOs\code\chenminghui_BattleCiity\entry\src\main\resources cache by regenerate.
[2026-03-17T16:40:42.016] [DEBUG] debug-file - Update task entry:default@CompileResource input file:K:\study\HarmonyOs\code\chenminghui_BattleCiity\AppScope\resources cache by regenerate.
[2026-03-17T16:40:42.017] [DEBUG] debug-file - Update task entry:default@CompileResource input file:K:\study\HarmonyOs\code\chenminghui_BattleCiity\entry\build\default\intermediates\process_profile\default\module.json cache by regenerate.
[2026-03-17T16:40:42.017] [DEBUG] debug-file - Update task entry:default@CompileResource input file:K:\study\HarmonyOs\code\chenminghui_BattleCiity\entry\build\default\intermediates\res\default\resConfig.json cache by regenerate.
[2026-03-17T16:40:42.018] [DEBUG] debug-file - Update task entry:default@CompileResource output file:K:\study\HarmonyOs\code\chenminghui_BattleCiity\entry\build\default\intermediates\res\default cache.
[2026-03-17T16:40:42.020] [DEBUG] debug-file - Update task entry:default@CompileResource output file:K:\study\HarmonyOs\code\chenminghui_BattleCiity\entry\build\default\generated\r\default\ResourceTable.h cache.
[2026-03-17T16:40:42.020] [DEBUG] debug-file - Update task entry:default@CompileResource output file:K:\study\HarmonyOs\code\chenminghui_BattleCiity\entry\build\default\generated\r\default cache.
[2026-03-17T16:40:42.021] [DEBUG] debug-file - Incremental task entry:default@CompileResource post-execution cost:7 ms .
[2026-03-17T16:40:42.021] [DEBUG] debug-file - Update task entry:default@DoNativeStrip input file:K:\study\HarmonyOs\code\chenminghui_BattleCiity\entry\build\default\intermediates\libs\default cache by regenerate.
[2026-03-17T16:40:42.021] [DEBUG] debug-file - Update task entry:default@DoNativeStrip output file:K:\study\HarmonyOs\code\chenminghui_BattleCiity\entry\build\default\intermediates\stripped_native_libs\default cache.
[2026-03-17T16:40:42.021] [DEBUG] debug-file - Incremental task entry:default@DoNativeStrip post-execution cost:1 ms .
[2026-03-17T16:40:42.022] [DEBUG] debug-file - Update task entry:default@CompileArkTS input file:K:\study\HarmonyOs\code\chenminghui_BattleCiity\entry\build\default\intermediates\loader\default cache by regenerate.
[2026-03-17T16:40:42.023] [DEBUG] debug-file - Update task entry:default@CompileArkTS input file:K:\study\HarmonyOs\code\chenminghui_BattleCiity\entry\build\default\intermediates\res\default\ResourceTable.txt cache by regenerate.
[2026-03-17T16:40:42.024] [DEBUG] debug-file - Update task entry:default@CompileArkTS input file:K:\study\HarmonyOs\code\chenminghui_BattleCiity\entry\build\default\intermediates\res\default\ark_module.json cache by regenerate.
[2026-03-17T16:40:42.024] [DEBUG] debug-file - Update task entry:default@CompileArkTS input file:K:\study\HarmonyOs\code\chenminghui_BattleCiity\entry\build\default\intermediates\res\default\resources\base\profile cache by regenerate.
[2026-03-17T16:40:42.024] [DEBUG] debug-file - Update task entry:default@CompileArkTS input file:K:\study\HarmonyOs\code\chenminghui_BattleCiity\entry\src\main\ets cache by regenerate.
[2026-03-17T16:40:42.026] [DEBUG] debug-file - Update task entry:default@CompileArkTS input file:K:\study\HarmonyOs\code\chenminghui_BattleCiity\entry\build\default\generated\profile\default\BuildProfile.ets cache by regenerate.
[2026-03-17T16:40:42.026] [DEBUG] debug-file - Update task entry:default@CompileArkTS output file:K:\study\HarmonyOs\code\chenminghui_BattleCiity\entry\build\default\intermediates\loader_out\default\ets cache.
[2026-03-17T16:40:42.027] [DEBUG] debug-file - Incremental task entry:default@CompileArkTS post-execution cost:6 ms .
[2026-03-17T16:40:42.028] [DEBUG] debug-file - Update task entry:default@BuildJS input file:K:\study\HarmonyOs\code\chenminghui_BattleCiity\entry\build\default\intermediates\loader\default cache by regenerate.
[2026-03-17T16:40:42.029] [DEBUG] debug-file - Update task entry:default@BuildJS input file:K:\study\HarmonyOs\code\chenminghui_BattleCiity\entry\build\default\intermediates\res\default\ResourceTable.txt cache by regenerate.
[2026-03-17T16:40:42.029] [DEBUG] debug-file - Update task entry:default@BuildJS input file:K:\study\HarmonyOs\code\chenminghui_BattleCiity\entry\build\default\intermediates\res\default\ark_module.json cache by regenerate.
[2026-03-17T16:40:42.029] [DEBUG] debug-file - Update task entry:default@BuildJS input file:K:\study\HarmonyOs\code\chenminghui_BattleCiity\entry\build\default\intermediates\res\default\resources\base\profile cache by regenerate.
[2026-03-17T16:40:42.029] [DEBUG] debug-file - Update task entry:default@BuildJS output file:K:\study\HarmonyOs\code\chenminghui_BattleCiity\entry\build\default\intermediates\loader_out\default\js cache.
[2026-03-17T16:40:42.030] [DEBUG] debug-file - Incremental task entry:default@BuildJS post-execution cost:3 ms .
[2026-03-17T16:40:42.030] [DEBUG] debug-file - Update task entry:default@CacheNativeLibs input file:K:\study\HarmonyOs\code\chenminghui_BattleCiity\entry\build\default\intermediates\stripped_native_libs\default cache by regenerate.
[2026-03-17T16:40:42.030] [DEBUG] debug-file - Update task entry:default@CacheNativeLibs input file:K:\study\HarmonyOs\code\chenminghui_BattleCiity\entry\build\default\intermediates\libs\default cache by regenerate.
[2026-03-17T16:40:42.030] [DEBUG] debug-file - Update task entry:default@CacheNativeLibs output file:K:\study\HarmonyOs\code\chenminghui_BattleCiity\entry\build\default\intermediates\patch\default\base_native_libs.json cache.
[2026-03-17T16:40:42.031] [DEBUG] debug-file - Incremental task entry:default@CacheNativeLibs post-execution cost:1 ms .
[2026-03-17T16:40:42.031] [DEBUG] debug-file - Update task entry:default@GeneratePkgModuleJson input file:K:\study\HarmonyOs\code\chenminghui_BattleCiity\entry\build\default\intermediates\res\default\module.json cache by regenerate.
[2026-03-17T16:40:42.031] [DEBUG] debug-file - Update task entry:default@GeneratePkgModuleJson output file:K:\study\HarmonyOs\code\chenminghui_BattleCiity\entry\build\default\intermediates\package\default\module.json cache.
[2026-03-17T16:40:42.032] [DEBUG] debug-file - Incremental task entry:default@GeneratePkgModuleJson post-execution cost:1 ms .
[2026-03-17T16:40:42.032] [DEBUG] debug-file - Incremental task entry:default@ProcessCompiledResources post-execution cost:1 ms .
[2026-03-17T16:40:42.032] [DEBUG] debug-file - Update task entry:default@PackageHap input file:K:\study\HarmonyOs\code\chenminghui_BattleCiity\entry\build\default\intermediates\stripped_native_libs\default cache by regenerate.
[2026-03-17T16:40:42.033] [DEBUG] debug-file - Update task entry:default@PackageHap input file:K:\study\HarmonyOs\code\chenminghui_BattleCiity\entry\build\default\intermediates\res\default\module.json cache by regenerate.
[2026-03-17T16:40:42.033] [DEBUG] debug-file - Update task entry:default@PackageHap input file:K:\study\HarmonyOs\code\chenminghui_BattleCiity\entry\build\default\intermediates\res\default\resources cache by regenerate.
[2026-03-17T16:40:42.034] [DEBUG] debug-file - Update task entry:default@PackageHap input file:K:\study\HarmonyOs\code\chenminghui_BattleCiity\entry\build\default\intermediates\res\default\resources.index cache by regenerate.
[2026-03-17T16:40:42.034] [DEBUG] debug-file - Update task entry:default@PackageHap input file:K:\study\HarmonyOs\code\chenminghui_BattleCiity\entry\build\default\outputs\default\pack.info cache by regenerate.
[2026-03-17T16:40:42.035] [DEBUG] debug-file - Update task entry:default@PackageHap input file:K:\study\HarmonyOs\code\chenminghui_BattleCiity\entry\build\default\intermediates\loader_out\default\ets cache by regenerate.
[2026-03-17T16:40:42.035] [DEBUG] debug-file - Update task entry:default@PackageHap input file:K:\study\HarmonyOs\code\chenminghui_BattleCiity\entry\build\default\intermediates\loader_out\default\ets\sourceMaps.map cache by regenerate.
[2026-03-17T16:40:42.035] [DEBUG] debug-file - Update task entry:default@PackageHap input file:K:\study\HarmonyOs\code\chenminghui_BattleCiity\entry\build\default\generated\profile\default\BuildProfile.ets cache by regenerate.
[2026-03-17T16:40:42.036] [DEBUG] debug-file - Update task entry:default@PackageHap output file:K:\study\HarmonyOs\code\chenminghui_BattleCiity\entry\build\default\outputs\default\entry-default-unsigned.hap cache.
[2026-03-17T16:40:42.036] [DEBUG] debug-file - Update task entry:default@PackageHap output file:K:\study\HarmonyOs\code\chenminghui_BattleCiity\entry\build\default\intermediates\source_map\default\sourceMaps.map cache.
[2026-03-17T16:40:42.036] [DEBUG] debug-file - Update task entry:default@PackageHap output file:K:\study\HarmonyOs\code\chenminghui_BattleCiity\entry\build\default\outputs\default\mapping\sourceMaps.map cache.
[2026-03-17T16:40:42.036] [DEBUG] debug-file - Incremental task entry:default@PackageHap post-execution cost:5 ms .
[2026-03-17T16:40:42.036] [DEBUG] debug-file - Update task entry:default@SignHap input file:K:\study\HarmonyOs\code\chenminghui_BattleCiity\entry\build\default\outputs\default\entry-default-unsigned.hap cache by regenerate.
[2026-03-17T16:40:42.036] [DEBUG] debug-file - Update task entry:default@SignHap output file:K:\study\HarmonyOs\code\chenminghui_BattleCiity\entry\build\default\outputs\default\entry-default-signed.hap cache.
[2026-03-17T16:40:42.037] [DEBUG] debug-file - Incremental task entry:default@SignHap post-execution cost:1 ms .
[2026-03-17T16:40:42.037] [DEBUG] debug-file - Update task entry:default@CollectDebugSymbol input file:K:\study\HarmonyOs\code\chenminghui_BattleCiity\entry\build\default\intermediates\loader_out\default\ets\sourceMaps.map cache by regenerate.
[2026-03-17T16:40:42.037] [DEBUG] debug-file - Update task entry:default@CollectDebugSymbol input file:K:\study\HarmonyOs\code\chenminghui_BattleCiity\entry\build\default\intermediates\libs\default cache by regenerate.
[2026-03-17T16:40:42.037] [DEBUG] debug-file - Update task entry:default@CollectDebugSymbol output file:K:\study\HarmonyOs\code\chenminghui_BattleCiity\entry\build\default\outputs\default\symbol cache.
[2026-03-17T16:40:42.038] [DEBUG] debug-file - Incremental task entry:default@CollectDebugSymbol post-execution cost:1 ms .
[2026-03-17T16:40:42.071] [DEBUG] debug-file - Cleanup worker 0.
[2026-03-17T16:40:42.072] [DEBUG] debug-file - Worker 0 has been cleaned up.
[2026-03-17T16:40:42.072] [DEBUG] debug-file - Current idle worker size: 4.
[2026-03-17T16:40:42.072] [DEBUG] debug-file - Current resident worker size: 5.
[2026-03-17T16:40:42.072] [DEBUG] debug-file - Cleanup worker 1.
[2026-03-17T16:40:42.073] [DEBUG] debug-file - Worker 1 has been cleaned up.
[2026-03-17T16:40:42.073] [DEBUG] debug-file - Current idle worker size: 3.
[2026-03-17T16:40:42.073] [DEBUG] debug-file - Current resident worker size: 5.
[2026-03-17T16:40:42.073] [DEBUG] debug-file - Cleanup worker 10.
[2026-03-17T16:40:42.073] [DEBUG] debug-file - Worker 10 has been cleaned up.
[2026-03-17T16:40:42.073] [DEBUG] debug-file - Current idle worker size: 2.
[2026-03-17T16:40:42.073] [DEBUG] debug-file - Current resident worker size: 5.
[2026-03-17T16:40:42.073] [DEBUG] debug-file - Cleanup worker 9.
[2026-03-17T16:40:42.074] [DEBUG] debug-file - Worker 9 has been cleaned up.
[2026-03-17T16:40:42.074] [DEBUG] debug-file - Current idle worker size: 1.
[2026-03-17T16:40:42.074] [DEBUG] debug-file - Current resident worker size: 5.
[2026-03-17T16:40:42.076] [DEBUG] debug-file - session manager: send message to worker process.
[2026-03-17T16:40:42.079] [DEBUG] debug-file - session manager: send message to worker process.
[2026-03-17T16:40:42.075] [DEBUG] debug-file - hvigor build process will be closed.
[2026-03-17T16:40:42.076] [DEBUG] debug-file - java daemon socket close code:1000 reason:close by user
[2026-03-17T16:40:42.083] [DEBUG] debug-file - watch worker: worker id should be larger than 0. Nothing will be sent to any worker thread.
[2026-03-17T16:40:42.083] [DEBUG] debug-file - watch worker: worker id should be larger than 0. Nothing will be sent to any worker thread.
[2026-03-17T16:40:42.088] [DEBUG] debug-file - worker[1] exits with exit code 1.
[2026-03-17T16:40:42.091] [DEBUG] debug-file - worker[0] exits with exit code 1.
[2026-03-17T16:40:42.094] [DEBUG] debug-file - worker[9] exits with exit code 1.
[2026-03-17T16:40:42.098] [DEBUG] debug-file - worker[10] exits with exit code 1.
[2026-05-07T16:35:33.427] [DEBUG] debug-file - env: nodejsVersion=v18.20.1
[2026-05-07T16:35:33.483] [DEBUG] debug-file - env: daemon=true
[2026-05-07T16:35:33.429] [DEBUG] debug-file - env: hvigor-config.json5 content = { modelVersion: '6.0.0', dependencies: {} }
[2026-05-07T16:35:34.079] [DEBUG] debug-file - java daemon tryConnect failed Error: connect ECONNREFUSED 127.0.0.1:45050
[2026-05-07T16:35:34.085] [DEBUG] debug-file - java daemon started at port 45050 pid 29424
[2026-05-07T16:35:34.105] [DEBUG] debug-file - session manager: set active socket. socketId=sSzK-P8a28qJPgdkAAAB
[2026-05-07T16:35:34.728] [DEBUG] debug-file - watch worker: worker id should be larger than 0. Nothing will be sent to any worker thread.
[2026-05-07T16:35:34.731] [DEBUG] debug-file - Since there is no instance or instance is terminated, create a new worker pool.
[2026-05-07T16:35:34.731] [DEBUG] debug-file - Worker pool is initialized with config:  {
  minPoolNum: 2,
  maxPoolNum: undefined,
  maxCoreSize: undefined,
  cacheCapacity: undefined,
  cacheTtl: undefined
}
[2026-05-07T16:35:34.732] [DEBUG] debug-file - Create  resident worker with id: 0.
[2026-05-07T16:35:34.734] [DEBUG] debug-file - Create  resident worker with id: 1.
[2026-05-07T16:35:34.736] [DEBUG] debug-file - Workers' log level updated to INFO
[2026-05-07T16:35:34.742] [DEBUG] debug-file - Hvigor init with startParameters:{
  hvigorfileTypeCheck: false,
  parallelExecution: true,
  incrementalExecution: true,
  printStackTrace: false,
  daemon: true,
  analyze: 0,
  logLevel: Level { level: 20000, levelStr: 'INFO', colour: 'green' },
  optimizationStrategy: 'memory',
  hotCompile: undefined,
  hotReloadBuild: undefined,
  customizedParam: undefined
}
[2026-05-07T16:35:34.743] [DEBUG] debug-file - Since current hvigor version 6.22.3 differs from last hvigor version 
      6.20.0, delete file-cache.json and task-cache.json.
[2026-05-07T16:35:34.745] [DEBUG] debug-file - Cache service initialization finished in 3 ms 
[2026-05-07T16:35:34.748] [DEBUG] debug-file - hvigorfile, resolving K:\study\HarmonyOs\code\chenminghui_BattleCiity\hvigorfile.ts
[2026-05-07T16:35:36.160] [DEBUG] debug-file - hvigorfile, require result:  { default: { plugins: [] } }
[2026-05-07T16:35:36.160] [DEBUG] debug-file - hvigorfile, binding system plugins null
[2026-05-07T16:35:36.160] [DEBUG] debug-file - Starting plugin build process
[2026-05-07T16:35:36.161] [DEBUG] debug-file - App plugin prepare start...
[2026-05-07T16:35:36.161] [DEBUG] debug-file - App plugin prepare end...
[2026-05-07T16:35:36.161] [DEBUG] debug-file - App plugin creating...
[2026-05-07T16:35:36.296] [DEBUG] debug-file - App plugin register hook start...
[2026-05-07T16:35:36.297] [DEBUG] debug-file - App plugin register hook end...
[2026-05-07T16:35:36.297] [DEBUG] debug-file - Plugin build process completed
[2026-05-07T16:35:36.298] [DEBUG] debug-file - Start initialize project's product build option map with build mode debug.
[2026-05-07T16:35:36.298] [DEBUG] debug-file - Picking option from product 'default' with build mode 'debug'.
[2026-05-07T16:35:36.299] [DEBUG] debug-file - Product 'default' build option initialized
[2026-05-07T16:35:36.299] [DEBUG] debug-file - End initialize project's product build option map with build mode 'debug'.
[2026-05-07T16:35:36.301] [DEBUG] debug-file - Obtain build option for product 'default'in this build.
[2026-05-07T16:35:36.303] [DEBUG] debug-file - No signingConfig found, initRemoteHspCache failed.
[2026-05-07T16:35:36.306] [DEBUG] debug-file - Local scan or download HarmonyOS sdk components toolchains,ets,js,native,previewer
[2026-05-07T16:35:36.309] [DEBUG] debug-file - Local scan or download hmscore sdk components toolchains,ets,native
[2026-05-07T16:35:36.310] [DEBUG] debug-file - Start recording SDK configuration permission data.
[2026-05-07T16:35:36.337] [DEBUG] debug-file - Sdk init in 33 ms 
[2026-05-07T16:35:36.341] [DEBUG] debug-file - Project task initialization takes 4 ms 
[2026-05-07T16:35:36.342] [DEBUG] debug-file - hvigorfile, binding custom plugins []
[2026-05-07T16:35:36.342] [DEBUG] debug-file - hvigorfile, no custom plugins were found in K:\study\HarmonyOs\code\chenminghui_BattleCiity\hvigorfile.ts
[2026-05-07T16:35:36.342] [DEBUG] debug-file - hvigorfile, resolve finished K:\study\HarmonyOs\code\chenminghui_BattleCiity\hvigorfile.ts
[2026-05-07T16:35:36.342] [DEBUG] debug-file - hvigorfile, resolving K:\study\HarmonyOs\code\chenminghui_BattleCiity\entry\hvigorfile.ts
[2026-05-07T16:35:36.348] [DEBUG] debug-file - hvigorfile, require result:  { default: { plugins: [] } }
[2026-05-07T16:35:36.348] [DEBUG] debug-file - hvigorfile, binding system plugins null
[2026-05-07T16:35:36.348] [DEBUG] debug-file - Starting plugin build process
[2026-05-07T16:35:36.348] [DEBUG] debug-file - Hap plugin creating...
[2026-05-07T16:35:36.349] [DEBUG] debug-file - failed to load cangjie to dynamically generate schemas: Error: Cannot find module '@ohos/cangjie-build-support/index'
Require stack:
- K:\study\HarmonyOs\software\DevEcoStudio\DevEco Studio\tools\hvigor\hvigor-ohos-plugin\src\plugin\hooks\cangjie-register.js
- K:\study\HarmonyOs\software\DevEcoStudio\DevEco Studio\tools\hvigor\hvigor-ohos-plugin\src\plugin\strategy\stage-init-strategy.js
- K:\study\HarmonyOs\software\DevEcoStudio\DevEco Studio\tools\hvigor\hvigor-ohos-plugin\src\plugin\builder\abstract-plugin-builder.js
- K:\study\HarmonyOs\software\DevEcoStudio\DevEco Studio\tools\hvigor\hvigor-ohos-plugin\src\plugin\builder\app-plugin-builder.js
- K:\study\HarmonyOs\software\DevEcoStudio\DevEco Studio\tools\hvigor\hvigor-ohos-plugin\src\plugin\factory\plugin-factory.js
- K:\study\HarmonyOs\software\DevEcoStudio\DevEco Studio\tools\hvigor\hvigor-ohos-plugin\index.js
- K:\study\HarmonyOs\code\chenminghui_BattleCiity\hvigorfile.ts
- K:\study\HarmonyOs\software\DevEcoStudio\DevEco Studio\tools\hvigor\hvigor\src\base\internal\lifecycle\configuration.js
- K:\study\HarmonyOs\software\DevEcoStudio\DevEco Studio\tools\hvigor\hvigor\src\base\boot\index.js
- K:\study\HarmonyOs\software\DevEcoStudio\DevEco Studio\tools\hvigor\hvigor\src\base\daemon\cluster\worker-process-lifecycle.js
- K:\study\HarmonyOs\software\DevEcoStudio\DevEco Studio\tools\hvigor\hvigor\src\base\daemon\process\daemon-process-boot-script.js
[2026-05-07T16:35:36.357] [DEBUG] debug-file - Start initialize module-target build option map, moduleName=entry, buildMode=release
[2026-05-07T16:35:36.357] [DEBUG] debug-file - Target 'default' config initialized
[2026-05-07T16:35:36.358] [DEBUG] debug-file - Module 'entry' target 'default' build option initialized
[2026-05-07T16:35:36.358] [DEBUG] debug-file - End initialize module-target build option map, moduleName=entry
[2026-05-07T16:35:36.358] [DEBUG] debug-file - Start initialize module-target build option map, moduleName=entry, buildMode=debug
[2026-05-07T16:35:36.358] [DEBUG] debug-file - Target 'default' config initialized
[2026-05-07T16:35:36.358] [DEBUG] debug-file - Module 'entry' target 'default' build option initialized
[2026-05-07T16:35:36.358] [DEBUG] debug-file - End initialize module-target build option map, moduleName=entry
[2026-05-07T16:35:36.358] [DEBUG] debug-file - Start initialize module-target build option map, moduleName=entry, buildMode=debug
[2026-05-07T16:35:36.358] [DEBUG] debug-file - Target 'default' config initialized
[2026-05-07T16:35:36.358] [DEBUG] debug-file - Module 'entry' target 'default' build option initialized
[2026-05-07T16:35:36.358] [DEBUG] debug-file - End initialize module-target build option map, moduleName=entry
[2026-05-07T16:35:36.359] [DEBUG] debug-file - Obtain build option for module 'entry' target 'default'in this build.
[2026-05-07T16:35:36.362] [DEBUG] debug-file - Module entry task initialization takes 3 ms 
[2026-05-07T16:35:36.362] [DEBUG] debug-file - Hap plugin register hook start...
[2026-05-07T16:35:36.362] [DEBUG] debug-file - Hap plugin register hook end...
[2026-05-07T16:35:36.362] [DEBUG] debug-file - Plugin build process completed
[2026-05-07T16:35:36.362] [DEBUG] debug-file - hvigorfile, binding custom plugins []
[2026-05-07T16:35:36.363] [DEBUG] debug-file - hvigorfile, no custom plugins were found in K:\study\HarmonyOs\code\chenminghui_BattleCiity\entry\hvigorfile.ts
[2026-05-07T16:35:36.363] [DEBUG] debug-file - hvigorfile, resolve finished K:\study\HarmonyOs\code\chenminghui_BattleCiity\entry\hvigorfile.ts
[2026-05-07T16:35:36.379] [DEBUG] debug-file - hvigorfile, resolve hvigorfile dependencies in 16 ms 
[2026-05-07T16:35:36.379] [DEBUG] debug-file - project has submodules:entry
[2026-05-07T16:35:36.380] [DEBUG] debug-file - start to load updatedOhPackageInfo to the disk
[2026-05-07T16:35:36.385] [DEBUG] debug-file - load to the disk finished
[2026-05-07T16:35:36.386] [DEBUG] debug-file - Start to initialize dependency information.
[2026-05-07T16:35:36.388] [DEBUG] debug-file - Module chenminghui_BattleCiity Collected Dependency: 
[2026-05-07T16:35:36.388] [DEBUG] debug-file - Module chenminghui_BattleCiity's total dependency: 0
[2026-05-07T16:35:36.389] [DEBUG] debug-file - Start to initialize dependency information.
[2026-05-07T16:35:36.391] [DEBUG] debug-file - Module entry Collected Dependency: 
[2026-05-07T16:35:36.391] [DEBUG] debug-file - Module entry's total dependency: 0
[2026-05-07T16:35:36.393] [DEBUG] debug-file - Configuration phase cost:1 s 649 ms 
[2026-05-07T16:35:36.395] [DEBUG] debug-file - Configuration task cost before running: 1 s 659 ms 
[2026-05-07T16:35:36.396] [DEBUG] debug-file - Executing task :entry:clean
[2026-05-07T16:35:36.396] [DEBUG] debug-file - clean: Worker pool is inactive.
[2026-05-07T16:35:36.431] [DEBUG] debug-file - entry : clean cost memory 1.7438888549804688
[2026-05-07T16:35:36.431] [DEBUG] debug-file - runTaskFromQueue task cost before running: 1 s 695 ms 
[2026-05-07T16:35:36.432] [INFO] debug-file - Finished :entry:clean... after 36 ms 
[2026-05-07T16:35:36.437] [DEBUG] debug-file - Executing task :entry:default@PreBuild
[2026-05-07T16:35:36.438] [DEBUG] debug-file - Task 'entry:default@PreBuild' cost while wrapping incremental declarations: 1 ms 
[2026-05-07T16:35:36.529] [DEBUG] debug-file - current product is not Atomic service.
[2026-05-07T16:35:36.529] [DEBUG] debug-file - Use tool [win32: JAVA_HOME, CLASSPATH]
 [
  {
    JAVA_HOME: 'K:\\study\\HarmonyOs\\software\\DevEcoStudio\\DevEco Studio\\jbr'
  },
  { CLASSPATH: undefined }
]
[2026-05-07T16:35:36.529] [DEBUG] debug-file - Use tool [win32: NODE_HOME]
 [
  {
    NODE_HOME: 'K:\\study\\HarmonyOs\\software\\DevEcoStudio\\DevEco Studio\\tools\\node'
  }
]
[2026-05-07T16:35:36.530] [DEBUG] debug-file - entry : default@PreBuild cost memory 5.5533905029296875
[2026-05-07T16:35:36.530] [DEBUG] debug-file - runTaskFromQueue task cost before running: 1 s 795 ms 
[2026-05-07T16:35:36.532] [INFO] debug-file - Finished :entry:default@PreBuild... after 94 ms 
[2026-05-07T16:35:36.533] [DEBUG] debug-file - Executing task :entry:default@CreateModuleInfo
[2026-05-07T16:35:36.533] [DEBUG] debug-file - Task 'entry:default@CreateModuleInfo' cost while wrapping incremental declarations: 1 ms 
[2026-05-07T16:35:36.533] [DEBUG] debug-file - entry : default@CreateModuleInfo cost memory 0.04290008544921875
[2026-05-07T16:35:36.533] [DEBUG] debug-file - runTaskFromQueue task cost before running: 1 s 798 ms 
[2026-05-07T16:35:36.534] [INFO] debug-file - Finished :entry:default@CreateModuleInfo... after 1 ms 
[2026-05-07T16:35:36.535] [DEBUG] debug-file - Executing task :entry:default@GenerateMetadata
[2026-05-07T16:35:36.535] [DEBUG] debug-file - Task 'entry:default@GenerateMetadata' cost while wrapping incremental declarations: 1 ms 
[2026-05-07T16:35:36.538] [DEBUG] debug-file - entry : default@GenerateMetadata cost memory 0.06414794921875
[2026-05-07T16:35:36.538] [DEBUG] debug-file - runTaskFromQueue task cost before running: 1 s 802 ms 
[2026-05-07T16:35:36.538] [INFO] debug-file - Finished :entry:default@GenerateMetadata... after 4 ms 
[2026-05-07T16:35:36.539] [DEBUG] debug-file - Executing task :entry:default@ConfigureCmake
[2026-05-07T16:35:36.539] [DEBUG] debug-file - entry : default@ConfigureCmake cost memory 0.0145416259765625
[2026-05-07T16:35:36.539] [DEBUG] debug-file - runTaskFromQueue task cost before running: 1 s 803 ms 
[2026-05-07T16:35:36.539] [INFO] debug-file - Finished :entry:default@ConfigureCmake... after 1 ms 
[2026-05-07T16:35:36.540] [DEBUG] debug-file - Executing task :entry:default@MergeProfile
[2026-05-07T16:35:36.541] [DEBUG] debug-file - Task 'entry:default@MergeProfile' cost while wrapping incremental declarations: 1 ms 
[2026-05-07T16:35:36.541] [DEBUG] debug-file - Change app api release type with 'Release'
[2026-05-07T16:35:36.542] [DEBUG] debug-file - Change app compile API version with '6.0.2.130'
[2026-05-07T16:35:36.542] [DEBUG] debug-file - Change app target API version with '40000010'
[2026-05-07T16:35:36.542] [DEBUG] debug-file - Change app minimum API version with '40000010'
[2026-05-07T16:35:36.542] [DEBUG] debug-file - Use cli appEnvironment
[2026-05-07T16:35:36.544] [DEBUG] debug-file - entry : default@MergeProfile cost memory 0.2338104248046875
[2026-05-07T16:35:36.544] [DEBUG] debug-file - runTaskFromQueue task cost before running: 1 s 808 ms 
[2026-05-07T16:35:36.544] [INFO] debug-file - Finished :entry:default@MergeProfile... after 4 ms 
[2026-05-07T16:35:36.545] [DEBUG] debug-file - Executing task :entry:default@CreateBuildProfile
[2026-05-07T16:35:36.545] [DEBUG] debug-file - Task 'entry:default@CreateBuildProfile' cost while wrapping incremental declarations: 1 ms 
[2026-05-07T16:35:36.547] [DEBUG] debug-file - entry : default@CreateBuildProfile cost memory 0.06633758544921875
[2026-05-07T16:35:36.547] [DEBUG] debug-file - runTaskFromQueue task cost before running: 1 s 811 ms 
[2026-05-07T16:35:36.547] [INFO] debug-file - Finished :entry:default@CreateBuildProfile... after 3 ms 
[2026-05-07T16:35:36.548] [DEBUG] debug-file - Executing task :entry:default@PreCheckSyscap
[2026-05-07T16:35:36.548] [DEBUG] debug-file - entry : default@PreCheckSyscap cost memory 0.01471710205078125
[2026-05-07T16:35:36.548] [DEBUG] debug-file - runTaskFromQueue task cost before running: 1 s 812 ms 
[2026-05-07T16:35:36.548] [INFO] debug-file - Finished :entry:default@PreCheckSyscap... after 1 ms 
[2026-05-07T16:35:36.550] [DEBUG] debug-file - Executing task :entry:default@GeneratePkgContextInfo
[2026-05-07T16:35:36.555] [DEBUG] debug-file - Task 'entry:default@GeneratePkgContextInfo' cost while wrapping incremental declarations: 1 ms 
[2026-05-07T16:35:36.556] [DEBUG] debug-file - entry : default@GeneratePkgContextInfo cost memory 0.47202301025390625
[2026-05-07T16:35:36.556] [DEBUG] debug-file - runTaskFromQueue task cost before running: 1 s 820 ms 
[2026-05-07T16:35:36.556] [INFO] debug-file - Finished :entry:default@GeneratePkgContextInfo... after 6 ms 
[2026-05-07T16:35:36.558] [DEBUG] debug-file - Executing task :entry:default@ProcessIntegratedHsp
[2026-05-07T16:35:36.558] [DEBUG] debug-file - entry : default@ProcessIntegratedHsp cost memory 0.029327392578125
[2026-05-07T16:35:36.559] [DEBUG] debug-file - runTaskFromQueue task cost before running: 1 s 823 ms 
[2026-05-07T16:35:36.559] [INFO] debug-file - Finished :entry:default@ProcessIntegratedHsp... after 1 ms 
[2026-05-07T16:35:36.560] [DEBUG] debug-file - Executing task :entry:default@BuildNativeWithCmake
[2026-05-07T16:35:36.560] [DEBUG] debug-file - entry : default@BuildNativeWithCmake cost memory 0.0149993896484375
[2026-05-07T16:35:36.560] [DEBUG] debug-file - runTaskFromQueue task cost before running: 1 s 824 ms 
[2026-05-07T16:35:36.560] [INFO] debug-file - Finished :entry:default@BuildNativeWithCmake... after 1 ms 
[2026-05-07T16:35:36.561] [DEBUG] debug-file - Executing task :entry:default@MakePackInfo
[2026-05-07T16:35:36.562] [DEBUG] debug-file - Module Pack Info:  {
  summary: {
    app: { bundleName: 'c***y', bundleType: 'app', version: [Object] },
    modules: [ [Object] ]
  },
  packages: [
    {
      deviceType: [Array],
      moduleType: 'entry',
      deliveryWithInstall: true,
      name: 'entry-default'
    }
  ]
}
[2026-05-07T16:35:36.563] [DEBUG] debug-file - entry : default@MakePackInfo cost memory 0.0985260009765625
[2026-05-07T16:35:36.563] [DEBUG] debug-file - runTaskFromQueue task cost before running: 1 s 827 ms 
[2026-05-07T16:35:36.563] [INFO] debug-file - Finished :entry:default@MakePackInfo... after 3 ms 
[2026-05-07T16:35:36.564] [DEBUG] debug-file - Executing task :entry:default@SyscapTransform
[2026-05-07T16:35:36.565] [DEBUG] debug-file - File: 'K:\study\HarmonyOs\code\chenminghui_BattleCiity\entry\src\main\syscap.json' from 'sysCapJsonPath' is not exists, just ignore.
[2026-05-07T16:35:36.565] [DEBUG] debug-file - Task 'entry:default@SyscapTransform' cost while wrapping incremental declarations: 1 ms 
[2026-05-07T16:35:36.565] [DEBUG] debug-file - entry : default@SyscapTransform cost memory 0.05560302734375
[2026-05-07T16:35:36.566] [DEBUG] debug-file - runTaskFromQueue task cost before running: 1 s 830 ms 
[2026-05-07T16:35:36.566] [INFO] debug-file - Finished :entry:default@SyscapTransform... after 2 ms 
[2026-05-07T16:35:36.567] [DEBUG] debug-file - Executing task :entry:default@ProcessProfile
[2026-05-07T16:35:36.568] [DEBUG] debug-file - Task 'entry:default@ProcessProfile' cost while wrapping incremental declarations: 1 ms 
[2026-05-07T16:35:36.569] [DEBUG] debug-file - [
  'K:\\study\\HarmonyOs\\software\\DevEcoStudio\\DevEco Studio\\tools\\node\\node.exe',
  'K:\\study\\HarmonyOs\\software\\DevEcoStudio\\DevEco Studio\\sdk\\default\\openharmony\\ets\\build-tools\\ets-loader\\bin\\ark\\ts2abc.js',
  '--target-api-version',
  '10'
]
[2026-05-07T16:35:36.679] [DEBUG] debug-file - 9.0.0.0
[2026-05-07T16:35:36.682] [DEBUG] debug-file - No need to add fake ui ability because of not in preview process.
[2026-05-07T16:35:36.683] [DEBUG] debug-file - entry : default@ProcessProfile cost memory 2.0700454711914062
[2026-05-07T16:35:36.683] [DEBUG] debug-file - runTaskFromQueue task cost before running: 1 s 947 ms 
[2026-05-07T16:35:36.684] [INFO] debug-file - Finished :entry:default@ProcessProfile... after 117 ms 
[2026-05-07T16:35:36.685] [DEBUG] debug-file - Executing task :entry:default@ProcessRouterMap
[2026-05-07T16:35:36.688] [DEBUG] debug-file - entry : default@ProcessRouterMap cost memory 0.08978271484375
[2026-05-07T16:35:36.689] [DEBUG] debug-file - runTaskFromQueue task cost before running: 1 s 953 ms 
[2026-05-07T16:35:36.689] [INFO] debug-file - Finished :entry:default@ProcessRouterMap... after 4 ms 
[2026-05-07T16:35:36.690] [DEBUG] debug-file - Executing task :entry:default@ProcessShareConfig
[2026-05-07T16:35:36.694] [DEBUG] debug-file - entry : default@ProcessShareConfig cost memory 0.0704345703125
[2026-05-07T16:35:36.694] [DEBUG] debug-file - runTaskFromQueue task cost before running: 1 s 959 ms 
[2026-05-07T16:35:36.695] [INFO] debug-file - Finished :entry:default@ProcessShareConfig... after 5 ms 
[2026-05-07T16:35:36.696] [DEBUG] debug-file - Executing task :entry:default@ProcessStartupConfig
[2026-05-07T16:35:36.696] [DEBUG] debug-file - Task 'entry:default@ProcessStartupConfig' cost while wrapping incremental declarations: 1 ms 
[2026-05-07T16:35:36.697] [DEBUG] debug-file - entry : default@ProcessStartupConfig cost memory 0.06371307373046875
[2026-05-07T16:35:36.697] [DEBUG] debug-file - runTaskFromQueue task cost before running: 1 s 961 ms 
[2026-05-07T16:35:36.697] [INFO] debug-file - Finished :entry:default@ProcessStartupConfig... after 1 ms 
[2026-05-07T16:35:36.698] [DEBUG] debug-file - Executing task :entry:default@BuildNativeWithNinja
[2026-05-07T16:35:36.699] [DEBUG] debug-file - entry : default@BuildNativeWithNinja cost memory 0.027923583984375
[2026-05-07T16:35:36.699] [DEBUG] debug-file - runTaskFromQueue task cost before running: 1 s 963 ms 
[2026-05-07T16:35:36.699] [INFO] debug-file - Finished :entry:default@BuildNativeWithNinja... after 2 ms 
[2026-05-07T16:35:36.701] [DEBUG] debug-file - restool module names: entry; moduleName=entry, taskName=default@ProcessResource
[2026-05-07T16:35:36.703] [DEBUG] debug-file - Executing task :entry:default@ProcessResource
[2026-05-07T16:35:36.703] [DEBUG] debug-file - Task 'entry:default@ProcessResource' cost while wrapping incremental declarations: 1 ms 
[2026-05-07T16:35:36.705] [DEBUG] debug-file - entry : default@ProcessResource cost memory 0.1269073486328125
[2026-05-07T16:35:36.705] [DEBUG] debug-file - runTaskFromQueue task cost before running: 1 s 969 ms 
[2026-05-07T16:35:36.706] [INFO] debug-file - Finished :entry:default@ProcessResource... after 4 ms 
[2026-05-07T16:35:36.708] [DEBUG] debug-file - Executing task :entry:default@GenerateLoaderJson
[2026-05-07T16:35:36.708] [DEBUG] debug-file - Task 'entry:default@GenerateLoaderJson' cost while wrapping incremental declarations: 1 ms 
[2026-05-07T16:35:36.714] [DEBUG] debug-file - entry : default@GenerateLoaderJson cost memory 0.31061553955078125
[2026-05-07T16:35:36.714] [DEBUG] debug-file - runTaskFromQueue task cost before running: 1 s 979 ms 
[2026-05-07T16:35:36.716] [INFO] debug-file - Finished :entry:default@GenerateLoaderJson... after 7 ms 
[2026-05-07T16:35:36.717] [DEBUG] debug-file - Executing task :entry:default@ProcessLibs
[2026-05-07T16:35:36.721] [DEBUG] debug-file - Worker dispatch failed, running processLibs on main thread.
[2026-05-07T16:35:36.722] [DEBUG] debug-file - entry : default@ProcessLibs cost memory 0.5331039428710938
[2026-05-07T16:35:36.722] [DEBUG] debug-file - runTaskFromQueue task cost before running: 1 s 987 ms 
[2026-05-07T16:35:36.723] [INFO] debug-file - Finished :entry:default@ProcessLibs... after 6 ms 
[2026-05-07T16:35:36.724] [DEBUG] debug-file - restool module names: entry; moduleName=entry, taskName=default@CompileResource
[2026-05-07T16:35:36.724] [DEBUG] debug-file - Executing task :entry:default@CompileResource
[2026-05-07T16:35:36.730] [DEBUG] debug-file - Use tool [K:\study\HarmonyOs\software\DevEcoStudio\DevEco Studio\sdk\default\openharmony\toolchains\restool.exe]
 [
  'K:\\study\\HarmonyOs\\software\\DevEcoStudio\\DevEco Studio\\sdk\\default\\openharmony\\toolchains\\restool.exe',
  '-l',
  'K:\\study\\HarmonyOs\\code\\chenminghui_BattleCiity\\entry\\build\\default\\intermediates\\res\\default\\resConfig.json'
]
[2026-05-07T16:35:36.731] [DEBUG] debug-file - current process  memoryUsage: {
  rss: 265838592,
  heapTotal: 164528128,
  heapUsed: 140149384,
  external: 3108750,
  arrayBuffers: 212246
} os memoryUsage :20.302444458007812
[2026-05-07T16:35:36.837] [DEBUG] debug-file - Info: Pack: normal pack mode

[2026-05-07T16:35:36.878] [DEBUG] debug-file - Info: hardware concurrency count is : 20
Info: thread count is : 20

[2026-05-07T16:35:36.878] [DEBUG] debug-file - Info: thread pool is started

[2026-05-07T16:35:36.879] [DEBUG] debug-file - Info: GenericCompiler::CompileFiles

[2026-05-07T16:35:36.882] [DEBUG] debug-file - Info: GenericCompiler::CompileFiles

[2026-05-07T16:35:36.883] [DEBUG] debug-file - Info: GenericCompiler::CompileFiles

[2026-05-07T16:35:36.888] [DEBUG] debug-file - 05-07 16:35:36.889  6848 18552 E C01400/ImageTranscoderUtils: DecodeToRGBA IN

[2026-05-07T16:35:36.889] [DEBUG] debug-file - 05-07 16:35:36.889  6848 18552 E C01400/ImageTranscoderUtils: ImageFilter IN K:\study\HarmonyOs\code\chenminghui_BattleCiity\AppScope\resources\base\media\app_icon.svg

[2026-05-07T16:35:36.889] [DEBUG] debug-file - 05-07 16:35:36.889  6848 18552 E C01400/ImageTranscoder: TranscodeSLR DecodeToRGBA failed
Warning: ScaleImage failed, error message: IMAGE_ERROR, file path = K:\study\HarmonyOs\code\chenminghui_BattleCiity\AppScope\resources\base\media\app_icon.svg

[2026-05-07T16:35:36.890] [DEBUG] debug-file - 05-07 16:35:36.890  6848 18552 E C01400/ImageTranscoderUtils: DecodeToRGBA IN
05-07 16:35:36.890  6848 18552 E C01400/ImageTranscoderUtils: ImageFilter IN K:\study\HarmonyOs\code\chenminghui_BattleCiity\entry\src\main\resources\base\media\icon.svg

[2026-05-07T16:35:36.890] [DEBUG] debug-file - 05-07 16:35:36.890  6848 18552 E C01400/ImageTranscoder: TranscodeSLR DecodeToRGBA failed
Warning: ScaleImage failed, error message: IMAGE_ERROR, file path = K:\study\HarmonyOs\code\chenminghui_BattleCiity\entry\src\main\resources\base\media\icon.svg

[2026-05-07T16:35:36.891] [DEBUG] debug-file - Warning: K:\study\HarmonyOs\code\chenminghui_BattleCiity\AppScope\resources\base\media\app_icon.svg is not png format

[2026-05-07T16:35:36.891] [DEBUG] debug-file - Warning: K:\study\HarmonyOs\code\chenminghui_BattleCiity\entry\src\main\resources\base\media\icon.svg is not png format
Warning: K:\study\HarmonyOs\code\chenminghui_BattleCiity\entry\src\main\resources\base\media\icon.svg is not png format

[2026-05-07T16:35:36.891] [DEBUG] debug-file - Info: restool resources compile success.

[2026-05-07T16:35:36.892] [DEBUG] debug-file - Info: thread pool is stopped

[2026-05-07T16:35:36.958] [DEBUG] debug-file - entry : default@CompileResource cost memory 0.7325668334960938
[2026-05-07T16:35:36.958] [DEBUG] debug-file - runTaskFromQueue task cost before running: 2 s 222 ms 
[2026-05-07T16:35:36.959] [INFO] debug-file - Finished :entry:default@CompileResource... after 235 ms 
[2026-05-07T16:35:36.960] [DEBUG] debug-file - Executing task :entry:default@DoNativeStrip
[2026-05-07T16:35:36.960] [DEBUG] debug-file - Task 'entry:default@DoNativeStrip' cost while wrapping incremental declarations: 1 ms 
[2026-05-07T16:35:36.962] [DEBUG] debug-file - entry : default@DoNativeStrip cost memory 0.06044769287109375
[2026-05-07T16:35:36.962] [DEBUG] debug-file - runTaskFromQueue task cost before running: 2 s 226 ms 
[2026-05-07T16:35:36.962] [INFO] debug-file - Finished :entry:default@DoNativeStrip... after 3 ms 
[2026-05-07T16:35:36.963] [DEBUG] debug-file - Executing task :entry:default@CompileArkTS
[2026-05-07T16:35:36.964] [DEBUG] debug-file - obfuscationOptions: undefined
[2026-05-07T16:35:36.965] [DEBUG] debug-file - Task 'entry:default@CompileArkTS' cost while wrapping incremental declarations: 1 ms 
[2026-05-07T16:35:36.976] [DEBUG] debug-file - build config:
[2026-05-07T16:35:36.976] [DEBUG] debug-file - {
  moduleType: 'entry',
  perf: 0,
  targetName: '.default',
  packageManagerType: 'ohpm',
  localPropertiesPath: 'K:\\study\\HarmonyOs\\code\\chenminghui_BattleCiity\\local.properties',
  isPreview: false,
  isOhosTest: false,
  isLocalTest: false,
  buildMode: 'Debug',
  hotReloadBuild: undefined,
  watchMode: 'false',
  aceProfilePath: 'K:\\study\\HarmonyOs\\code\\chenminghui_BattleCiity\\entry\\build\\default\\intermediates\\res\\default\\resources\\base\\profile',
  etsLoaderPath: 'K:\\study\\HarmonyOs\\software\\DevEcoStudio\\DevEco Studio\\sdk\\default\\openharmony\\ets\\build-tools\\ets-loader',
  modulePath: 'K:\\study\\HarmonyOs\\code\\chenminghui_BattleCiity\\entry',
  testFrameworkPar: {
    testMode: undefined,
    coveragePathFilter: undefined,
    coverageMode: undefined
  },
  needCoverageInsert: false,
  debugLine: false,
  projectTopDir: 'K:\\study\\HarmonyOs\\code\\chenminghui_BattleCiity',
  compileSdkVersion: 22,
  compatibleSdkVersion: 10,
  originCompatibleSdkVersion: '4.0.0(10)',
  compatibleSdkVersionStage: undefined,
  bundleName: 'c***y',
  etsLoaderVersion: '6.0.2.130',
  etsLoaderReleaseType: 'Release',
  aotCompileMode: 'type',
  apPath: 'K:\\study\\HarmonyOs\\code\\chenminghui_BattleCiity\\entry\\modules.ap',
  entryModuleName: 'entry',
  entryModuleVersion: '1.0.0',
  entryPackageName: 'entry',
  allModuleNameHash: 'a4db1cfab7325329050ebee4afa0d9ca953afb3f6e9b46f820446b7b1027027a',
  externalApiPaths: [
    'K:\\study\\HarmonyOs\\software\\DevEcoStudio\\DevEco Studio\\sdk\\default\\hms\\ets'
  ],
  compilerTypes: [],
  isCrossplatform: false,
  hvigorPluginFile: undefined,
  compilePluginPath: undefined,
  buildGeneratedProfilePath: 'K:\\study\\HarmonyOs\\code\\chenminghui_BattleCiity\\entry\\build\\default\\generated\\profile\\default',
  bundleType: 'app',
  arkTSVersion: undefined,
  apiVersion: 22,
  needCompleteSourcesMap: false,
  isFaMode: false,
  buildDir: 'K:\\study\\HarmonyOs\\code\\chenminghui_BattleCiity\\entry\\build',
  deviceTypes: [ 'phone', 'tablet' ],
  pkgContextInfo: undefined,
  ohPackagePathMap: {},
  dependencyAliasMap: {},
  permission: { requestPermissions: undefined, definePermissions: undefined },
  useGetCurrentBundleName: false,
  projectArkOption: undefined,
  sourceMapDir: undefined,
  branchElimination: false,
  transformLib: undefined,
  tsImportSendable: false,
  resolveConflictMode: true,
  depName2RootPath: {},
  depName2DepInfo: {},
  rootPathSet: [ 'K:\\study\\HarmonyOs\\code\\chenminghui_BattleCiity' ],
  useNativeResolver: true,
  shouldEmitJs: true,
  useTscResolve: false,
  singleFileEmit: false,
  userProjectConfig: {
    autoLazyImport: false,
    allowEmptyBundleName: false,
    reExportCheckMode: 'noCheck',
    executionMode: 'memory',
    usePathPlaceholder: false,
    writeRollupCache: true,
    isExpandImportEnabled: false,
    expandImportExclude: '',
    lazyImportExclude: '',
    lazyImportInclude: '',
    ignoreCrossplatformCheck: false,
    isHarDeduplicateEnabled: false,
    skipOhModulesLint: false,
    enableStrictCheckOHModule: false,
    disableSendableCheckRules: [],
    useDeclarationFileSignature: false,
    customizedOptions: undefined,
    integratedHsp: false,
    isPreloadSoEnabled: false
  },
  executionMode: 'memory',
  arkCompileCachePath: 'K:\\study\\HarmonyOs\\code\\chenminghui_BattleCiity\\entry\\build\\default\\cache\\default\\default@CompileArkTS\\esmodule',
  autoLazyFilter: undefined,
  isHarDeduplicateEnabled: false,
  intermediateHarDuplicateDirPath: 'K:\\study\\HarmonyOs\\code\\chenminghui_BattleCiity\\entry\\build\\default\\intermediates\\har_duplicate\\default',
  autoLazyImport: false,
  allowEmptyBundleName: false,
  reExportCheckMode: 'noCheck',
  usePathPlaceholder: false,
  writeRollupCache: true,
  isExpandImportEnabled: false,
  expandImportExclude: '',
  lazyImportExclude: '',
  lazyImportInclude: '',
  ignoreCrossplatformCheck: false,
  skipOhModulesLint: false,
  enableStrictCheckOHModule: false,
  disableSendableCheckRules: [],
  useDeclarationFileSignature: false,
  customizedOptions: undefined,
  integratedHsp: false,
  isPreloadSoEnabled: false,
  strictMode: undefined,
  useNormalizedOHMUrl: false,
  caseSensitiveCheck: false,
  aceModuleJsonPath: 'K:\\study\\HarmonyOs\\code\\chenminghui_BattleCiity\\entry\\build\\default\\intermediates\\res\\default\\ark_module.json',
  appResource: 'K:\\study\\HarmonyOs\\code\\chenminghui_BattleCiity\\entry\\build\\default\\intermediates\\res\\default\\ResourceTable.txt',
  rawFileResource: 'K:\\study\\HarmonyOs\\code\\chenminghui_BattleCiity\\entry\\build\\default\\intermediates\\res\\default\\resources\\rawfile',
  resourceTableHash: '42116fa57be9f8ac9defd210768d75e197c8b8faeb2d6536c1e619711672b5b7',
  runtimeOS: 'HarmonyOS',
  sdkInfo: 'false:22:6.0.2.130:Release',
  aceModuleRoot: 'K:\\study\\HarmonyOs\\code\\chenminghui_BattleCiity\\entry\\src\\main\\ets',
  compileMode: 'esmodule',
  aceSuperVisualPath: 'K:\\study\\HarmonyOs\\code\\chenminghui_BattleCiity\\entry\\src\\main\\supervisual',
  aceBuildJson: 'K:\\study\\HarmonyOs\\code\\chenminghui_BattleCiity\\entry\\build\\default\\intermediates\\loader\\default\\loader.json',
  cachePath: 'K:\\study\\HarmonyOs\\code\\chenminghui_BattleCiity\\entry\\build\\default\\cache\\default\\default@CompileArkTS\\esmodule\\debug',
  aceModuleBuild: 'K:\\study\\HarmonyOs\\code\\chenminghui_BattleCiity\\entry\\build\\default\\intermediates\\loader_out\\default\\ets',
  supportChunks: true,
  declaredFilesPath: undefined,
  shouldCollectDirectImportees: false,
  isByteCodeHarOptimize: false,
  expandImportPath: undefined,
  pkgNameToPkgBriefInfo: {
    entry: {
      pkgRoot: 'K:\\study\\HarmonyOs\\code\\chenminghui_BattleCiity\\entry',
      originalSourceRoots: undefined,
      sourceRoots: [Array],
      pkgName: 'entry'
    }
  },
  projectModel: {
    'K:\\study\\HarmonyOs\\code\\chenminghui_BattleCiity\\entry\\src\\main': {
      moduleName: 'entry',
      modulePkgPath: 'K:\\study\\HarmonyOs\\code\\chenminghui_BattleCiity\\entry',
      belongProjectPath: 'K:\\study\\HarmonyOs\\code\\chenminghui_BattleCiity'
    },
    'K:\\study\\HarmonyOs\\code\\chenminghui_BattleCiity\\entry': {
      moduleName: 'entry',
      modulePkgPath: 'K:\\study\\HarmonyOs\\code\\chenminghui_BattleCiity\\entry',
      belongProjectPath: 'K:\\study\\HarmonyOs\\code\\chenminghui_BattleCiity'
    },
    'K:\\study\\HarmonyOs\\code\\chenminghui_BattleCiity': {
      moduleName: 'chenminghui_BattleCiity',
      modulePkgPath: 'K:\\study\\HarmonyOs\\code\\chenminghui_BattleCiity',
      belongProjectPath: 'K:\\study\\HarmonyOs\\code\\chenminghui_BattleCiity'
    }
  },
  pkgJsonFileHash: '0c650fcb5db374eb0293e4593f1a26d0e2b7b030f86c991c65a2cb279448be58',
  allModulePaths: [ 'K:\\study\\HarmonyOs\\code\\chenminghui_BattleCiity\\entry' ],
  routerMap: {},
  obfuscationOptions: undefined,
  byteCodeHarToDependencyKeys: undefined,
  compileBlockPkg: [],
  mockParams: {
    decorator: '@MockSetup',
    packageName: '@ohos/hamock',
    etsSourceRootPath: 'src/main/ets',
    mockConfigPath: undefined,
    mockConfigKey2ModuleInfo: {},
    source2ModuleIdMap: {}
  },
  copyCodeResourceEnable: true,
  copyCodeResourceExcludes: [],
  copyCodeResourceIncludes: undefined,
  uiTransformOptimization: false,
  sdkPath: 'K:/study/HarmonyOs/software/DevEcoStudio/DevEco Studio/sdk',
  needPreloadSoFileSet: {},
  preloadSoFilePath: 'K:\\study\\HarmonyOs\\code\\chenminghui_BattleCiity\\entry\\build\\default\\intermediates\\preload\\default\\preload.json',
  useSourceHash: false,
  localModuleParamMap: {},
  otherPaths: {
    'entry/*': [
      '..\\*',
      '..\\..\\..\\build\\default\\generated\\profile\\default\\*'
    ]
  },
  collectImportersConfig: undefined
}
[2026-05-07T16:35:36.976] [DEBUG] debug-file - Compile arkts with external api path: K:\study\HarmonyOs\software\DevEcoStudio\DevEco Studio\sdk\default\hms\ets
[2026-05-07T16:35:36.978] [DEBUG] debug-file - default@CompileArkTS work[0] is submitted.
[2026-05-07T16:35:36.978] [DEBUG] debug-file - default@CompileArkTS work[0] is pushed to ready queue.
[2026-05-07T16:35:36.978] [DEBUG] debug-file - A work dispatched to worker[19] failed because unable to get work from ready queue.
[2026-05-07T16:35:36.978] [DEBUG] debug-file - A work dispatched to worker[18] failed because unable to get work from ready queue.
[2026-05-07T16:35:36.978] [DEBUG] debug-file - A work dispatched to worker[17] failed because unable to get work from ready queue.
[2026-05-07T16:35:36.978] [DEBUG] debug-file - A work dispatched to worker[16] failed because unable to get work from ready queue.
[2026-05-07T16:35:36.978] [DEBUG] debug-file - A work dispatched to worker[15] failed because unable to get work from ready queue.
[2026-05-07T16:35:36.978] [DEBUG] debug-file - A work dispatched to worker[14] failed because unable to get work from ready queue.
[2026-05-07T16:35:36.978] [DEBUG] debug-file - A work dispatched to worker[13] failed because unable to get work from ready queue.
[2026-05-07T16:35:36.978] [DEBUG] debug-file - A work dispatched to worker[12] failed because unable to get work from ready queue.
[2026-05-07T16:35:36.978] [DEBUG] debug-file - A work dispatched to worker[11] failed because unable to get work from ready queue.
[2026-05-07T16:35:36.978] [DEBUG] debug-file - A work dispatched to worker[10] failed because unable to get work from ready queue.
[2026-05-07T16:35:36.978] [DEBUG] debug-file - A work dispatched to worker[9] failed because unable to get work from ready queue.
[2026-05-07T16:35:36.978] [DEBUG] debug-file - A work dispatched to worker[8] failed because unable to get work from ready queue.
[2026-05-07T16:35:36.978] [DEBUG] debug-file - A work dispatched to worker[7] failed because unable to get work from ready queue.
[2026-05-07T16:35:36.978] [DEBUG] debug-file - A work dispatched to worker[6] failed because unable to get work from ready queue.
[2026-05-07T16:35:36.978] [DEBUG] debug-file - A work dispatched to worker[5] failed because unable to get work from ready queue.
[2026-05-07T16:35:36.979] [DEBUG] debug-file - Create  resident worker with id: 4.
[2026-05-07T16:35:36.980] [DEBUG] debug-file - default@CompileArkTS work[0] has been dispatched to worker[4].
[2026-05-07T16:35:36.980] [DEBUG] debug-file - default@CompileArkTS work[0] is dispatched.
[2026-05-07T16:35:36.980] [DEBUG] debug-file - CopyResources startTime: 3151652949300
[2026-05-07T16:35:36.980] [DEBUG] debug-file - default@CompileArkTS work[1] is submitted.
[2026-05-07T16:35:36.980] [DEBUG] debug-file - default@CompileArkTS work[1] is pushed to ready queue.
[2026-05-07T16:35:36.980] [DEBUG] debug-file - A work dispatched to worker[19] failed because unable to get work from ready queue.
[2026-05-07T16:35:36.980] [DEBUG] debug-file - Create  resident worker with id: 18.
[2026-05-07T16:35:36.981] [DEBUG] debug-file - default@CompileArkTS work[1] has been dispatched to worker[18].
[2026-05-07T16:35:36.981] [DEBUG] debug-file - default@CompileArkTS work[1] is dispatched.
[2026-05-07T16:35:36.981] [DEBUG] debug-file - entry : default@CompileArkTS cost memory 2.3988800048828125
[2026-05-07T16:35:36.982] [DEBUG] debug-file - Executing task :entry:default@BuildJS
[2026-05-07T16:35:36.982] [DEBUG] debug-file - Task 'entry:default@BuildJS' cost while wrapping incremental declarations: 1 ms 
[2026-05-07T16:35:36.984] [DEBUG] debug-file - entry : default@BuildJS cost memory 0.153839111328125
[2026-05-07T16:35:36.984] [DEBUG] debug-file - runTaskFromQueue task cost before running: 2 s 248 ms 
[2026-05-07T16:35:36.984] [INFO] debug-file - Finished :entry:default@BuildJS... after 2 ms 
[2026-05-07T16:35:36.985] [DEBUG] debug-file - Executing task :entry:default@CacheNativeLibs
[2026-05-07T16:35:36.985] [DEBUG] debug-file - Task 'entry:default@CacheNativeLibs' cost while wrapping incremental declarations: 1 ms 
[2026-05-07T16:35:36.985] [DEBUG] debug-file - default@CacheNativeLibs work[2] is submitted.
[2026-05-07T16:35:36.986] [DEBUG] debug-file - default@CacheNativeLibs work[2] is pushed to ready queue.
[2026-05-07T16:35:36.986] [DEBUG] debug-file - A work dispatched to worker[19] failed because unable to get work from ready queue.
[2026-05-07T16:35:36.986] [DEBUG] debug-file - A work dispatched to worker[18] failed because of worker busy.
[2026-05-07T16:35:36.986] [DEBUG] debug-file - Create  resident worker with id: 17.
[2026-05-07T16:35:36.986] [DEBUG] debug-file - default@CacheNativeLibs work[2] has been dispatched to worker[17].
[2026-05-07T16:35:36.986] [DEBUG] debug-file - default@CacheNativeLibs work[2] is dispatched.
[2026-05-07T16:35:36.986] [DEBUG] debug-file - entry : default@CacheNativeLibs cost memory 0.1751556396484375
[2026-05-07T16:35:37.626] [DEBUG] debug-file - worker[18] has one work done.
[2026-05-07T16:35:37.626] [DEBUG] debug-file - CopyResources is end, endTime: 3152299565300
[2026-05-07T16:35:37.627] [DEBUG] debug-file - default@CompileArkTS work[1] done.
[2026-05-07T16:35:37.627] [DEBUG] debug-file - A work dispatched to worker[18] failed because unable to get work from ready queue.
[2026-05-07T16:35:37.687] [DEBUG] debug-file - worker[17] has one work done.
[2026-05-07T16:35:37.688] [DEBUG] debug-file - default@CacheNativeLibs work[2] done.
[2026-05-07T16:35:37.688] [DEBUG] debug-file - A work dispatched to worker[17] failed because unable to get work from ready queue.
[2026-05-07T16:35:37.688] [INFO] debug-file - Finished :entry:default@CacheNativeLibs... after 7 ms 
[2026-05-07T16:35:41.887] [DEBUG] debug-file - worker[4] has one work done.
[2026-05-07T16:35:41.887] [DEBUG] debug-file - Ark compile task finished.finished time is 3156559966500
[2026-05-07T16:35:41.889] [DEBUG] debug-file - default@CompileArkTS work[0] done.
[2026-05-07T16:35:41.889] [DEBUG] debug-file - A work dispatched to worker[4] failed because unable to get work from ready queue.
[2026-05-07T16:35:41.890] [INFO] debug-file - Finished :entry:default@CompileArkTS... after 3 s 308 ms 
[2026-05-07T16:35:41.891] [DEBUG] debug-file - Executing task :entry:default@GeneratePkgModuleJson
[2026-05-07T16:35:41.891] [DEBUG] debug-file - File: 'K:\study\HarmonyOs\code\chenminghui_BattleCiity\entry\build\default\intermediates\preload\default\preload.json' from 'preloadSoJsonPath' is not exists, just ignore.
[2026-05-07T16:35:41.892] [DEBUG] debug-file - Error occurs while handling @Input 'shouldDeduplicateHar': The "data" argument must be of type string or an instance of Buffer, TypedArray, or DataView. Received undefined
[2026-05-07T16:35:41.892] [DEBUG] debug-file - Task 'entry:default@GeneratePkgModuleJson' cost while wrapping incremental declarations: 1 ms 
[2026-05-07T16:35:41.894] [DEBUG] debug-file - entry : default@GeneratePkgModuleJson cost memory 0.1557464599609375
[2026-05-07T16:35:41.894] [DEBUG] debug-file - runTaskFromQueue task cost before running: 7 s 158 ms 
[2026-05-07T16:35:41.894] [INFO] debug-file - Finished :entry:default@GeneratePkgModuleJson... after 3 ms 
[2026-05-07T16:35:41.894] [DEBUG] debug-file - Executing task :entry:default@ProcessCompiledResources
[2026-05-07T16:35:41.894] [DEBUG] debug-file - File: 'K:\study\HarmonyOs\code\chenminghui_BattleCiity\entry\build\default\intermediates\preload\default\preload.json' from 'preloadSoJsonPath' is not exists, just ignore.
[2026-05-07T16:35:41.895] [DEBUG] debug-file - Task 'entry:default@ProcessCompiledResources' cost while wrapping incremental declarations: 1 ms 
[2026-05-07T16:35:41.895] [DEBUG] debug-file - entry : default@ProcessCompiledResources cost memory 0.06021881103515625
[2026-05-07T16:35:41.895] [DEBUG] debug-file - runTaskFromQueue task cost before running: 7 s 159 ms 
[2026-05-07T16:35:41.895] [INFO] debug-file - Finished :entry:default@ProcessCompiledResources... after 1 ms 
[2026-05-07T16:35:41.896] [DEBUG] debug-file - Executing task :entry:default@PackageHap
[2026-05-07T16:35:41.899] [DEBUG] debug-file - Use tool [K:\study\HarmonyOs\software\DevEcoStudio\DevEco Studio\sdk\default\openharmony\toolchains\lib\app_packing_tool.jar]
 [
  'java',
  '-Dfile.encoding=GBK',
  '-jar',
  'K:\\study\\HarmonyOs\\software\\DevEcoStudio\\DevEco Studio\\sdk\\default\\openharmony\\toolchains\\lib\\app_packing_tool.jar',
  '--mode',
  'hap',
  '--force',
  'true',
  '--lib-path',
  'K:\\study\\HarmonyOs\\code\\chenminghui_BattleCiity\\entry\\build\\default\\intermediates\\stripped_native_libs\\default',
  '--json-path',
  'K:\\study\\HarmonyOs\\code\\chenminghui_BattleCiity\\entry\\build\\default\\intermediates\\package\\default\\module.json',
  '--resources-path',
  'K:\\study\\HarmonyOs\\code\\chenminghui_BattleCiity\\entry\\build\\default\\intermediates\\res\\default\\resources',
  '--index-path',
  'K:\\study\\HarmonyOs\\code\\chenminghui_BattleCiity\\entry\\build\\default\\intermediates\\res\\default\\resources.index',
  '--pack-info-path',
  'K:\\study\\HarmonyOs\\code\\chenminghui_BattleCiity\\entry\\build\\default\\outputs\\default\\pack.info',
  '--out-path',
  'K:\\study\\HarmonyOs\\code\\chenminghui_BattleCiity\\entry\\build\\default\\outputs\\default\\entry-default-unsigned.hap',
  '--ets-path',
  'K:\\study\\HarmonyOs\\code\\chenminghui_BattleCiity\\entry\\build\\default\\intermediates\\loader_out\\default\\ets'
]
[2026-05-07T16:35:42.127] [DEBUG] debug-file - java daemon socket received message:{"code":0,"message":"pack success"}
[2026-05-07T16:35:42.131] [DEBUG] debug-file - entry : default@PackageHap cost memory 0.5516891479492188
[2026-05-07T16:35:42.131] [DEBUG] debug-file - runTaskFromQueue task cost before running: 7 s 395 ms 
[2026-05-07T16:35:42.132] [INFO] debug-file - Finished :entry:default@PackageHap... after 235 ms 
[2026-05-07T16:35:42.133] [DEBUG] debug-file - Executing task :entry:default@PackingCheck
[2026-05-07T16:35:42.137] [DEBUG] debug-file - entry : default@PackingCheck cost memory 0.27996063232421875
[2026-05-07T16:35:42.137] [DEBUG] debug-file - runTaskFromQueue task cost before running: 7 s 401 ms 
[2026-05-07T16:35:42.137] [INFO] debug-file - Finished :entry:default@PackingCheck... after 5 ms 
[2026-05-07T16:35:42.138] [DEBUG] debug-file - Executing task :entry:default@SignHap
[2026-05-07T16:35:42.139] [WARN] debug-file - Will skip sign 'hos_hap'. No signingConfigs profile is configured in current project.
             If needed, configure the signingConfigs in K:\study\HarmonyOs\code\chenminghui_BattleCiity\build-profile.json5.
[2026-05-07T16:35:42.140] [DEBUG] debug-file - entry : default@SignHap cost memory 0.0562744140625
[2026-05-07T16:35:42.140] [DEBUG] debug-file - runTaskFromQueue task cost before running: 7 s 404 ms 
[2026-05-07T16:35:42.140] [INFO] debug-file - Finished :entry:default@SignHap... after 2 ms 
[2026-05-07T16:35:42.141] [DEBUG] debug-file - Executing task :entry:default@CollectDebugSymbol
[2026-05-07T16:35:42.142] [DEBUG] debug-file - entry : default@CollectDebugSymbol cost memory 0.097625732421875
[2026-05-07T16:35:42.142] [DEBUG] debug-file - runTaskFromQueue task cost before running: 7 s 406 ms 
[2026-05-07T16:35:42.142] [INFO] debug-file - Finished :entry:default@CollectDebugSymbol... after 1 ms 
[2026-05-07T16:35:42.143] [DEBUG] debug-file - Executing task :entry:assembleHap
[2026-05-07T16:35:42.143] [DEBUG] debug-file - entry : assembleHap cost memory 0.0128326416015625
[2026-05-07T16:35:42.143] [DEBUG] debug-file - runTaskFromQueue task cost before running: 7 s 407 ms 
[2026-05-07T16:35:42.143] [INFO] debug-file - Finished :entry:assembleHap... after 1 ms 
[2026-05-07T16:35:42.150] [INFO] debug-file - BUILD SUCCESSFUL in 7 s 414 ms 
[2026-05-07T16:35:42.151] [DEBUG] debug-file - Update task entry:default@PreBuild input file:K:\study\HarmonyOs\code\chenminghui_BattleCiity\AppScope\app.json5 cache by regenerate.
[2026-05-07T16:35:42.152] [DEBUG] debug-file - Update task entry:default@PreBuild input file:K:\study\HarmonyOs\code\chenminghui_BattleCiity\entry\src\main\module.json5 cache by regenerate.
[2026-05-07T16:35:42.152] [DEBUG] debug-file - Update task entry:default@PreBuild input file:K:\study\HarmonyOs\code\chenminghui_BattleCiity\build-profile.json5 cache by regenerate.
[2026-05-07T16:35:42.152] [DEBUG] debug-file - Update task entry:default@PreBuild input file:K:\study\HarmonyOs\code\chenminghui_BattleCiity\entry\build-profile.json5 cache by regenerate.
[2026-05-07T16:35:42.153] [DEBUG] debug-file - Update task entry:default@PreBuild input file:K:\study\HarmonyOs\code\chenminghui_BattleCiity\entry\src\main\resources\base\profile\main_pages.json cache by regenerate.
[2026-05-07T16:35:42.153] [DEBUG] debug-file - Update task entry:default@PreBuild input file:K:\study\HarmonyOs\code\chenminghui_BattleCiity\hvigor\hvigor-config.json5 cache by regenerate.
[2026-05-07T16:35:42.153] [DEBUG] debug-file - Update task entry:default@PreBuild input file:K:\study\HarmonyOs\code\chenminghui_BattleCiity\entry\oh-package.json5 cache by regenerate.
[2026-05-07T16:35:42.153] [DEBUG] debug-file - Update task entry:default@PreBuild input file:K:\study\HarmonyOs\code\chenminghui_BattleCiity\oh-package.json5 cache by regenerate.
[2026-05-07T16:35:42.154] [DEBUG] debug-file - Incremental task entry:default@PreBuild post-execution cost:4 ms .
[2026-05-07T16:35:42.154] [DEBUG] debug-file - Update task entry:default@CreateModuleInfo output file:K:\study\HarmonyOs\code\chenminghui_BattleCiity\entry\build\default\generated\profile\default\ModuleInfo.ts cache.
[2026-05-07T16:35:42.154] [DEBUG] debug-file - Incremental task entry:default@CreateModuleInfo post-execution cost:1 ms .
[2026-05-07T16:35:42.154] [DEBUG] debug-file - Update task entry:default@GenerateMetadata input file:K:\study\HarmonyOs\code\chenminghui_BattleCiity\entry\src\main\module.json5 cache by regenerate.
[2026-05-07T16:35:42.155] [DEBUG] debug-file - Update task entry:default@GenerateMetadata output file:K:\study\HarmonyOs\code\chenminghui_BattleCiity\entry\build\default\intermediates\hap_metadata\default\output_metadata.json cache.
[2026-05-07T16:35:42.155] [DEBUG] debug-file - Incremental task entry:default@GenerateMetadata post-execution cost:1 ms .
[2026-05-07T16:35:42.155] [DEBUG] debug-file - Update task entry:default@MergeProfile input file:K:\study\HarmonyOs\code\chenminghui_BattleCiity\AppScope\app.json5 cache by regenerate.
[2026-05-07T16:35:42.155] [DEBUG] debug-file - Update task entry:default@MergeProfile input file:K:\study\HarmonyOs\code\chenminghui_BattleCiity\build-profile.json5 cache by regenerate.
[2026-05-07T16:35:42.155] [DEBUG] debug-file - Update task entry:default@MergeProfile input file:K:\study\HarmonyOs\code\chenminghui_BattleCiity\entry\src\main\module.json5 cache by regenerate.
[2026-05-07T16:35:42.156] [DEBUG] debug-file - Update task entry:default@MergeProfile output file:K:\study\HarmonyOs\code\chenminghui_BattleCiity\entry\build\default\intermediates\merge_profile\default\module.json cache.
[2026-05-07T16:35:42.156] [DEBUG] debug-file - Incremental task entry:default@MergeProfile post-execution cost:2 ms .
[2026-05-07T16:35:42.156] [DEBUG] debug-file - Update task entry:default@CreateBuildProfile input file:K:\study\HarmonyOs\code\chenminghui_BattleCiity\AppScope\app.json5 cache by regenerate.
[2026-05-07T16:35:42.156] [DEBUG] debug-file - Update task entry:default@CreateBuildProfile input file:K:\study\HarmonyOs\code\chenminghui_BattleCiity\build-profile.json5 cache by regenerate.
[2026-05-07T16:35:42.156] [DEBUG] debug-file - Update task entry:default@CreateBuildProfile output file:K:\study\HarmonyOs\code\chenminghui_BattleCiity\entry\build\default\generated\profile\default\BuildProfile.ets cache.
[2026-05-07T16:35:42.157] [DEBUG] debug-file - Incremental task entry:default@CreateBuildProfile post-execution cost:1 ms .
[2026-05-07T16:35:42.157] [DEBUG] debug-file - Update task entry:default@GeneratePkgContextInfo output file:K:\study\HarmonyOs\code\chenminghui_BattleCiity\entry\build\default\intermediates\loader\default\pkgContextInfo.json cache.
[2026-05-07T16:35:42.157] [DEBUG] debug-file - Incremental task entry:default@GeneratePkgContextInfo post-execution cost:1 ms .
[2026-05-07T16:35:42.157] [DEBUG] debug-file - Update task entry:default@ProcessIntegratedHsp output file:K:\study\HarmonyOs\code\chenminghui_BattleCiity\build\cache\default\integrated_hsp\integratedHspCache.json cache.
[2026-05-07T16:35:42.157] [DEBUG] debug-file - Incremental task entry:default@ProcessIntegratedHsp post-execution cost:1 ms .
[2026-05-07T16:35:42.157] [DEBUG] debug-file - Update task entry:default@MakePackInfo input file:K:\study\HarmonyOs\code\chenminghui_BattleCiity\AppScope\app.json5 cache by regenerate.
[2026-05-07T16:35:42.158] [DEBUG] debug-file - Update task entry:default@MakePackInfo input file:K:\study\HarmonyOs\code\chenminghui_BattleCiity\entry\src\main\module.json5 cache by regenerate.
[2026-05-07T16:35:42.158] [DEBUG] debug-file - Update task entry:default@MakePackInfo input file:K:\study\HarmonyOs\code\chenminghui_BattleCiity\build-profile.json5 cache by regenerate.
[2026-05-07T16:35:42.158] [DEBUG] debug-file - Update task entry:default@MakePackInfo output file:K:\study\HarmonyOs\code\chenminghui_BattleCiity\entry\build\default\outputs\default\pack.info cache.
[2026-05-07T16:35:42.158] [DEBUG] debug-file - Incremental task entry:default@MakePackInfo post-execution cost:1 ms .
[2026-05-07T16:35:42.158] [DEBUG] debug-file - Update task entry:default@SyscapTransform input file:K:\study\HarmonyOs\software\DevEcoStudio\DevEco Studio\sdk\default\openharmony\toolchains\syscap_tool.exe cache by regenerate.
[2026-05-07T16:35:42.159] [DEBUG] debug-file - Update task entry:default@SyscapTransform input file:K:\study\HarmonyOs\software\DevEcoStudio\DevEco Studio\sdk\default\openharmony\ets\api\device-define cache by regenerate.
[2026-05-07T16:35:42.159] [DEBUG] debug-file - Update task entry:default@SyscapTransform output file:K:\study\HarmonyOs\code\chenminghui_BattleCiity\entry\build\default\intermediates\syscap\default\rpcid.sc cache.
[2026-05-07T16:35:42.160] [DEBUG] debug-file - Incremental task entry:default@SyscapTransform post-execution cost:2 ms .
[2026-05-07T16:35:42.160] [DEBUG] debug-file - Update task entry:default@ProcessProfile input file:K:\study\HarmonyOs\code\chenminghui_BattleCiity\entry\build\default\intermediates\merge_profile\default\module.json cache by regenerate.
[2026-05-07T16:35:42.160] [DEBUG] debug-file - Update task entry:default@ProcessProfile output file:K:\study\HarmonyOs\code\chenminghui_BattleCiity\entry\build\default\intermediates\process_profile\default\module.json cache.
[2026-05-07T16:35:42.160] [DEBUG] debug-file - Incremental task entry:default@ProcessProfile post-execution cost:1 ms .
[2026-05-07T16:35:42.161] [DEBUG] debug-file - Update task entry:default@ProcessRouterMap input file:K:\study\HarmonyOs\code\chenminghui_BattleCiity\entry\oh-package.json5 cache by regenerate.
[2026-05-07T16:35:42.161] [DEBUG] debug-file - Update task entry:default@ProcessRouterMap input file:K:\study\HarmonyOs\code\chenminghui_BattleCiity\oh-package.json5 cache by regenerate.
[2026-05-07T16:35:42.161] [DEBUG] debug-file - Update task entry:default@ProcessRouterMap input file:K:\study\HarmonyOs\code\chenminghui_BattleCiity\entry\src\main\module.json5 cache by regenerate.
[2026-05-07T16:35:42.162] [DEBUG] debug-file - Update task entry:default@ProcessRouterMap output file:K:\study\HarmonyOs\code\chenminghui_BattleCiity\entry\build\default\intermediates\router_map\default\temp-router-map.json cache.
[2026-05-07T16:35:42.162] [DEBUG] debug-file - Update task entry:default@ProcessRouterMap output file:K:\study\HarmonyOs\code\chenminghui_BattleCiity\entry\build\default\intermediates\router_map\default\loader-router-map.json cache.
[2026-05-07T16:35:42.162] [DEBUG] debug-file - Incremental task entry:default@ProcessRouterMap post-execution cost:2 ms .
[2026-05-07T16:35:42.163] [DEBUG] debug-file - Update task entry:default@ProcessShareConfig input file:K:\study\HarmonyOs\code\chenminghui_BattleCiity\entry\oh-package.json5 cache by regenerate.
[2026-05-07T16:35:42.163] [DEBUG] debug-file - Update task entry:default@ProcessShareConfig input file:K:\study\HarmonyOs\code\chenminghui_BattleCiity\oh-package.json5 cache by regenerate.
[2026-05-07T16:35:42.163] [DEBUG] debug-file - Update task entry:default@ProcessShareConfig input file:K:\study\HarmonyOs\code\chenminghui_BattleCiity\entry\src\main\module.json5 cache by regenerate.
[2026-05-07T16:35:42.163] [DEBUG] debug-file - Update task entry:default@ProcessShareConfig output file:K:\study\HarmonyOs\code\chenminghui_BattleCiity\entry\build\default\intermediates\share_config\default\temp-share-config.json cache.
[2026-05-07T16:35:42.164] [DEBUG] debug-file - Incremental task entry:default@ProcessShareConfig post-execution cost:2 ms .
[2026-05-07T16:35:42.164] [DEBUG] debug-file - Update task entry:default@ProcessStartupConfig output file:K:\study\HarmonyOs\code\chenminghui_BattleCiity\entry\build\default\intermediates\startup\default\startup_config.json cache.
[2026-05-07T16:35:42.164] [DEBUG] debug-file - Incremental task entry:default@ProcessStartupConfig post-execution cost:1 ms .
[2026-05-07T16:35:42.164] [DEBUG] debug-file - Update task entry:default@ProcessResource output file:K:\study\HarmonyOs\code\chenminghui_BattleCiity\entry\build\default\intermediates\res\default\resConfig.json cache.
[2026-05-07T16:35:42.164] [DEBUG] debug-file - Update task entry:default@ProcessResource output file:K:\study\HarmonyOs\code\chenminghui_BattleCiity\entry\build\default\intermediates\res\default\opt-compression.json cache.
[2026-05-07T16:35:42.164] [DEBUG] debug-file - Incremental task entry:default@ProcessResource post-execution cost:1 ms .
[2026-05-07T16:35:42.165] [DEBUG] debug-file - Update task entry:default@GenerateLoaderJson input file:K:\study\HarmonyOs\code\chenminghui_BattleCiity\entry\build\default\intermediates\router_map\default\temp-router-map.json cache by regenerate.
[2026-05-07T16:35:42.165] [DEBUG] debug-file - Update task entry:default@GenerateLoaderJson output file:K:\study\HarmonyOs\code\chenminghui_BattleCiity\entry\build\default\intermediates\loader\default\loader.json cache.
[2026-05-07T16:35:42.166] [DEBUG] debug-file - Incremental task entry:default@GenerateLoaderJson post-execution cost:2 ms .
[2026-05-07T16:35:42.166] [DEBUG] debug-file - Update task entry:default@ProcessLibs input file:K:\study\HarmonyOs\code\chenminghui_BattleCiity\build-profile.json5 cache by regenerate.
[2026-05-07T16:35:42.166] [DEBUG] debug-file - Update task entry:default@ProcessLibs input file:K:\study\HarmonyOs\code\chenminghui_BattleCiity\entry\build-profile.json5 cache by regenerate.
[2026-05-07T16:35:42.166] [DEBUG] debug-file - Update task entry:default@ProcessLibs output file:K:\study\HarmonyOs\code\chenminghui_BattleCiity\entry\build\default\intermediates\libs\default cache.
[2026-05-07T16:35:42.167] [DEBUG] debug-file - Incremental task entry:default@ProcessLibs post-execution cost:1 ms .
[2026-05-07T16:35:42.168] [DEBUG] debug-file - Update task entry:default@CompileResource input file:K:\study\HarmonyOs\code\chenminghui_BattleCiity\entry\src\main\resources cache by regenerate.
[2026-05-07T16:35:42.169] [DEBUG] debug-file - Update task entry:default@CompileResource input file:K:\study\HarmonyOs\code\chenminghui_BattleCiity\AppScope\resources cache by regenerate.
[2026-05-07T16:35:42.170] [DEBUG] debug-file - Update task entry:default@CompileResource input file:K:\study\HarmonyOs\code\chenminghui_BattleCiity\entry\build\default\intermediates\process_profile\default\module.json cache by regenerate.
[2026-05-07T16:35:42.170] [DEBUG] debug-file - Update task entry:default@CompileResource input file:K:\study\HarmonyOs\code\chenminghui_BattleCiity\entry\build\default\intermediates\res\default\resConfig.json cache by regenerate.
[2026-05-07T16:35:42.170] [DEBUG] debug-file - Update task entry:default@CompileResource output file:K:\study\HarmonyOs\code\chenminghui_BattleCiity\entry\build\default\intermediates\res\default cache.
[2026-05-07T16:35:42.172] [DEBUG] debug-file - Update task entry:default@CompileResource output file:K:\study\HarmonyOs\code\chenminghui_BattleCiity\entry\build\default\generated\r\default\ResourceTable.h cache.
[2026-05-07T16:35:42.172] [DEBUG] debug-file - Update task entry:default@CompileResource output file:K:\study\HarmonyOs\code\chenminghui_BattleCiity\entry\build\default\generated\r\default cache.
[2026-05-07T16:35:42.173] [DEBUG] debug-file - Incremental task entry:default@CompileResource post-execution cost:7 ms .
[2026-05-07T16:35:42.173] [DEBUG] debug-file - Update task entry:default@DoNativeStrip input file:K:\study\HarmonyOs\code\chenminghui_BattleCiity\entry\build\default\intermediates\libs\default cache by regenerate.
[2026-05-07T16:35:42.173] [DEBUG] debug-file - Update task entry:default@DoNativeStrip output file:K:\study\HarmonyOs\code\chenminghui_BattleCiity\entry\build\default\intermediates\stripped_native_libs\default cache.
[2026-05-07T16:35:42.173] [DEBUG] debug-file - Incremental task entry:default@DoNativeStrip post-execution cost:1 ms .
[2026-05-07T16:35:42.174] [DEBUG] debug-file - Update task entry:default@CompileArkTS input file:K:\study\HarmonyOs\code\chenminghui_BattleCiity\entry\build\default\intermediates\loader\default cache by regenerate.
[2026-05-07T16:35:42.175] [DEBUG] debug-file - Update task entry:default@CompileArkTS input file:K:\study\HarmonyOs\code\chenminghui_BattleCiity\entry\build\default\intermediates\res\default\ResourceTable.txt cache by regenerate.
[2026-05-07T16:35:42.175] [DEBUG] debug-file - Update task entry:default@CompileArkTS input file:K:\study\HarmonyOs\code\chenminghui_BattleCiity\entry\build\default\intermediates\res\default\ark_module.json cache by regenerate.
[2026-05-07T16:35:42.175] [DEBUG] debug-file - Update task entry:default@CompileArkTS input file:K:\study\HarmonyOs\code\chenminghui_BattleCiity\entry\build\default\intermediates\res\default\resources\base\profile cache by regenerate.
[2026-05-07T16:35:42.176] [DEBUG] debug-file - Update task entry:default@CompileArkTS input file:K:\study\HarmonyOs\code\chenminghui_BattleCiity\entry\src\main\ets cache by regenerate.
[2026-05-07T16:35:42.177] [DEBUG] debug-file - Update task entry:default@CompileArkTS input file:K:\study\HarmonyOs\code\chenminghui_BattleCiity\entry\build\default\generated\profile\default\BuildProfile.ets cache by regenerate.
[2026-05-07T16:35:42.178] [DEBUG] debug-file - Update task entry:default@CompileArkTS output file:K:\study\HarmonyOs\code\chenminghui_BattleCiity\entry\build\default\intermediates\loader_out\default\ets cache.
[2026-05-07T16:35:42.178] [DEBUG] debug-file - Incremental task entry:default@CompileArkTS post-execution cost:5 ms .
[2026-05-07T16:35:42.179] [DEBUG] debug-file - Update task entry:default@BuildJS input file:K:\study\HarmonyOs\code\chenminghui_BattleCiity\entry\build\default\intermediates\loader\default cache by regenerate.
[2026-05-07T16:35:42.180] [DEBUG] debug-file - Update task entry:default@BuildJS input file:K:\study\HarmonyOs\code\chenminghui_BattleCiity\entry\build\default\intermediates\res\default\ResourceTable.txt cache by regenerate.
[2026-05-07T16:35:42.180] [DEBUG] debug-file - Update task entry:default@BuildJS input file:K:\study\HarmonyOs\code\chenminghui_BattleCiity\entry\build\default\intermediates\res\default\ark_module.json cache by regenerate.
[2026-05-07T16:35:42.180] [DEBUG] debug-file - Update task entry:default@BuildJS input file:K:\study\HarmonyOs\code\chenminghui_BattleCiity\entry\build\default\intermediates\res\default\resources\base\profile cache by regenerate.
[2026-05-07T16:35:42.180] [DEBUG] debug-file - Update task entry:default@BuildJS output file:K:\study\HarmonyOs\code\chenminghui_BattleCiity\entry\build\default\intermediates\loader_out\default\js cache.
[2026-05-07T16:35:42.181] [DEBUG] debug-file - Incremental task entry:default@BuildJS post-execution cost:3 ms .
[2026-05-07T16:35:42.181] [DEBUG] debug-file - Update task entry:default@CacheNativeLibs input file:K:\study\HarmonyOs\code\chenminghui_BattleCiity\entry\build\default\intermediates\stripped_native_libs\default cache by regenerate.
[2026-05-07T16:35:42.181] [DEBUG] debug-file - Update task entry:default@CacheNativeLibs input file:K:\study\HarmonyOs\code\chenminghui_BattleCiity\entry\build\default\intermediates\libs\default cache by regenerate.
[2026-05-07T16:35:42.181] [DEBUG] debug-file - Update task entry:default@CacheNativeLibs output file:K:\study\HarmonyOs\code\chenminghui_BattleCiity\entry\build\default\intermediates\patch\default\base_native_libs.json cache.
[2026-05-07T16:35:42.182] [DEBUG] debug-file - Incremental task entry:default@CacheNativeLibs post-execution cost:1 ms .
[2026-05-07T16:35:42.182] [DEBUG] debug-file - Update task entry:default@GeneratePkgModuleJson input file:K:\study\HarmonyOs\code\chenminghui_BattleCiity\entry\build\default\intermediates\res\default\module.json cache by regenerate.
[2026-05-07T16:35:42.182] [DEBUG] debug-file - Update task entry:default@GeneratePkgModuleJson output file:K:\study\HarmonyOs\code\chenminghui_BattleCiity\entry\build\default\intermediates\package\default\module.json cache.
[2026-05-07T16:35:42.182] [DEBUG] debug-file - Incremental task entry:default@GeneratePkgModuleJson post-execution cost:1 ms .
[2026-05-07T16:35:42.182] [DEBUG] debug-file - Incremental task entry:default@ProcessCompiledResources post-execution cost:1 ms .
[2026-05-07T16:35:42.182] [DEBUG] debug-file - Update task entry:default@PackageHap input file:K:\study\HarmonyOs\code\chenminghui_BattleCiity\entry\build\default\intermediates\stripped_native_libs\default cache by regenerate.
[2026-05-07T16:35:42.182] [DEBUG] debug-file - Update task entry:default@PackageHap input file:K:\study\HarmonyOs\code\chenminghui_BattleCiity\entry\build\default\intermediates\res\default\module.json cache by regenerate.
[2026-05-07T16:35:42.183] [DEBUG] debug-file - Update task entry:default@PackageHap input file:K:\study\HarmonyOs\code\chenminghui_BattleCiity\entry\build\default\intermediates\res\default\resources cache by regenerate.
[2026-05-07T16:35:42.185] [DEBUG] debug-file - Update task entry:default@PackageHap input file:K:\study\HarmonyOs\code\chenminghui_BattleCiity\entry\build\default\intermediates\res\default\resources.index cache by regenerate.
[2026-05-07T16:35:42.185] [DEBUG] debug-file - Update task entry:default@PackageHap input file:K:\study\HarmonyOs\code\chenminghui_BattleCiity\entry\build\default\outputs\default\pack.info cache by regenerate.
[2026-05-07T16:35:42.185] [DEBUG] debug-file - Update task entry:default@PackageHap input file:K:\study\HarmonyOs\code\chenminghui_BattleCiity\entry\build\default\intermediates\loader_out\default\ets cache by regenerate.
[2026-05-07T16:35:42.185] [DEBUG] debug-file - Update task entry:default@PackageHap input file:K:\study\HarmonyOs\code\chenminghui_BattleCiity\entry\build\default\intermediates\loader_out\default\ets\sourceMaps.map cache by regenerate.
[2026-05-07T16:35:42.186] [DEBUG] debug-file - Update task entry:default@PackageHap input file:K:\study\HarmonyOs\code\chenminghui_BattleCiity\entry\build\default\generated\profile\default\BuildProfile.ets cache by regenerate.
[2026-05-07T16:35:42.186] [DEBUG] debug-file - Update task entry:default@PackageHap output file:K:\study\HarmonyOs\code\chenminghui_BattleCiity\entry\build\default\outputs\default\entry-default-unsigned.hap cache.
[2026-05-07T16:35:42.186] [DEBUG] debug-file - Update task entry:default@PackageHap output file:K:\study\HarmonyOs\code\chenminghui_BattleCiity\entry\build\default\intermediates\source_map\default\sourceMaps.map cache.
[2026-05-07T16:35:42.186] [DEBUG] debug-file - Update task entry:default@PackageHap output file:K:\study\HarmonyOs\code\chenminghui_BattleCiity\entry\build\default\outputs\default\mapping\sourceMaps.map cache.
[2026-05-07T16:35:42.187] [DEBUG] debug-file - Incremental task entry:default@PackageHap post-execution cost:5 ms .
[2026-05-07T16:35:42.187] [DEBUG] debug-file - Update task entry:default@SignHap input file:K:\study\HarmonyOs\code\chenminghui_BattleCiity\entry\build\default\outputs\default\entry-default-unsigned.hap cache by regenerate.
[2026-05-07T16:35:42.187] [DEBUG] debug-file - Update task entry:default@SignHap output file:K:\study\HarmonyOs\code\chenminghui_BattleCiity\entry\build\default\outputs\default\entry-default-signed.hap cache.
[2026-05-07T16:35:42.187] [DEBUG] debug-file - Incremental task entry:default@SignHap post-execution cost:1 ms .
[2026-05-07T16:35:42.188] [DEBUG] debug-file - Update task entry:default@CollectDebugSymbol input file:K:\study\HarmonyOs\code\chenminghui_BattleCiity\entry\build\default\intermediates\loader_out\default\ets\sourceMaps.map cache by regenerate.
[2026-05-07T16:35:42.188] [DEBUG] debug-file - Update task entry:default@CollectDebugSymbol input file:K:\study\HarmonyOs\code\chenminghui_BattleCiity\entry\build\default\intermediates\libs\default cache by regenerate.
[2026-05-07T16:35:42.188] [DEBUG] debug-file - Update task entry:default@CollectDebugSymbol output file:K:\study\HarmonyOs\code\chenminghui_BattleCiity\entry\build\default\outputs\default\symbol cache.
[2026-05-07T16:35:42.188] [DEBUG] debug-file - Incremental task entry:default@CollectDebugSymbol post-execution cost:1 ms .
[2026-05-07T16:35:42.206] [DEBUG] debug-file - Cleanup worker 0.
[2026-05-07T16:35:42.206] [DEBUG] debug-file - Worker 0 has been cleaned up.
[2026-05-07T16:35:42.206] [DEBUG] debug-file - Current idle worker size: 4.
[2026-05-07T16:35:42.206] [DEBUG] debug-file - Current resident worker size: 5.
[2026-05-07T16:35:42.206] [DEBUG] debug-file - Cleanup worker 1.
[2026-05-07T16:35:42.207] [DEBUG] debug-file - Worker 1 has been cleaned up.
[2026-05-07T16:35:42.207] [DEBUG] debug-file - Current idle worker size: 3.
[2026-05-07T16:35:42.207] [DEBUG] debug-file - Current resident worker size: 5.
[2026-05-07T16:35:42.207] [DEBUG] debug-file - Cleanup worker 18.
[2026-05-07T16:35:42.207] [DEBUG] debug-file - Worker 18 has been cleaned up.
[2026-05-07T16:35:42.207] [DEBUG] debug-file - Current idle worker size: 2.
[2026-05-07T16:35:42.207] [DEBUG] debug-file - Current resident worker size: 5.
[2026-05-07T16:35:42.207] [DEBUG] debug-file - Cleanup worker 17.
[2026-05-07T16:35:42.207] [DEBUG] debug-file - Worker 17 has been cleaned up.
[2026-05-07T16:35:42.207] [DEBUG] debug-file - Current idle worker size: 1.
[2026-05-07T16:35:42.207] [DEBUG] debug-file - Current resident worker size: 5.
[2026-05-07T16:35:42.211] [DEBUG] debug-file - session manager: send message to worker process.
[2026-05-07T16:35:42.211] [DEBUG] debug-file - session manager: send message to worker process.
[2026-05-07T16:35:42.208] [DEBUG] debug-file - hvigor build process will be closed.
[2026-05-07T16:35:42.209] [DEBUG] debug-file - java daemon socket close code:1000 reason:close by user
[2026-05-07T16:35:42.211] [DEBUG] debug-file - watch worker: worker id should be larger than 0. Nothing will be sent to any worker thread.
[2026-05-07T16:35:42.212] [DEBUG] debug-file - watch worker: worker id should be larger than 0. Nothing will be sent to any worker thread.
[2026-05-07T16:35:42.213] [DEBUG] debug-file - worker[0] exits with exit code 1.
[2026-05-07T16:35:42.214] [DEBUG] debug-file - worker[1] exits with exit code 1.
[2026-05-07T16:35:42.218] [DEBUG] debug-file - worker[18] exits with exit code 1.
[2026-05-07T16:35:42.218] [DEBUG] debug-file - worker[17] exits with exit code 1.
[2026-05-07T17:17:53.814] [DEBUG] debug-file - session manager: set active socket. socketId=36bErtAPg_och6G2AAAD
[2026-05-07T17:17:53.819] [DEBUG] debug-file - watch worker: worker id should be larger than 0. Nothing will be sent to any worker thread.
[2026-05-07T17:17:53.822] [DEBUG] debug-file - Workers' log level updated to INFO
[2026-05-07T17:17:53.826] [DEBUG] debug-file - Hvigor init with startParameters:{
  hvigorfileTypeCheck: false,
  parallelExecution: true,
  incrementalExecution: true,
  printStackTrace: false,
  daemon: true,
  analyze: 0,
  logLevel: Level { level: 20000, levelStr: 'INFO', colour: 'green' },
  optimizationStrategy: 'memory',
  hotCompile: undefined,
  hotReloadBuild: undefined,
  customizedParam: undefined
}
[2026-05-07T17:17:53.829] [DEBUG] debug-file - Cache service initialization finished in 3 ms 
[2026-05-07T17:17:53.830] [DEBUG] debug-file - hvigorfile, resolving K:\study\HarmonyOs\code\chenminghui_BattleCiity\hvigorfile.ts
[2026-05-07T17:17:53.836] [DEBUG] debug-file - hvigorfile, require result:  { default: { plugins: [] } }
[2026-05-07T17:17:53.836] [DEBUG] debug-file - hvigorfile, binding system plugins null
[2026-05-07T17:17:53.836] [DEBUG] debug-file - Starting plugin build process
[2026-05-07T17:17:53.836] [DEBUG] debug-file - App plugin prepare start...
[2026-05-07T17:17:53.836] [DEBUG] debug-file - App plugin prepare end...
[2026-05-07T17:17:53.836] [DEBUG] debug-file - App plugin creating...
[2026-05-07T17:17:53.841] [DEBUG] debug-file - App plugin register hook start...
[2026-05-07T17:17:53.841] [DEBUG] debug-file - App plugin register hook end...
[2026-05-07T17:17:53.841] [DEBUG] debug-file - Plugin build process completed
[2026-05-07T17:17:53.841] [DEBUG] debug-file - Start initialize project's product build option map with build mode debug.
[2026-05-07T17:17:53.841] [DEBUG] debug-file - Picking option from product 'default' with build mode 'debug'.
[2026-05-07T17:17:53.842] [DEBUG] debug-file - Product 'default' build option initialized
[2026-05-07T17:17:53.842] [DEBUG] debug-file - End initialize project's product build option map with build mode 'debug'.
[2026-05-07T17:17:53.842] [DEBUG] debug-file - Obtain build option for product 'default'in this build.
[2026-05-07T17:17:53.843] [DEBUG] debug-file - No signingConfig found, initRemoteHspCache failed.
[2026-05-07T17:17:53.847] [DEBUG] debug-file - Start recording SDK configuration permission data.
[2026-05-07T17:17:53.880] [DEBUG] debug-file - Sdk init in 37 ms 
[2026-05-07T17:17:53.884] [DEBUG] debug-file - Project task initialization takes 4 ms 
[2026-05-07T17:17:53.885] [DEBUG] debug-file - hvigorfile, binding custom plugins []
[2026-05-07T17:17:53.885] [DEBUG] debug-file - hvigorfile, no custom plugins were found in K:\study\HarmonyOs\code\chenminghui_BattleCiity\hvigorfile.ts
[2026-05-07T17:17:53.885] [DEBUG] debug-file - hvigorfile, resolve finished K:\study\HarmonyOs\code\chenminghui_BattleCiity\hvigorfile.ts
[2026-05-07T17:17:53.885] [DEBUG] debug-file - hvigorfile, resolving K:\study\HarmonyOs\code\chenminghui_BattleCiity\entry\hvigorfile.ts
[2026-05-07T17:17:53.888] [DEBUG] debug-file - hvigorfile, require result:  { default: { plugins: [] } }
[2026-05-07T17:17:53.888] [DEBUG] debug-file - hvigorfile, binding system plugins null
[2026-05-07T17:17:53.888] [DEBUG] debug-file - Starting plugin build process
[2026-05-07T17:17:53.889] [DEBUG] debug-file - Hap plugin creating...
[2026-05-07T17:17:53.890] [DEBUG] debug-file - failed to load cangjie to dynamically generate schemas: Error: Cannot find module '@ohos/cangjie-build-support/index'
Require stack:
- K:\study\HarmonyOs\software\DevEcoStudio\DevEco Studio\tools\hvigor\hvigor-ohos-plugin\src\plugin\hooks\cangjie-register.js
- K:\study\HarmonyOs\software\DevEcoStudio\DevEco Studio\tools\hvigor\hvigor-ohos-plugin\src\plugin\strategy\stage-init-strategy.js
- K:\study\HarmonyOs\software\DevEcoStudio\DevEco Studio\tools\hvigor\hvigor-ohos-plugin\src\plugin\builder\abstract-plugin-builder.js
- K:\study\HarmonyOs\software\DevEcoStudio\DevEco Studio\tools\hvigor\hvigor-ohos-plugin\src\plugin\builder\app-plugin-builder.js
- K:\study\HarmonyOs\software\DevEcoStudio\DevEco Studio\tools\hvigor\hvigor-ohos-plugin\src\plugin\factory\plugin-factory.js
- K:\study\HarmonyOs\software\DevEcoStudio\DevEco Studio\tools\hvigor\hvigor-ohos-plugin\index.js
- K:\study\HarmonyOs\code\chenminghui_BattleCiity\hvigorfile.ts
- K:\study\HarmonyOs\software\DevEcoStudio\DevEco Studio\tools\hvigor\hvigor\src\base\internal\lifecycle\configuration.js
- K:\study\HarmonyOs\software\DevEcoStudio\DevEco Studio\tools\hvigor\hvigor\src\base\boot\index.js
- K:\study\HarmonyOs\software\DevEcoStudio\DevEco Studio\tools\hvigor\hvigor\src\base\daemon\cluster\worker-process-lifecycle.js
- K:\study\HarmonyOs\software\DevEcoStudio\DevEco Studio\tools\hvigor\hvigor\src\base\daemon\process\daemon-process-boot-script.js
[2026-05-07T17:17:53.895] [DEBUG] debug-file - Start initialize module-target build option map, moduleName=entry, buildMode=release
[2026-05-07T17:17:53.895] [DEBUG] debug-file - Target 'default' config initialized
[2026-05-07T17:17:53.895] [DEBUG] debug-file - Module 'entry' target 'default' build option initialized
[2026-05-07T17:17:53.895] [DEBUG] debug-file - End initialize module-target build option map, moduleName=entry
[2026-05-07T17:17:53.895] [DEBUG] debug-file - Start initialize module-target build option map, moduleName=entry, buildMode=debug
[2026-05-07T17:17:53.895] [DEBUG] debug-file - Target 'default' config initialized
[2026-05-07T17:17:53.895] [DEBUG] debug-file - Module 'entry' target 'default' build option initialized
[2026-05-07T17:17:53.895] [DEBUG] debug-file - End initialize module-target build option map, moduleName=entry
[2026-05-07T17:17:53.895] [DEBUG] debug-file - Start initialize module-target build option map, moduleName=entry, buildMode=debug
[2026-05-07T17:17:53.896] [DEBUG] debug-file - Target 'default' config initialized
[2026-05-07T17:17:53.896] [DEBUG] debug-file - Module 'entry' target 'default' build option initialized
[2026-05-07T17:17:53.896] [DEBUG] debug-file - End initialize module-target build option map, moduleName=entry
[2026-05-07T17:17:53.896] [DEBUG] debug-file - Obtain build option for module 'entry' target 'default'in this build.
[2026-05-07T17:17:53.897] [DEBUG] debug-file - Module entry task initialization takes 1 ms 
[2026-05-07T17:17:53.897] [DEBUG] debug-file - Hap plugin register hook start...
[2026-05-07T17:17:53.897] [DEBUG] debug-file - Hap plugin register hook end...
[2026-05-07T17:17:53.897] [DEBUG] debug-file - Plugin build process completed
[2026-05-07T17:17:53.897] [DEBUG] debug-file - hvigorfile, binding custom plugins []
[2026-05-07T17:17:53.897] [DEBUG] debug-file - hvigorfile, no custom plugins were found in K:\study\HarmonyOs\code\chenminghui_BattleCiity\entry\hvigorfile.ts
[2026-05-07T17:17:53.897] [DEBUG] debug-file - hvigorfile, resolve finished K:\study\HarmonyOs\code\chenminghui_BattleCiity\entry\hvigorfile.ts
[2026-05-07T17:17:53.917] [DEBUG] debug-file - hvigorfile, resolve hvigorfile dependencies in 20 ms 
[2026-05-07T17:17:53.918] [DEBUG] debug-file - project has submodules:entry
[2026-05-07T17:17:53.919] [DEBUG] debug-file - start to load updatedOhPackageInfo to the disk
[2026-05-07T17:17:53.923] [DEBUG] debug-file - load to the disk finished
[2026-05-07T17:17:53.924] [DEBUG] debug-file - Start to initialize dependency information.
[2026-05-07T17:17:53.925] [DEBUG] debug-file - Module chenminghui_BattleCiity Collected Dependency: 
[2026-05-07T17:17:53.925] [DEBUG] debug-file - Module chenminghui_BattleCiity's total dependency: 0
[2026-05-07T17:17:53.926] [DEBUG] debug-file - Start to initialize dependency information.
[2026-05-07T17:17:53.927] [DEBUG] debug-file - Module entry Collected Dependency: 
[2026-05-07T17:17:53.927] [DEBUG] debug-file - Module entry's total dependency: 0
[2026-05-07T17:17:53.929] [DEBUG] debug-file - Configuration phase cost:100 ms 
[2026-05-07T17:17:53.930] [DEBUG] debug-file - Configuration task cost before running: 108 ms 
[2026-05-07T17:17:53.933] [DEBUG] debug-file - Executing task :entry:default@PreBuild
[2026-05-07T17:17:53.933] [DEBUG] debug-file - Task 'entry:default@PreBuild' cost while wrapping incremental declarations: 1 ms 
[2026-05-07T17:17:53.938] [DEBUG] debug-file - Incremental task entry:default@PreBuild pre-execution cost: 4 ms .
[2026-05-07T17:17:53.938] [DEBUG] debug-file - entry : default@PreBuild cost memory 0.31539154052734375
[2026-05-07T17:17:53.939] [INFO] debug-file - UP-TO-DATE :entry:default@PreBuild...  
[2026-05-07T17:17:53.940] [DEBUG] debug-file - Executing task :entry:default@CreateModuleInfo
[2026-05-07T17:17:53.940] [DEBUG] debug-file - Task 'entry:default@CreateModuleInfo' cost while wrapping incremental declarations: 1 ms 
[2026-05-07T17:17:53.941] [DEBUG] debug-file - entry : default@CreateModuleInfo cost memory 0.042083740234375
[2026-05-07T17:17:53.941] [DEBUG] debug-file - runTaskFromQueue task cost before running: 118 ms 
[2026-05-07T17:17:53.941] [INFO] debug-file - Finished :entry:default@CreateModuleInfo... after 1 ms 
[2026-05-07T17:17:53.942] [DEBUG] debug-file - Executing task :entry:default@GenerateMetadata
[2026-05-07T17:17:53.942] [DEBUG] debug-file - Task 'entry:default@GenerateMetadata' cost while wrapping incremental declarations: 1 ms 
[2026-05-07T17:17:53.943] [DEBUG] debug-file - Incremental task entry:default@GenerateMetadata pre-execution cost: 1 ms .
[2026-05-07T17:17:53.943] [DEBUG] debug-file - entry : default@GenerateMetadata cost memory 0.08557891845703125
[2026-05-07T17:17:53.943] [INFO] debug-file - UP-TO-DATE :entry:default@GenerateMetadata...  
[2026-05-07T17:17:53.944] [DEBUG] debug-file - Executing task :entry:default@ConfigureCmake
[2026-05-07T17:17:53.944] [DEBUG] debug-file - entry : default@ConfigureCmake cost memory 0.0145416259765625
[2026-05-07T17:17:53.944] [DEBUG] debug-file - runTaskFromQueue task cost before running: 121 ms 
[2026-05-07T17:17:53.944] [INFO] debug-file - Finished :entry:default@ConfigureCmake... after 1 ms 
[2026-05-07T17:17:53.945] [DEBUG] debug-file - Executing task :entry:default@MergeProfile
[2026-05-07T17:17:53.945] [DEBUG] debug-file - Task 'entry:default@MergeProfile' cost while wrapping incremental declarations: 1 ms 
[2026-05-07T17:17:53.947] [DEBUG] debug-file - Incremental task entry:default@MergeProfile pre-execution cost: 2 ms .
[2026-05-07T17:17:53.947] [DEBUG] debug-file - entry : default@MergeProfile cost memory 0.1244049072265625
[2026-05-07T17:17:53.947] [INFO] debug-file - UP-TO-DATE :entry:default@MergeProfile...  
[2026-05-07T17:17:53.948] [DEBUG] debug-file - Executing task :entry:default@CreateBuildProfile
[2026-05-07T17:17:53.949] [DEBUG] debug-file - Task 'entry:default@CreateBuildProfile' cost while wrapping incremental declarations: 1 ms 
[2026-05-07T17:17:53.949] [DEBUG] debug-file - Incremental task entry:default@CreateBuildProfile pre-execution cost: 1 ms .
[2026-05-07T17:17:53.949] [DEBUG] debug-file - entry : default@CreateBuildProfile cost memory 0.09281158447265625
[2026-05-07T17:17:53.950] [INFO] debug-file - UP-TO-DATE :entry:default@CreateBuildProfile...  
[2026-05-07T17:17:53.950] [DEBUG] debug-file - Executing task :entry:default@PreCheckSyscap
[2026-05-07T17:17:53.951] [DEBUG] debug-file - entry : default@PreCheckSyscap cost memory -1.644805908203125
[2026-05-07T17:17:53.951] [DEBUG] debug-file - runTaskFromQueue task cost before running: 129 ms 
[2026-05-07T17:17:53.951] [INFO] debug-file - Finished :entry:default@PreCheckSyscap... after 1 ms 
[2026-05-07T17:17:53.953] [DEBUG] debug-file - Executing task :entry:default@GeneratePkgContextInfo
[2026-05-07T17:17:53.955] [DEBUG] debug-file - Task 'entry:default@GeneratePkgContextInfo' cost while wrapping incremental declarations: 1 ms 
[2026-05-07T17:17:53.955] [DEBUG] debug-file - entry : default@GeneratePkgContextInfo cost memory 0.2326812744140625
[2026-05-07T17:17:53.955] [DEBUG] debug-file - runTaskFromQueue task cost before running: 133 ms 
[2026-05-07T17:17:53.956] [INFO] debug-file - Finished :entry:default@GeneratePkgContextInfo... after 3 ms 
[2026-05-07T17:17:53.958] [DEBUG] debug-file - Executing task :entry:default@ProcessIntegratedHsp
[2026-05-07T17:17:53.958] [DEBUG] debug-file - entry:default@ProcessIntegratedHsp is not up-to-date, since the output file 'K:\study\HarmonyOs\code\chenminghui_BattleCiity\build\cache\default\integrated_hsp\integratedHspCache.json' does not exist.
[2026-05-07T17:17:53.958] [DEBUG] debug-file - Incremental task entry:default@ProcessIntegratedHsp pre-execution cost: 1 ms .
[2026-05-07T17:17:53.958] [DEBUG] debug-file - entry : default@ProcessIntegratedHsp cost memory 0.05816650390625
[2026-05-07T17:17:53.958] [DEBUG] debug-file - runTaskFromQueue task cost before running: 136 ms 
[2026-05-07T17:17:53.959] [INFO] debug-file - Finished :entry:default@ProcessIntegratedHsp... after 1 ms 
[2026-05-07T17:17:53.959] [DEBUG] debug-file - Executing task :entry:default@BuildNativeWithCmake
[2026-05-07T17:17:53.960] [DEBUG] debug-file - entry : default@BuildNativeWithCmake cost memory 0.0144805908203125
[2026-05-07T17:17:53.960] [DEBUG] debug-file - runTaskFromQueue task cost before running: 137 ms 
[2026-05-07T17:17:53.960] [INFO] debug-file - Finished :entry:default@BuildNativeWithCmake... after 1 ms 
[2026-05-07T17:17:53.961] [DEBUG] debug-file - Executing task :entry:default@MakePackInfo
[2026-05-07T17:17:53.962] [DEBUG] debug-file - Incremental task entry:default@MakePackInfo pre-execution cost: 1 ms .
[2026-05-07T17:17:53.962] [DEBUG] debug-file - entry : default@MakePackInfo cost memory 0.10302734375
[2026-05-07T17:17:53.962] [INFO] debug-file - UP-TO-DATE :entry:default@MakePackInfo...  
[2026-05-07T17:17:53.963] [DEBUG] debug-file - Executing task :entry:default@SyscapTransform
[2026-05-07T17:17:53.963] [DEBUG] debug-file - File: 'K:\study\HarmonyOs\code\chenminghui_BattleCiity\entry\src\main\syscap.json' from 'sysCapJsonPath' is not exists, just ignore.
[2026-05-07T17:17:53.963] [DEBUG] debug-file - Task 'entry:default@SyscapTransform' cost while wrapping incremental declarations: 1 ms 
[2026-05-07T17:17:53.964] [DEBUG] debug-file - entry:default@SyscapTransform is not up-to-date, since the output file 'K:\study\HarmonyOs\code\chenminghui_BattleCiity\entry\build\default\intermediates\syscap\default\rpcid.sc' does not exist.
[2026-05-07T17:17:53.964] [DEBUG] debug-file - Incremental task entry:default@SyscapTransform pre-execution cost: 2 ms .
[2026-05-07T17:17:53.964] [DEBUG] debug-file - entry : default@SyscapTransform cost memory 0.15448760986328125
[2026-05-07T17:17:53.965] [DEBUG] debug-file - runTaskFromQueue task cost before running: 142 ms 
[2026-05-07T17:17:53.965] [INFO] debug-file - Finished :entry:default@SyscapTransform... after 2 ms 
[2026-05-07T17:17:53.965] [DEBUG] debug-file - Executing task :entry:default@ProcessProfile
[2026-05-07T17:17:53.966] [DEBUG] debug-file - Task 'entry:default@ProcessProfile' cost while wrapping incremental declarations: 1 ms 
[2026-05-07T17:17:53.967] [DEBUG] debug-file - Incremental task entry:default@ProcessProfile pre-execution cost: 1 ms .
[2026-05-07T17:17:53.967] [DEBUG] debug-file - entry : default@ProcessProfile cost memory 0.12512969970703125
[2026-05-07T17:17:53.967] [INFO] debug-file - UP-TO-DATE :entry:default@ProcessProfile...  
[2026-05-07T17:17:53.968] [DEBUG] debug-file - Executing task :entry:default@ProcessRouterMap
[2026-05-07T17:17:53.970] [DEBUG] debug-file - Incremental task entry:default@ProcessRouterMap pre-execution cost: 2 ms .
[2026-05-07T17:17:53.970] [DEBUG] debug-file - entry : default@ProcessRouterMap cost memory -1.408172607421875
[2026-05-07T17:17:53.971] [INFO] debug-file - UP-TO-DATE :entry:default@ProcessRouterMap...  
[2026-05-07T17:17:53.972] [DEBUG] debug-file - Executing task :entry:default@ProcessShareConfig
[2026-05-07T17:17:53.973] [DEBUG] debug-file - Incremental task entry:default@ProcessShareConfig pre-execution cost: 1 ms .
[2026-05-07T17:17:53.973] [DEBUG] debug-file - entry : default@ProcessShareConfig cost memory 0.1125030517578125
[2026-05-07T17:17:53.973] [INFO] debug-file - UP-TO-DATE :entry:default@ProcessShareConfig...  
[2026-05-07T17:17:53.974] [DEBUG] debug-file - Executing task :entry:default@ProcessStartupConfig
[2026-05-07T17:17:53.974] [DEBUG] debug-file - Task 'entry:default@ProcessStartupConfig' cost while wrapping incremental declarations: 1 ms 
[2026-05-07T17:17:53.974] [DEBUG] debug-file - entry:default@ProcessStartupConfig is not up-to-date, since the output file 'K:\study\HarmonyOs\code\chenminghui_BattleCiity\entry\build\default\intermediates\startup\default\startup_config.json' does not exist.
[2026-05-07T17:17:53.974] [DEBUG] debug-file - Incremental task entry:default@ProcessStartupConfig pre-execution cost: 1 ms .
[2026-05-07T17:17:53.975] [DEBUG] debug-file - entry : default@ProcessStartupConfig cost memory 0.097259521484375
[2026-05-07T17:17:53.975] [DEBUG] debug-file - runTaskFromQueue task cost before running: 152 ms 
[2026-05-07T17:17:53.975] [INFO] debug-file - Finished :entry:default@ProcessStartupConfig... after 1 ms 
[2026-05-07T17:17:53.976] [DEBUG] debug-file - Executing task :entry:default@BuildNativeWithNinja
[2026-05-07T17:17:53.976] [DEBUG] debug-file - entry : default@BuildNativeWithNinja cost memory 0.088409423828125
[2026-05-07T17:17:53.976] [DEBUG] debug-file - runTaskFromQueue task cost before running: 154 ms 
[2026-05-07T17:17:53.976] [INFO] debug-file - Finished :entry:default@BuildNativeWithNinja... after 1 ms 
[2026-05-07T17:17:53.977] [DEBUG] debug-file - restool module names: entry; moduleName=entry, taskName=default@ProcessResource
[2026-05-07T17:17:53.978] [DEBUG] debug-file - Executing task :entry:default@ProcessResource
[2026-05-07T17:17:53.978] [DEBUG] debug-file - Task 'entry:default@ProcessResource' cost while wrapping incremental declarations: 1 ms 
[2026-05-07T17:17:53.979] [DEBUG] debug-file - Incremental task entry:default@ProcessResource pre-execution cost: 1 ms .
[2026-05-07T17:17:53.979] [DEBUG] debug-file - entry : default@ProcessResource cost memory 0.138916015625
[2026-05-07T17:17:53.980] [INFO] debug-file - UP-TO-DATE :entry:default@ProcessResource...  
[2026-05-07T17:17:53.981] [DEBUG] debug-file - Executing task :entry:default@GenerateLoaderJson
[2026-05-07T17:17:53.982] [DEBUG] debug-file - Task 'entry:default@GenerateLoaderJson' cost while wrapping incremental declarations: 1 ms 
[2026-05-07T17:17:53.986] [DEBUG] debug-file - entry:default@GenerateLoaderJson is not up-to-date, since the task snapshots are different.
[2026-05-07T17:17:53.986] [DEBUG] debug-file - Incremental task entry:default@GenerateLoaderJson pre-execution cost: 3 ms .
[2026-05-07T17:17:53.989] [DEBUG] debug-file - entry : default@GenerateLoaderJson cost memory 0.6019973754882812
[2026-05-07T17:17:53.989] [DEBUG] debug-file - runTaskFromQueue task cost before running: 166 ms 
[2026-05-07T17:17:53.993] [INFO] debug-file - Finished :entry:default@GenerateLoaderJson... after 8 ms 
[2026-05-07T17:17:53.994] [DEBUG] debug-file - Executing task :entry:default@ProcessLibs
[2026-05-07T17:17:53.995] [DEBUG] debug-file - Incremental task entry:default@ProcessLibs pre-execution cost: 1 ms .
[2026-05-07T17:17:53.995] [DEBUG] debug-file - entry : default@ProcessLibs cost memory 0.10562896728515625
[2026-05-07T17:17:53.995] [INFO] debug-file - UP-TO-DATE :entry:default@ProcessLibs...  
[2026-05-07T17:17:53.996] [DEBUG] debug-file - restool module names: entry; moduleName=entry, taskName=default@CompileResource
[2026-05-07T17:17:53.997] [DEBUG] debug-file - Executing task :entry:default@CompileResource
[2026-05-07T17:17:54.001] [DEBUG] debug-file - entry:default@CompileResource is not up-to-date, since the input file 'K:\study\HarmonyOs\code\chenminghui_BattleCiity\entry\src\main\resources' has been changed.
[2026-05-07T17:17:54.001] [DEBUG] debug-file - Incremental task entry:default@CompileResource pre-execution cost: 4 ms .
[2026-05-07T17:17:54.002] [DEBUG] debug-file - Use tool [K:\study\HarmonyOs\software\DevEcoStudio\DevEco Studio\sdk\default\openharmony\toolchains\restool.exe]
 [
  'K:\\study\\HarmonyOs\\software\\DevEcoStudio\\DevEco Studio\\sdk\\default\\openharmony\\toolchains\\restool.exe',
  '-l',
  'K:\\study\\HarmonyOs\\code\\chenminghui_BattleCiity\\entry\\build\\default\\intermediates\\res\\default\\resConfig.json'
]
[2026-05-07T17:17:54.003] [DEBUG] debug-file - current process  memoryUsage: {
  rss: 465317888,
  heapTotal: 123371520,
  heapUsed: 115197368,
  external: 3131633,
  arrayBuffers: 104057
} os memoryUsage :20.648334503173828
[2026-05-07T17:17:54.107] [DEBUG] debug-file - Info: Pack: normal pack mode

[2026-05-07T17:17:54.148] [DEBUG] debug-file - Info: hardware concurrency count is : 20
Info: thread count is : 20

[2026-05-07T17:17:54.149] [DEBUG] debug-file - Info: thread pool is started

[2026-05-07T17:17:54.149] [DEBUG] debug-file - Info: GenericCompiler::CompileFiles

[2026-05-07T17:17:54.154] [DEBUG] debug-file - Info: GenericCompiler::CompileFiles

[2026-05-07T17:17:54.157] [DEBUG] debug-file - Info: GenericCompiler::CompileFiles

[2026-05-07T17:17:54.161] [DEBUG] debug-file - 05-07 17:17:54.161 23484 29612 E C01400/ImageTranscoderUtils: DecodeToRGBA IN
05-07 17:17:54.161 23484 29612 E C01400/ImageTranscoderUtils: ImageFilter IN K:\study\HarmonyOs\code\chenminghui_BattleCiity\AppScope\resources\base\media\app_icon.svg

[2026-05-07T17:17:54.161] [DEBUG] debug-file - 05-07 17:17:54.161 23484 29612 E C01400/ImageTranscoder: TranscodeSLR DecodeToRGBA failed
Warning: ScaleImage failed, error message: IMAGE_ERROR, file path = K:\study\HarmonyOs\code\chenminghui_BattleCiity\AppScope\resources\base\media\app_icon.svg

[2026-05-07T17:17:54.162] [DEBUG] debug-file - 05-07 17:17:54.163 23484 29612 E C01400/ImageTranscoderUtils: DecodeToRGBA IN
05-07 17:17:54.163 23484 29612 E C01400/ImageTranscoderUtils: ImageFilter IN K:\study\HarmonyOs\code\chenminghui_BattleCiity\entry\src\main\resources\base\media\icon.svg

[2026-05-07T17:17:54.162] [DEBUG] debug-file - 05-07 17:17:54.163 23484 29612 E C01400/ImageTranscoder: TranscodeSLR DecodeToRGBA failed
Warning: ScaleImage failed, error message: IMAGE_ERROR, file path = K:\study\HarmonyOs\code\chenminghui_BattleCiity\entry\src\main\resources\base\media\icon.svg

[2026-05-07T17:17:54.163] [DEBUG] debug-file - Warning: K:\study\HarmonyOs\code\chenminghui_BattleCiity\AppScope\resources\base\media\app_icon.svg is not png format

[2026-05-07T17:17:54.163] [DEBUG] debug-file - Warning: K:\study\HarmonyOs\code\chenminghui_BattleCiity\entry\src\main\resources\base\media\icon.svg is not png format
Warning: K:\study\HarmonyOs\code\chenminghui_BattleCiity\entry\src\main\resources\base\media\icon.svg is not png format

[2026-05-07T17:17:54.164] [DEBUG] debug-file - Info: restool resources compile success.

[2026-05-07T17:17:54.164] [DEBUG] debug-file - Info: thread pool is stopped

[2026-05-07T17:17:54.229] [DEBUG] debug-file - entry : default@CompileResource cost memory 0.7857818603515625
[2026-05-07T17:17:54.230] [DEBUG] debug-file - runTaskFromQueue task cost before running: 407 ms 
[2026-05-07T17:17:54.230] [INFO] debug-file - Finished :entry:default@CompileResource... after 233 ms 
[2026-05-07T17:17:54.231] [DEBUG] debug-file - Executing task :entry:default@DoNativeStrip
[2026-05-07T17:17:54.232] [DEBUG] debug-file - Task 'entry:default@DoNativeStrip' cost while wrapping incremental declarations: 1 ms 
[2026-05-07T17:17:54.232] [DEBUG] debug-file - Incremental task entry:default@DoNativeStrip pre-execution cost: 1 ms .
[2026-05-07T17:17:54.232] [DEBUG] debug-file - entry : default@DoNativeStrip cost memory 0.0785675048828125
[2026-05-07T17:17:54.233] [INFO] debug-file - UP-TO-DATE :entry:default@DoNativeStrip...  
[2026-05-07T17:17:54.234] [DEBUG] debug-file - Executing task :entry:default@CompileArkTS
[2026-05-07T17:17:54.234] [DEBUG] debug-file - obfuscationOptions: undefined
[2026-05-07T17:17:54.235] [DEBUG] debug-file - Task 'entry:default@CompileArkTS' cost while wrapping incremental declarations: 1 ms 
[2026-05-07T17:17:54.239] [DEBUG] debug-file - entry:default@CompileArkTS is not up-to-date, since the input file 'K:\study\HarmonyOs\code\chenminghui_BattleCiity\entry\build\default\intermediates\loader\default' has been changed.
[2026-05-07T17:17:54.239] [DEBUG] debug-file - Incremental task entry:default@CompileArkTS pre-execution cost: 3 ms .
[2026-05-07T17:17:54.247] [DEBUG] debug-file - build config:
[2026-05-07T17:17:54.247] [DEBUG] debug-file - {
  moduleType: 'entry',
  perf: 0,
  targetName: '.default',
  packageManagerType: 'ohpm',
  localPropertiesPath: 'K:\\study\\HarmonyOs\\code\\chenminghui_BattleCiity\\local.properties',
  isPreview: false,
  isOhosTest: false,
  isLocalTest: false,
  buildMode: 'Debug',
  hotReloadBuild: undefined,
  watchMode: 'false',
  aceProfilePath: 'K:\\study\\HarmonyOs\\code\\chenminghui_BattleCiity\\entry\\build\\default\\intermediates\\res\\default\\resources\\base\\profile',
  etsLoaderPath: 'K:\\study\\HarmonyOs\\software\\DevEcoStudio\\DevEco Studio\\sdk\\default\\openharmony\\ets\\build-tools\\ets-loader',
  modulePath: 'K:\\study\\HarmonyOs\\code\\chenminghui_BattleCiity\\entry',
  testFrameworkPar: {
    testMode: undefined,
    coveragePathFilter: undefined,
    coverageMode: undefined
  },
  needCoverageInsert: false,
  debugLine: false,
  projectTopDir: 'K:\\study\\HarmonyOs\\code\\chenminghui_BattleCiity',
  compileSdkVersion: 22,
  compatibleSdkVersion: 10,
  originCompatibleSdkVersion: '4.0.0(10)',
  compatibleSdkVersionStage: undefined,
  bundleName: 'c***y',
  etsLoaderVersion: '6.0.2.130',
  etsLoaderReleaseType: 'Release',
  aotCompileMode: 'type',
  apPath: 'K:\\study\\HarmonyOs\\code\\chenminghui_BattleCiity\\entry\\modules.ap',
  entryModuleName: 'entry',
  entryModuleVersion: '1.0.0',
  entryPackageName: 'entry',
  allModuleNameHash: 'a4db1cfab7325329050ebee4afa0d9ca953afb3f6e9b46f820446b7b1027027a',
  externalApiPaths: [
    'K:\\study\\HarmonyOs\\software\\DevEcoStudio\\DevEco Studio\\sdk\\default\\hms\\ets'
  ],
  compilerTypes: [],
  isCrossplatform: false,
  hvigorPluginFile: undefined,
  compilePluginPath: undefined,
  buildGeneratedProfilePath: 'K:\\study\\HarmonyOs\\code\\chenminghui_BattleCiity\\entry\\build\\default\\generated\\profile\\default',
  bundleType: 'app',
  arkTSVersion: undefined,
  apiVersion: 22,
  needCompleteSourcesMap: false,
  isFaMode: false,
  buildDir: 'K:\\study\\HarmonyOs\\code\\chenminghui_BattleCiity\\entry\\build',
  deviceTypes: [ 'phone', 'tablet' ],
  pkgContextInfo: undefined,
  ohPackagePathMap: {},
  dependencyAliasMap: {},
  permission: { requestPermissions: undefined, definePermissions: undefined },
  useGetCurrentBundleName: false,
  projectArkOption: undefined,
  sourceMapDir: undefined,
  branchElimination: false,
  transformLib: undefined,
  tsImportSendable: false,
  resolveConflictMode: true,
  depName2RootPath: {},
  depName2DepInfo: {},
  rootPathSet: [ 'K:\\study\\HarmonyOs\\code\\chenminghui_BattleCiity' ],
  useNativeResolver: true,
  shouldEmitJs: true,
  useTscResolve: false,
  singleFileEmit: false,
  userProjectConfig: {
    autoLazyImport: false,
    allowEmptyBundleName: false,
    reExportCheckMode: 'noCheck',
    executionMode: 'memory',
    usePathPlaceholder: false,
    writeRollupCache: true,
    isExpandImportEnabled: false,
    expandImportExclude: '',
    lazyImportExclude: '',
    lazyImportInclude: '',
    ignoreCrossplatformCheck: false,
    isHarDeduplicateEnabled: false,
    skipOhModulesLint: false,
    enableStrictCheckOHModule: false,
    disableSendableCheckRules: [],
    useDeclarationFileSignature: false,
    customizedOptions: undefined,
    integratedHsp: false,
    isPreloadSoEnabled: false
  },
  executionMode: 'memory',
  arkCompileCachePath: 'K:\\study\\HarmonyOs\\code\\chenminghui_BattleCiity\\entry\\build\\default\\cache\\default\\default@CompileArkTS\\esmodule',
  autoLazyFilter: undefined,
  isHarDeduplicateEnabled: false,
  intermediateHarDuplicateDirPath: 'K:\\study\\HarmonyOs\\code\\chenminghui_BattleCiity\\entry\\build\\default\\intermediates\\har_duplicate\\default',
  autoLazyImport: false,
  allowEmptyBundleName: false,
  reExportCheckMode: 'noCheck',
  usePathPlaceholder: false,
  writeRollupCache: true,
  isExpandImportEnabled: false,
  expandImportExclude: '',
  lazyImportExclude: '',
  lazyImportInclude: '',
  ignoreCrossplatformCheck: false,
  skipOhModulesLint: false,
  enableStrictCheckOHModule: false,
  disableSendableCheckRules: [],
  useDeclarationFileSignature: false,
  customizedOptions: undefined,
  integratedHsp: false,
  isPreloadSoEnabled: false,
  strictMode: undefined,
  useNormalizedOHMUrl: false,
  caseSensitiveCheck: false,
  aceModuleJsonPath: 'K:\\study\\HarmonyOs\\code\\chenminghui_BattleCiity\\entry\\build\\default\\intermediates\\res\\default\\ark_module.json',
  appResource: 'K:\\study\\HarmonyOs\\code\\chenminghui_BattleCiity\\entry\\build\\default\\intermediates\\res\\default\\ResourceTable.txt',
  rawFileResource: 'K:\\study\\HarmonyOs\\code\\chenminghui_BattleCiity\\entry\\build\\default\\intermediates\\res\\default\\resources\\rawfile',
  resourceTableHash: '42116fa57be9f8ac9defd210768d75e197c8b8faeb2d6536c1e619711672b5b7',
  runtimeOS: 'HarmonyOS',
  sdkInfo: 'false:22:6.0.2.130:Release',
  aceModuleRoot: 'K:\\study\\HarmonyOs\\code\\chenminghui_BattleCiity\\entry\\src\\main\\ets',
  compileMode: 'esmodule',
  aceSuperVisualPath: 'K:\\study\\HarmonyOs\\code\\chenminghui_BattleCiity\\entry\\src\\main\\supervisual',
  aceBuildJson: 'K:\\study\\HarmonyOs\\code\\chenminghui_BattleCiity\\entry\\build\\default\\intermediates\\loader\\default\\loader.json',
  cachePath: 'K:\\study\\HarmonyOs\\code\\chenminghui_BattleCiity\\entry\\build\\default\\cache\\default\\default@CompileArkTS\\esmodule\\debug',
  aceModuleBuild: 'K:\\study\\HarmonyOs\\code\\chenminghui_BattleCiity\\entry\\build\\default\\intermediates\\loader_out\\default\\ets',
  supportChunks: true,
  declaredFilesPath: undefined,
  shouldCollectDirectImportees: false,
  isByteCodeHarOptimize: false,
  expandImportPath: undefined,
  pkgNameToPkgBriefInfo: {
    entry: {
      pkgRoot: 'K:\\study\\HarmonyOs\\code\\chenminghui_BattleCiity\\entry',
      originalSourceRoots: undefined,
      sourceRoots: [Array],
      pkgName: 'entry'
    }
  },
  projectModel: {
    'K:\\study\\HarmonyOs\\code\\chenminghui_BattleCiity\\entry\\src\\main': {
      moduleName: 'entry',
      modulePkgPath: 'K:\\study\\HarmonyOs\\code\\chenminghui_BattleCiity\\entry',
      belongProjectPath: 'K:\\study\\HarmonyOs\\code\\chenminghui_BattleCiity'
    },
    'K:\\study\\HarmonyOs\\code\\chenminghui_BattleCiity\\entry': {
      moduleName: 'entry',
      modulePkgPath: 'K:\\study\\HarmonyOs\\code\\chenminghui_BattleCiity\\entry',
      belongProjectPath: 'K:\\study\\HarmonyOs\\code\\chenminghui_BattleCiity'
    },
    'K:\\study\\HarmonyOs\\code\\chenminghui_BattleCiity': {
      moduleName: 'chenminghui_BattleCiity',
      modulePkgPath: 'K:\\study\\HarmonyOs\\code\\chenminghui_BattleCiity',
      belongProjectPath: 'K:\\study\\HarmonyOs\\code\\chenminghui_BattleCiity'
    }
  },
  pkgJsonFileHash: '0c650fcb5db374eb0293e4593f1a26d0e2b7b030f86c991c65a2cb279448be58',
  allModulePaths: [ 'K:\\study\\HarmonyOs\\code\\chenminghui_BattleCiity\\entry' ],
  routerMap: {},
  obfuscationOptions: undefined,
  byteCodeHarToDependencyKeys: undefined,
  compileBlockPkg: [],
  mockParams: {
    decorator: '@MockSetup',
    packageName: '@ohos/hamock',
    etsSourceRootPath: 'src/main/ets',
    mockConfigPath: undefined,
    mockConfigKey2ModuleInfo: {},
    source2ModuleIdMap: {}
  },
  copyCodeResourceEnable: true,
  copyCodeResourceExcludes: [],
  copyCodeResourceIncludes: undefined,
  uiTransformOptimization: false,
  sdkPath: 'K:/study/HarmonyOs/software/DevEcoStudio/DevEco Studio/sdk',
  needPreloadSoFileSet: {},
  preloadSoFilePath: 'K:\\study\\HarmonyOs\\code\\chenminghui_BattleCiity\\entry\\build\\default\\intermediates\\preload\\default\\preload.json',
  useSourceHash: false,
  localModuleParamMap: {},
  otherPaths: {
    'entry/*': [
      '..\\*',
      '..\\..\\..\\build\\default\\generated\\profile\\default\\*'
    ]
  },
  collectImportersConfig: undefined
}
[2026-05-07T17:17:54.248] [DEBUG] debug-file - Compile arkts with external api path: K:\study\HarmonyOs\software\DevEcoStudio\DevEco Studio\sdk\default\hms\ets
[2026-05-07T17:17:54.249] [DEBUG] debug-file - default@CompileArkTS work[3] is submitted.
[2026-05-07T17:17:54.249] [DEBUG] debug-file - default@CompileArkTS work[3] is pushed to ready queue.
[2026-05-07T17:17:54.249] [DEBUG] debug-file - A work dispatched to worker[19] failed because unable to get work from ready queue.
[2026-05-07T17:17:54.249] [DEBUG] debug-file - A work dispatched to worker[18] failed because unable to get work from ready queue.
[2026-05-07T17:17:54.249] [DEBUG] debug-file - A work dispatched to worker[17] failed because unable to get work from ready queue.
[2026-05-07T17:17:54.249] [DEBUG] debug-file - A work dispatched to worker[16] failed because unable to get work from ready queue.
[2026-05-07T17:17:54.249] [DEBUG] debug-file - A work dispatched to worker[15] failed because unable to get work from ready queue.
[2026-05-07T17:17:54.249] [DEBUG] debug-file - A work dispatched to worker[14] failed because unable to get work from ready queue.
[2026-05-07T17:17:54.249] [DEBUG] debug-file - A work dispatched to worker[13] failed because unable to get work from ready queue.
[2026-05-07T17:17:54.249] [DEBUG] debug-file - A work dispatched to worker[12] failed because unable to get work from ready queue.
[2026-05-07T17:17:54.249] [DEBUG] debug-file - A work dispatched to worker[11] failed because unable to get work from ready queue.
[2026-05-07T17:17:54.249] [DEBUG] debug-file - A work dispatched to worker[10] failed because unable to get work from ready queue.
[2026-05-07T17:17:54.249] [DEBUG] debug-file - A work dispatched to worker[9] failed because unable to get work from ready queue.
[2026-05-07T17:17:54.249] [DEBUG] debug-file - A work dispatched to worker[8] failed because unable to get work from ready queue.
[2026-05-07T17:17:54.250] [DEBUG] debug-file - A work dispatched to worker[7] failed because unable to get work from ready queue.
[2026-05-07T17:17:54.250] [DEBUG] debug-file - A work dispatched to worker[6] failed because unable to get work from ready queue.
[2026-05-07T17:17:54.250] [DEBUG] debug-file - A work dispatched to worker[5] failed because unable to get work from ready queue.
[2026-05-07T17:17:54.250] [DEBUG] debug-file - default@CompileArkTS work[3] has been dispatched to worker[4].
[2026-05-07T17:17:54.250] [DEBUG] debug-file - default@CompileArkTS work[3] is dispatched.
[2026-05-07T17:17:54.250] [DEBUG] debug-file - CopyResources startTime: 5688923089000
[2026-05-07T17:17:54.250] [DEBUG] debug-file - default@CompileArkTS work[4] is submitted.
[2026-05-07T17:17:54.250] [DEBUG] debug-file - default@CompileArkTS work[4] is pushed to ready queue.
[2026-05-07T17:17:54.250] [DEBUG] debug-file - A work dispatched to worker[19] failed because unable to get work from ready queue.
[2026-05-07T17:17:54.250] [DEBUG] debug-file - Create  resident worker with id: 18.
[2026-05-07T17:17:54.251] [DEBUG] debug-file - default@CompileArkTS work[4] has been dispatched to worker[18].
[2026-05-07T17:17:54.251] [DEBUG] debug-file - default@CompileArkTS work[4] is dispatched.
[2026-05-07T17:17:54.251] [DEBUG] debug-file - entry : default@CompileArkTS cost memory -0.3542022705078125
[2026-05-07T17:17:54.253] [DEBUG] debug-file - Executing task :entry:default@BuildJS
[2026-05-07T17:17:54.253] [DEBUG] debug-file - Task 'entry:default@BuildJS' cost while wrapping incremental declarations: 1 ms 
[2026-05-07T17:17:54.256] [DEBUG] debug-file - entry : default@BuildJS cost memory 0.15316009521484375
[2026-05-07T17:17:54.256] [DEBUG] debug-file - runTaskFromQueue task cost before running: 434 ms 
[2026-05-07T17:17:54.256] [INFO] debug-file - Finished :entry:default@BuildJS... after 4 ms 
[2026-05-07T17:17:54.258] [DEBUG] debug-file - Executing task :entry:default@CacheNativeLibs
[2026-05-07T17:17:54.258] [DEBUG] debug-file - Task 'entry:default@CacheNativeLibs' cost while wrapping incremental declarations: 1 ms 
[2026-05-07T17:17:54.259] [DEBUG] debug-file - Incremental task entry:default@CacheNativeLibs pre-execution cost: 2 ms .
[2026-05-07T17:17:54.259] [DEBUG] debug-file - entry : default@CacheNativeLibs cost memory 0.09654998779296875
[2026-05-07T17:17:54.260] [INFO] debug-file - UP-TO-DATE :entry:default@CacheNativeLibs...  
[2026-05-07T17:17:55.072] [DEBUG] debug-file - worker[18] has one work done.
[2026-05-07T17:17:55.072] [DEBUG] debug-file - CopyResources is end, endTime: 5689745271300
[2026-05-07T17:17:55.072] [DEBUG] debug-file - default@CompileArkTS work[4] done.
[2026-05-07T17:17:55.072] [DEBUG] debug-file - A work dispatched to worker[18] failed because unable to get work from ready queue.
[2026-05-07T17:17:55.892] [DEBUG] debug-file - worker[4] has one work error.
[2026-05-07T17:17:55.892] [DEBUG] debug-file - Ark compile task finished.finished time is 5690565279100
[2026-05-07T17:17:55.893] [DEBUG] debug-file - default@CompileArkTS work[3] failed.
[2026-05-07T17:17:55.893] [ERROR] debug-file - Failed :entry:default@CompileArkTS... 
[2026-05-07T17:17:55.893] [WARN] debug-file - 
[33m1 WARN: [33m[33mArkTS:WARN: For details about ArkTS syntax errors, see FAQs[39m[39m
[33m2 WARN: [33m[33mArkTS:WARN File: K:/study/HarmonyOs/code/chenminghui_BattleCiity/entry/src/main/ets/engine/ResourceManager.ets:24:28
 'decodeWithStream' has been deprecated.
[39m[39m
[33m3 WARN: [33m[33mArkTS:WARN File: K:/study/HarmonyOs/code/chenminghui_BattleCiity/entry/src/main/ets/system/ScoreManager.ets:17:24
 Function may throw exceptions. Special handling is required.
[39m[39m
[33m4 WARN: [33m[33mArkTS:WARN File: K:/study/HarmonyOs/code/chenminghui_BattleCiity/entry/src/main/ets/system/ScoreManager.ets:18:29
 Function may throw exceptions. Special handling is required.
[39m[39m
[33m5 WARN: [33m[33mArkTS:WARN File: K:/study/HarmonyOs/code/chenminghui_BattleCiity/entry/src/main/ets/system/ScoreManager.ets:58:11
 Function may throw exceptions. Special handling is required.
[39m[39m
[33m6 WARN: [33m[33mArkTS:WARN File: K:/study/HarmonyOs/code/chenminghui_BattleCiity/entry/src/main/ets/system/ScoreManager.ets:59:11
 Function may throw exceptions. Special handling is required.
[39m[39m
[33m7 WARN: [33m[33mArkTS:WARN File: K:/study/HarmonyOs/code/chenminghui_BattleCiity/entry/src/main/ets/system/ScoreManager.ets:60:11
 Function may throw exceptions. Special handling is required.
[39m[39m
[33m8 WARN: [33m[33mArkTS:WARN File: K:/study/HarmonyOs/code/chenminghui_BattleCiity/entry/src/main/ets/system/ScoreManager.ets:61:11
 Function may throw exceptions. Special handling is required.
[39m[39m
[33m9 WARN: [33m[33mArkTS:WARN File: K:/study/HarmonyOs/code/chenminghui_BattleCiity/entry/src/main/ets/system/ScoreManager.ets:66:26
 Function may throw exceptions. Special handling is required.
[39m[39m
[33m10 WARN: [33m[33mArkTS:WARN File: K:/study/HarmonyOs/code/chenminghui_BattleCiity/entry/src/main/ets/system/ScoreManager.ets:69:25
 Function may throw exceptions. Special handling is required.
[39m[39m
[33m11 WARN: [33m[33mArkTS:WARN File: K:/study/HarmonyOs/code/chenminghui_BattleCiity/entry/src/main/ets/system/ScoreManager.ets:70:25
 Function may throw exceptions. Special handling is required.
[39m[39m
[33m12 WARN: [33m[33mArkTS:WARN File: K:/study/HarmonyOs/code/chenminghui_BattleCiity/entry/src/main/ets/system/ScoreManager.ets:77:11
 Function may throw exceptions. Special handling is required.
[39m[39m
[33m13 WARN: [33m[33mArkTS:WARN File: K:/study/HarmonyOs/code/chenminghui_BattleCiity/entry/src/main/ets/system/ScoreManager.ets:78:11
 Function may throw exceptions. Special handling is required.
[39m[39m
[33m14 WARN: [33m[33mArkTS:WARN File: K:/study/HarmonyOs/code/chenminghui_BattleCiity/entry/src/main/ets/system/ScoreManager.ets:85:15
 Function may throw exceptions. Special handling is required.
[39m[39m
[33m15 WARN: [33m[33mArkTS:WARN File: K:/study/HarmonyOs/code/chenminghui_BattleCiity/entry/src/main/ets/system/ScoreManager.ets:86:15
 Function may throw exceptions. Special handling is required.
[39m[39m
[33m16 WARN: [33m[33mArkTS:WARN File: K:/study/HarmonyOs/code/chenminghui_BattleCiity/entry/src/main/ets/pages/GamePage.ets:27:17
 'getContext' has been deprecated.
[39m[39m
[2026-05-07T17:17:55.893] [DEBUG] debug-file - hvigor build process will be closed with an error.
[2026-05-07T17:17:55.894] [DEBUG] debug-file - ERROR: stacktrace = Error: ArkTS Compiler Error
[31m1 ERROR: [31m10605040 ArkTS Compiler Error
Error Message: Object literals cannot be used as type declarations (arkts-no-obj-literals-as-types) At File: K:/study/HarmonyOs/code/chenminghui_BattleCiity/entry/src/main/ets/engine/CanvasRenderer.ets:36:16
[39m
[39m
[31m2 ERROR: [31m10605038 ArkTS Compiler Error
Error Message: Object literal must correspond to some explicitly declared class or interface (arkts-no-untyped-obj-literals) At File: K:/study/HarmonyOs/code/chenminghui_BattleCiity/entry/src/main/ets/engine/CanvasRenderer.ets:37:12
[39m
[39m
[31m3 ERROR: [31m10605040 ArkTS Compiler Error
Error Message: Object literals cannot be used as type declarations (arkts-no-obj-literals-as-types) At File: K:/study/HarmonyOs/code/chenminghui_BattleCiity/entry/src/main/ets/engine/ResourceManager.ets:8:16
[39m
[39m
[31m4 ERROR: [31m10605043 ArkTS Compiler Error
Error Message: Array literals must contain elements of only inferrable types (arkts-no-noninferrable-arr-literals) At File: K:/study/HarmonyOs/code/chenminghui_BattleCiity/entry/src/main/ets/engine/ResourceManager.ets:68:20
[39m
[39m
[31m5 ERROR: [31m10605038 ArkTS Compiler Error
Error Message: Object literal must correspond to some explicitly declared class or interface (arkts-no-untyped-obj-literals) At File: K:/study/HarmonyOs/code/chenminghui_BattleCiity/entry/src/main/ets/engine/ResourceManager.ets:68:21
[39m
[39m
[31m6 ERROR: [31m10605038 ArkTS Compiler Error
Error Message: Object literal must correspond to some explicitly declared class or interface (arkts-no-untyped-obj-literals) At File: K:/study/HarmonyOs/code/chenminghui_BattleCiity/entry/src/main/ets/engine/ResourceManager.ets:68:37
[39m
[39m
[31m7 ERROR: [31m10605038 ArkTS Compiler Error
Error Message: Object literal must correspond to some explicitly declared class or interface (arkts-no-untyped-obj-literals) At File: K:/study/HarmonyOs/code/chenminghui_BattleCiity/entry/src/main/ets/engine/ResourceManager.ets:68:55
[39m
[39m
[31m8 ERROR: [31m10605074 ArkTS Compiler Error
Error Message: Destructuring variable declarations are not supported (arkts-no-destruct-decls) At File: K:/study/HarmonyOs/code/chenminghui_BattleCiity/entry/src/main/ets/entity/Terrain.ets:43:11
[39m
[39m
[31m9 ERROR: [31m10605040 ArkTS Compiler Error
Error Message: Object literals cannot be used as type declarations (arkts-no-obj-literals-as-types) At File: K:/study/HarmonyOs/code/chenminghui_BattleCiity/entry/src/main/ets/level/LevelLoader.ets:11:16
[39m
[39m
[31m10 ERROR: [31m10605040 ArkTS Compiler Error
Error Message: Object literals cannot be used as type declarations (arkts-no-obj-literals-as-types) At File: K:/study/HarmonyOs/code/chenminghui_BattleCiity/entry/src/main/ets/level/LevelLoader.ets:12:13
[39m
[39m
[31m11 ERROR: [31m10605040 ArkTS Compiler Error
Error Message: Object literals cannot be used as type declarations (arkts-no-obj-literals-as-types) At File: K:/study/HarmonyOs/code/chenminghui_BattleCiity/entry/src/main/ets/level/LevelLoader.ets:13:16
[39m
[39m
[31m12 ERROR: [31m10605038 ArkTS Compiler Error
Error Message: Object literal must correspond to some explicitly declared class or interface (arkts-no-untyped-obj-literals) At File: K:/study/HarmonyOs/code/chenminghui_BattleCiity/entry/src/main/ets/level/LevelLoader.ets:62:12
[39m
[39m
[31m13 ERROR: [31m10605043 ArkTS Compiler Error
Error Message: Array literals must contain elements of only inferrable types (arkts-no-noninferrable-arr-literals) At File: K:/study/HarmonyOs/code/chenminghui_BattleCiity/entry/src/main/ets/level/LevelLoader.ets:67:40
[39m
[39m
[31m14 ERROR: [31m10605038 ArkTS Compiler Error
Error Message: Object literal must correspond to some explicitly declared class or interface (arkts-no-untyped-obj-literals) At File: K:/study/HarmonyOs/code/chenminghui_BattleCiity/entry/src/main/ets/level/LevelLoader.ets:68:9
[39m
[39m
[31m15 ERROR: [31m10605038 ArkTS Compiler Error
Error Message: Object literal must correspond to some explicitly declared class or interface (arkts-no-untyped-obj-literals) At File: K:/study/HarmonyOs/code/chenminghui_BattleCiity/entry/src/main/ets/level/LevelLoader.ets:68:25
[39m
[39m
[31m16 ERROR: [31m10605038 ArkTS Compiler Error
Error Message: Object literal must correspond to some explicitly declared class or interface (arkts-no-untyped-obj-literals) At File: K:/study/HarmonyOs/code/chenminghui_BattleCiity/entry/src/main/ets/level/LevelLoader.ets:68:43
[39m
[39m
[31m17 ERROR: [31m10605038 ArkTS Compiler Error
Error Message: Object literal must correspond to some explicitly declared class or interface (arkts-no-untyped-obj-literals) At File: K:/study/HarmonyOs/code/chenminghui_BattleCiity/entry/src/main/ets/level/LevelLoader.ets:70:17
[39m
[39m
[31m18 ERROR: [31m10605038 ArkTS Compiler Error
Error Message: Object literal must correspond to some explicitly declared class or interface (arkts-no-untyped-obj-literals) At File: K:/study/HarmonyOs/code/chenminghui_BattleCiity/entry/src/main/ets/level/LevelLoader.ets:71:20
[39m
[39m
[31m19 ERROR: [31m10605040 ArkTS Compiler Error
Error Message: Object literals cannot be used as type declarations (arkts-no-obj-literals-as-types) At File: K:/study/HarmonyOs/code/chenminghui_BattleCiity/entry/src/main/ets/system/CollisionSystem.ets:63:48
[39m
[39m
[31m20 ERROR: [31m10605040 ArkTS Compiler Error
Error Message: Object literals cannot be used as type declarations (arkts-no-obj-literals-as-types) At File: K:/study/HarmonyOs/code/chenminghui_BattleCiity/entry/src/main/ets/system/CollisionSystem.ets:71:64
[39m
[39m
[31m21 ERROR: [31m10605038 ArkTS Compiler Error
Error Message: Object literal must correspond to some explicitly declared class or interface (arkts-no-untyped-obj-literals) At File: K:/study/HarmonyOs/code/chenminghui_BattleCiity/entry/src/main/ets/system/CollisionSystem.ets:72:20
[39m
[39m
[31m22 ERROR: [31m10605040 ArkTS Compiler Error
Error Message: Object literals cannot be used as type declarations (arkts-no-obj-literals-as-types) At File: K:/study/HarmonyOs/code/chenminghui_BattleCiity/entry/src/main/ets/system/CollisionSystem.ets:110:15
[39m
[39m
[31m23 ERROR: [31m10605008 ArkTS Compiler Error
Error Message: Use explicit types instead of "any", "unknown" (arkts-no-any-unknown) At File: K:/study/HarmonyOs/code/chenminghui_BattleCiity/entry/src/main/ets/system/AISystem.ets:79:37
[39m
[39m
[31m24 ERROR: [31m10605008 ArkTS Compiler Error
Error Message: Use explicit types instead of "any", "unknown" (arkts-no-any-unknown) At File: K:/study/HarmonyOs/code/chenminghui_BattleCiity/entry/src/main/ets/system/AISystem.ets:80:15
[39m
[39m
[31m25 ERROR: [31m10605008 ArkTS Compiler Error
Error Message: Use explicit types instead of "any", "unknown" (arkts-no-any-unknown) At File: K:/study/HarmonyOs/code/chenminghui_BattleCiity/entry/src/main/ets/system/AISystem.ets:81:19
[39m
[39m
[31m26 ERROR: [31m10605008 ArkTS Compiler Error
Error Message: Use explicit types instead of "any", "unknown" (arkts-no-any-unknown) At File: K:/study/HarmonyOs/code/chenminghui_BattleCiity/entry/src/main/ets/system/AISystem.ets:83:17
[39m
[39m
[31m27 ERROR: [31m10605040 ArkTS Compiler Error
Error Message: Object literals cannot be used as type declarations (arkts-no-obj-literals-as-types) At File: K:/study/HarmonyOs/code/chenminghui_BattleCiity/entry/src/main/ets/system/PowerUpManager.ets:113:23
[39m
[39m
[31m28 ERROR: [31m10605038 ArkTS Compiler Error
Error Message: Object literal must correspond to some explicitly declared class or interface (arkts-no-untyped-obj-literals) At File: K:/study/HarmonyOs/code/chenminghui_BattleCiity/entry/src/main/ets/system/PowerUpManager.ets:114:41
[39m
[39m
[31m29 ERROR: [31m10605040 ArkTS Compiler Error
Error Message: Object literals cannot be used as type declarations (arkts-no-obj-literals-as-types) At File: K:/study/HarmonyOs/code/chenminghui_BattleCiity/entry/src/main/ets/GameController.ets:45:13
[39m
[39m
[31m30 ERROR: [31m10605038 ArkTS Compiler Error
Error Message: Object literal must correspond to some explicitly declared class or interface (arkts-no-untyped-obj-literals) At File: K:/study/HarmonyOs/code/chenminghui_BattleCiity/entry/src/main/ets/GameController.ets:45:71
[39m
[39m
[31m31 ERROR: [31m10605040 ArkTS Compiler Error
Error Message: Object literals cannot be used as type declarations (arkts-no-obj-literals-as-types) At File: K:/study/HarmonyOs/code/chenminghui_BattleCiity/entry/src/main/ets/GameController.ets:52:24
[39m
[39m
[31m32 ERROR: [31m10605030 ArkTS Compiler Error
Error Message: Structural typing is not supported (arkts-no-structural-typing) At File: K:/study/HarmonyOs/code/chenminghui_BattleCiity/entry/src/main/ets/GameController.ets:149:31
[39m
[39m
[31m33 ERROR: [31m10605030 ArkTS Compiler Error
Error Message: Structural typing is not supported (arkts-no-structural-typing) At File: K:/study/HarmonyOs/code/chenminghui_BattleCiity/entry/src/main/ets/GameController.ets:172:29
[39m
[39m
[31m34 ERROR: [31m10605030 ArkTS Compiler Error
Error Message: Structural typing is not supported (arkts-no-structural-typing) At File: K:/study/HarmonyOs/code/chenminghui_BattleCiity/entry/src/main/ets/GameController.ets:335:34
[39m
[39m
[31m35 ERROR: [31m10605030 ArkTS Compiler Error
Error Message: Structural typing is not supported (arkts-no-structural-typing) At File: K:/study/HarmonyOs/code/chenminghui_BattleCiity/entry/src/main/ets/GameController.ets:408:31
[39m
[39m
[31m36 ERROR: [31m10605030 ArkTS Compiler Error
Error Message: Structural typing is not supported (arkts-no-structural-typing) At File: K:/study/HarmonyOs/code/chenminghui_BattleCiity/entry/src/main/ets/GameController.ets:413:47
[39m
[39m
[31m37 ERROR: [31m10605030 ArkTS Compiler Error
Error Message: Structural typing is not supported (arkts-no-structural-typing) At File: K:/study/HarmonyOs/code/chenminghui_BattleCiity/entry/src/main/ets/GameController.ets:418:47
[39m
[39m
[31m38 ERROR: [31m10605030 ArkTS Compiler Error
Error Message: Structural typing is not supported (arkts-no-structural-typing) At File: K:/study/HarmonyOs/code/chenminghui_BattleCiity/entry/src/main/ets/GameController.ets:422:52
[39m
[39m
[31m39 ERROR: [31m10605030 ArkTS Compiler Error
Error Message: Structural typing is not supported (arkts-no-structural-typing) At File: K:/study/HarmonyOs/code/chenminghui_BattleCiity/entry/src/main/ets/GameController.ets:426:44
[39m
[39m
[31m40 ERROR: [31m10605040 ArkTS Compiler Error
Error Message: Object literals cannot be used as type declarations (arkts-no-obj-literals-as-types) At File: K:/study/HarmonyOs/code/chenminghui_BattleCiity/entry/src/main/ets/pages/GamePage.ets:22:25
[39m
[39m
[31m41 ERROR: [31m10605040 ArkTS Compiler Error
Error Message: Object literals cannot be used as type declarations (arkts-no-obj-literals-as-types) At File: K:/study/HarmonyOs/code/chenminghui_BattleCiity/entry/src/main/ets/pages/GamePage.ets:134:50
[39m
[39m
[31m42 ERROR: [31m10505001 ArkTS Compiler Error
Error Message: Property 'spawnQueue' is private and only accessible within class 'GameController'. At File: K:/study/HarmonyOs/code/chenminghui_BattleCiity/entry/src/main/ets/pages/GamePage.ets:52:76
[39m
[39m
[31mCOMPILE RESULT:FAIL {ERROR:43 WARN:16}[39m
    at runArkPack (K:\study\HarmonyOs\software\DevEcoStudio\DevEco Studio\tools\hvigor\hvigor-ohos-plugin\node_modules\@ohos\hvigor-arkts-compose\dist\src\arkts-pack.js:1:5736)
ArkTSCompilerError: ArkTS Compiler Error
    at throwArkTsCompilerError (K:\study\HarmonyOs\software\DevEcoStudio\DevEco Studio\tools\hvigor\hvigor-ohos-plugin\node_modules\@ohos\hvigor-arkts-compose\dist\src\data\compose-error.js:1:423)
    at throwErrorIfHasErrorInfo (K:\study\HarmonyOs\software\DevEcoStudio\DevEco Studio\tools\hvigor\hvigor-ohos-plugin\node_modules\@ohos\hvigor-arkts-compose\dist\src\plugins\common-plugin.js:1:4478)
    at Object.handler (K:\study\HarmonyOs\software\DevEcoStudio\DevEco Studio\tools\hvigor\hvigor-ohos-plugin\node_modules\@ohos\hvigor-arkts-compose\dist\src\plugins\common-plugin.js:1:2547)
    at K:\study\HarmonyOs\software\DevEcoStudio\DevEco Studio\tools\hvigor\hvigor-ohos-plugin\node_modules\@ohos\hvigor-arkts-base\node_modules\rollup\dist\shared\rollup.js:27765:40
[2026-05-07T17:17:55.894] [ERROR] debug-file - Error: ArkTS Compiler Error
[31m1 ERROR: [31m10605040 ArkTS Compiler Error
Error Message: Object literals cannot be used as type declarations (arkts-no-obj-literals-as-types) At File: K:/study/HarmonyOs/code/chenminghui_BattleCiity/entry/src/main/ets/engine/CanvasRenderer.ets:36:16
[39m
[39m
[31m2 ERROR: [31m10605038 ArkTS Compiler Error
Error Message: Object literal must correspond to some explicitly declared class or interface (arkts-no-untyped-obj-literals) At File: K:/study/HarmonyOs/code/chenminghui_BattleCiity/entry/src/main/ets/engine/CanvasRenderer.ets:37:12
[39m
[39m
[31m3 ERROR: [31m10605040 ArkTS Compiler Error
Error Message: Object literals cannot be used as type declarations (arkts-no-obj-literals-as-types) At File: K:/study/HarmonyOs/code/chenminghui_BattleCiity/entry/src/main/ets/engine/ResourceManager.ets:8:16
[39m
[39m
[31m4 ERROR: [31m10605043 ArkTS Compiler Error
Error Message: Array literals must contain elements of only inferrable types (arkts-no-noninferrable-arr-literals) At File: K:/study/HarmonyOs/code/chenminghui_BattleCiity/entry/src/main/ets/engine/ResourceManager.ets:68:20
[39m
[39m
[31m5 ERROR: [31m10605038 ArkTS Compiler Error
Error Message: Object literal must correspond to some explicitly declared class or interface (arkts-no-untyped-obj-literals) At File: K:/study/HarmonyOs/code/chenminghui_BattleCiity/entry/src/main/ets/engine/ResourceManager.ets:68:21
[39m
[39m
[31m6 ERROR: [31m10605038 ArkTS Compiler Error
Error Message: Object literal must correspond to some explicitly declared class or interface (arkts-no-untyped-obj-literals) At File: K:/study/HarmonyOs/code/chenminghui_BattleCiity/entry/src/main/ets/engine/ResourceManager.ets:68:37
[39m
[39m
[31m7 ERROR: [31m10605038 ArkTS Compiler Error
Error Message: Object literal must correspond to some explicitly declared class or interface (arkts-no-untyped-obj-literals) At File: K:/study/HarmonyOs/code/chenminghui_BattleCiity/entry/src/main/ets/engine/ResourceManager.ets:68:55
[39m
[39m
[31m8 ERROR: [31m10605074 ArkTS Compiler Error
Error Message: Destructuring variable declarations are not supported (arkts-no-destruct-decls) At File: K:/study/HarmonyOs/code/chenminghui_BattleCiity/entry/src/main/ets/entity/Terrain.ets:43:11
[39m
[39m
[31m9 ERROR: [31m10605040 ArkTS Compiler Error
Error Message: Object literals cannot be used as type declarations (arkts-no-obj-literals-as-types) At File: K:/study/HarmonyOs/code/chenminghui_BattleCiity/entry/src/main/ets/level/LevelLoader.ets:11:16
[39m
[39m
[31m10 ERROR: [31m10605040 ArkTS Compiler Error
Error Message: Object literals cannot be used as type declarations (arkts-no-obj-literals-as-types) At File: K:/study/HarmonyOs/code/chenminghui_BattleCiity/entry/src/main/ets/level/LevelLoader.ets:12:13
[39m
[39m
[31m11 ERROR: [31m10605040 ArkTS Compiler Error
Error Message: Object literals cannot be used as type declarations (arkts-no-obj-literals-as-types) At File: K:/study/HarmonyOs/code/chenminghui_BattleCiity/entry/src/main/ets/level/LevelLoader.ets:13:16
[39m
[39m
[31m12 ERROR: [31m10605038 ArkTS Compiler Error
Error Message: Object literal must correspond to some explicitly declared class or interface (arkts-no-untyped-obj-literals) At File: K:/study/HarmonyOs/code/chenminghui_BattleCiity/entry/src/main/ets/level/LevelLoader.ets:62:12
[39m
[39m
[31m13 ERROR: [31m10605043 ArkTS Compiler Error
Error Message: Array literals must contain elements of only inferrable types (arkts-no-noninferrable-arr-literals) At File: K:/study/HarmonyOs/code/chenminghui_BattleCiity/entry/src/main/ets/level/LevelLoader.ets:67:40
[39m
[39m
[31m14 ERROR: [31m10605038 ArkTS Compiler Error
Error Message: Object literal must correspond to some explicitly declared class or interface (arkts-no-untyped-obj-literals) At File: K:/study/HarmonyOs/code/chenminghui_BattleCiity/entry/src/main/ets/level/LevelLoader.ets:68:9
[39m
[39m
[31m15 ERROR: [31m10605038 ArkTS Compiler Error
Error Message: Object literal must correspond to some explicitly declared class or interface (arkts-no-untyped-obj-literals) At File: K:/study/HarmonyOs/code/chenminghui_BattleCiity/entry/src/main/ets/level/LevelLoader.ets:68:25
[39m
[39m
[31m16 ERROR: [31m10605038 ArkTS Compiler Error
Error Message: Object literal must correspond to some explicitly declared class or interface (arkts-no-untyped-obj-literals) At File: K:/study/HarmonyOs/code/chenminghui_BattleCiity/entry/src/main/ets/level/LevelLoader.ets:68:43
[39m
[39m
[31m17 ERROR: [31m10605038 ArkTS Compiler Error
Error Message: Object literal must correspond to some explicitly declared class or interface (arkts-no-untyped-obj-literals) At File: K:/study/HarmonyOs/code/chenminghui_BattleCiity/entry/src/main/ets/level/LevelLoader.ets:70:17
[39m
[39m
[31m18 ERROR: [31m10605038 ArkTS Compiler Error
Error Message: Object literal must correspond to some explicitly declared class or interface (arkts-no-untyped-obj-literals) At File: K:/study/HarmonyOs/code/chenminghui_BattleCiity/entry/src/main/ets/level/LevelLoader.ets:71:20
[39m
[39m
[31m19 ERROR: [31m10605040 ArkTS Compiler Error
Error Message: Object literals cannot be used as type declarations (arkts-no-obj-literals-as-types) At File: K:/study/HarmonyOs/code/chenminghui_BattleCiity/entry/src/main/ets/system/CollisionSystem.ets:63:48
[39m
[39m
[31m20 ERROR: [31m10605040 ArkTS Compiler Error
Error Message: Object literals cannot be used as type declarations (arkts-no-obj-literals-as-types) At File: K:/study/HarmonyOs/code/chenminghui_BattleCiity/entry/src/main/ets/system/CollisionSystem.ets:71:64
[39m
[39m
[31m21 ERROR: [31m10605038 ArkTS Compiler Error
Error Message: Object literal must correspond to some explicitly declared class or interface (arkts-no-untyped-obj-literals) At File: K:/study/HarmonyOs/code/chenminghui_BattleCiity/entry/src/main/ets/system/CollisionSystem.ets:72:20
[39m
[39m
[31m22 ERROR: [31m10605040 ArkTS Compiler Error
Error Message: Object literals cannot be used as type declarations (arkts-no-obj-literals-as-types) At File: K:/study/HarmonyOs/code/chenminghui_BattleCiity/entry/src/main/ets/system/CollisionSystem.ets:110:15
[39m
[39m
[31m23 ERROR: [31m10605008 ArkTS Compiler Error
Error Message: Use explicit types instead of "any", "unknown" (arkts-no-any-unknown) At File: K:/study/HarmonyOs/code/chenminghui_BattleCiity/entry/src/main/ets/system/AISystem.ets:79:37
[39m
[39m
[31m24 ERROR: [31m10605008 ArkTS Compiler Error
Error Message: Use explicit types instead of "any", "unknown" (arkts-no-any-unknown) At File: K:/study/HarmonyOs/code/chenminghui_BattleCiity/entry/src/main/ets/system/AISystem.ets:80:15
[39m
[39m
[31m25 ERROR: [31m10605008 ArkTS Compiler Error
Error Message: Use explicit types instead of "any", "unknown" (arkts-no-any-unknown) At File: K:/study/HarmonyOs/code/chenminghui_BattleCiity/entry/src/main/ets/system/AISystem.ets:81:19
[39m
[39m
[31m26 ERROR: [31m10605008 ArkTS Compiler Error
Error Message: Use explicit types instead of "any", "unknown" (arkts-no-any-unknown) At File: K:/study/HarmonyOs/code/chenminghui_BattleCiity/entry/src/main/ets/system/AISystem.ets:83:17
[39m
[39m
[31m27 ERROR: [31m10605040 ArkTS Compiler Error
Error Message: Object literals cannot be used as type declarations (arkts-no-obj-literals-as-types) At File: K:/study/HarmonyOs/code/chenminghui_BattleCiity/entry/src/main/ets/system/PowerUpManager.ets:113:23
[39m
[39m
[31m28 ERROR: [31m10605038 ArkTS Compiler Error
Error Message: Object literal must correspond to some explicitly declared class or interface (arkts-no-untyped-obj-literals) At File: K:/study/HarmonyOs/code/chenminghui_BattleCiity/entry/src/main/ets/system/PowerUpManager.ets:114:41
[39m
[39m
[31m29 ERROR: [31m10605040 ArkTS Compiler Error
Error Message: Object literals cannot be used as type declarations (arkts-no-obj-literals-as-types) At File: K:/study/HarmonyOs/code/chenminghui_BattleCiity/entry/src/main/ets/GameController.ets:45:13
[39m
[39m
[31m30 ERROR: [31m10605038 ArkTS Compiler Error
Error Message: Object literal must correspond to some explicitly declared class or interface (arkts-no-untyped-obj-literals) At File: K:/study/HarmonyOs/code/chenminghui_BattleCiity/entry/src/main/ets/GameController.ets:45:71
[39m
[39m
[31m31 ERROR: [31m10605040 ArkTS Compiler Error
Error Message: Object literals cannot be used as type declarations (arkts-no-obj-literals-as-types) At File: K:/study/HarmonyOs/code/chenminghui_BattleCiity/entry/src/main/ets/GameController.ets:52:24
[39m
[39m
[31m32 ERROR: [31m10605030 ArkTS Compiler Error
Error Message: Structural typing is not supported (arkts-no-structural-typing) At File: K:/study/HarmonyOs/code/chenminghui_BattleCiity/entry/src/main/ets/GameController.ets:149:31
[39m
[39m
[31m33 ERROR: [31m10605030 ArkTS Compiler Error
Error Message: Structural typing is not supported (arkts-no-structural-typing) At File: K:/study/HarmonyOs/code/chenminghui_BattleCiity/entry/src/main/ets/GameController.ets:172:29
[39m
[39m
[31m34 ERROR: [31m10605030 ArkTS Compiler Error
Error Message: Structural typing is not supported (arkts-no-structural-typing) At File: K:/study/HarmonyOs/code/chenminghui_BattleCiity/entry/src/main/ets/GameController.ets:335:34
[39m
[39m
[31m35 ERROR: [31m10605030 ArkTS Compiler Error
Error Message: Structural typing is not supported (arkts-no-structural-typing) At File: K:/study/HarmonyOs/code/chenminghui_BattleCiity/entry/src/main/ets/GameController.ets:408:31
[39m
[39m
[31m36 ERROR: [31m10605030 ArkTS Compiler Error
Error Message: Structural typing is not supported (arkts-no-structural-typing) At File: K:/study/HarmonyOs/code/chenminghui_BattleCiity/entry/src/main/ets/GameController.ets:413:47
[39m
[39m
[31m37 ERROR: [31m10605030 ArkTS Compiler Error
Error Message: Structural typing is not supported (arkts-no-structural-typing) At File: K:/study/HarmonyOs/code/chenminghui_BattleCiity/entry/src/main/ets/GameController.ets:418:47
[39m
[39m
[31m38 ERROR: [31m10605030 ArkTS Compiler Error
Error Message: Structural typing is not supported (arkts-no-structural-typing) At File: K:/study/HarmonyOs/code/chenminghui_BattleCiity/entry/src/main/ets/GameController.ets:422:52
[39m
[39m
[31m39 ERROR: [31m10605030 ArkTS Compiler Error
Error Message: Structural typing is not supported (arkts-no-structural-typing) At File: K:/study/HarmonyOs/code/chenminghui_BattleCiity/entry/src/main/ets/GameController.ets:426:44
[39m
[39m
[31m40 ERROR: [31m10605040 ArkTS Compiler Error
Error Message: Object literals cannot be used as type declarations (arkts-no-obj-literals-as-types) At File: K:/study/HarmonyOs/code/chenminghui_BattleCiity/entry/src/main/ets/pages/GamePage.ets:22:25
[39m
[39m
[31m41 ERROR: [31m10605040 ArkTS Compiler Error
Error Message: Object literals cannot be used as type declarations (arkts-no-obj-literals-as-types) At File: K:/study/HarmonyOs/code/chenminghui_BattleCiity/entry/src/main/ets/pages/GamePage.ets:134:50
[39m
[39m
[31m42 ERROR: [31m10505001 ArkTS Compiler Error
Error Message: Property 'spawnQueue' is private and only accessible within class 'GameController'. At File: K:/study/HarmonyOs/code/chenminghui_BattleCiity/entry/src/main/ets/pages/GamePage.ets:52:76
[39m
[39m
[31mCOMPILE RESULT:FAIL {ERROR:43 WARN:16}[39m
    at runArkPack (K:\study\HarmonyOs\software\DevEcoStudio\DevEco Studio\tools\hvigor\hvigor-ohos-plugin\node_modules\@ohos\hvigor-arkts-compose\dist\src\arkts-pack.js:1:5736)
ArkTSCompilerError: ArkTS Compiler Error
    at throwArkTsCompilerError (K:\study\HarmonyOs\software\DevEcoStudio\DevEco Studio\tools\hvigor\hvigor-ohos-plugin\node_modules\@ohos\hvigor-arkts-compose\dist\src\data\compose-error.js:1:423)
    at throwErrorIfHasErrorInfo (K:\study\HarmonyOs\software\DevEcoStudio\DevEco Studio\tools\hvigor\hvigor-ohos-plugin\node_modules\@ohos\hvigor-arkts-compose\dist\src\plugins\common-plugin.js:1:4478)
    at Object.handler (K:\study\HarmonyOs\software\DevEcoStudio\DevEco Studio\tools\hvigor\hvigor-ohos-plugin\node_modules\@ohos\hvigor-arkts-compose\dist\src\plugins\common-plugin.js:1:2547)
    at K:\study\HarmonyOs\software\DevEcoStudio\DevEco Studio\tools\hvigor\hvigor-ohos-plugin\node_modules\@ohos\hvigor-arkts-base\node_modules\rollup\dist\shared\rollup.js:27765:40
[2026-05-07T17:17:55.900] [ERROR] debug-file - BUILD FAILED in 2 s 77 ms 
[2026-05-07T17:17:55.900] [DEBUG] debug-file - There is no need to refresh cache, since the incremental task entry:default@PreBuild is up-to-date.
[2026-05-07T17:17:55.900] [DEBUG] debug-file - Update task entry:default@CreateModuleInfo output file:K:\study\HarmonyOs\code\chenminghui_BattleCiity\entry\build\default\generated\profile\default\ModuleInfo.ts cache.
[2026-05-07T17:17:55.901] [DEBUG] debug-file - Incremental task entry:default@CreateModuleInfo post-execution cost:1 ms .
[2026-05-07T17:17:55.901] [DEBUG] debug-file - There is no need to refresh cache, since the incremental task entry:default@GenerateMetadata is up-to-date.
[2026-05-07T17:17:55.901] [DEBUG] debug-file - There is no need to refresh cache, since the incremental task entry:default@MergeProfile is up-to-date.
[2026-05-07T17:17:55.901] [DEBUG] debug-file - There is no need to refresh cache, since the incremental task entry:default@CreateBuildProfile is up-to-date.
[2026-05-07T17:17:55.901] [DEBUG] debug-file - Update task entry:default@GeneratePkgContextInfo output file:K:\study\HarmonyOs\code\chenminghui_BattleCiity\entry\build\default\intermediates\loader\default\pkgContextInfo.json cache.
[2026-05-07T17:17:55.901] [DEBUG] debug-file - Incremental task entry:default@GeneratePkgContextInfo post-execution cost:1 ms .
[2026-05-07T17:17:55.901] [DEBUG] debug-file - Update task entry:default@ProcessIntegratedHsp output file:K:\study\HarmonyOs\code\chenminghui_BattleCiity\build\cache\default\integrated_hsp\integratedHspCache.json cache.
[2026-05-07T17:17:55.901] [DEBUG] debug-file - Incremental task entry:default@ProcessIntegratedHsp post-execution cost:1 ms .
[2026-05-07T17:17:55.901] [DEBUG] debug-file - There is no need to refresh cache, since the incremental task entry:default@MakePackInfo is up-to-date.
[2026-05-07T17:17:55.901] [DEBUG] debug-file - Update task entry:default@SyscapTransform input file:K:\study\HarmonyOs\software\DevEcoStudio\DevEco Studio\sdk\default\openharmony\toolchains\syscap_tool.exe cache by regenerate.
[2026-05-07T17:17:55.901] [DEBUG] debug-file - Update task entry:default@SyscapTransform input file:K:\study\HarmonyOs\software\DevEcoStudio\DevEco Studio\sdk\default\openharmony\ets\api\device-define cache by regenerate.
[2026-05-07T17:17:55.902] [DEBUG] debug-file - Update task entry:default@SyscapTransform output file:K:\study\HarmonyOs\code\chenminghui_BattleCiity\entry\build\default\intermediates\syscap\default\rpcid.sc cache.
[2026-05-07T17:17:55.902] [DEBUG] debug-file - Incremental task entry:default@SyscapTransform post-execution cost:1 ms .
[2026-05-07T17:17:55.902] [DEBUG] debug-file - There is no need to refresh cache, since the incremental task entry:default@ProcessProfile is up-to-date.
[2026-05-07T17:17:55.902] [DEBUG] debug-file - There is no need to refresh cache, since the incremental task entry:default@ProcessRouterMap is up-to-date.
[2026-05-07T17:17:55.902] [DEBUG] debug-file - There is no need to refresh cache, since the incremental task entry:default@ProcessShareConfig is up-to-date.
[2026-05-07T17:17:55.902] [DEBUG] debug-file - Update task entry:default@ProcessStartupConfig output file:K:\study\HarmonyOs\code\chenminghui_BattleCiity\entry\build\default\intermediates\startup\default\startup_config.json cache.
[2026-05-07T17:17:55.902] [DEBUG] debug-file - Incremental task entry:default@ProcessStartupConfig post-execution cost:1 ms .
[2026-05-07T17:17:55.902] [DEBUG] debug-file - There is no need to refresh cache, since the incremental task entry:default@ProcessResource is up-to-date.
[2026-05-07T17:17:55.903] [DEBUG] debug-file - Update task entry:default@GenerateLoaderJson input file:K:\study\HarmonyOs\code\chenminghui_BattleCiity\entry\build\default\intermediates\router_map\default\temp-router-map.json cache by regenerate.
[2026-05-07T17:17:55.903] [DEBUG] debug-file - Update task entry:default@GenerateLoaderJson output file:K:\study\HarmonyOs\code\chenminghui_BattleCiity\entry\build\default\intermediates\loader\default\loader.json cache.
[2026-05-07T17:17:55.903] [DEBUG] debug-file - Incremental task entry:default@GenerateLoaderJson post-execution cost:1 ms .
[2026-05-07T17:17:55.903] [DEBUG] debug-file - There is no need to refresh cache, since the incremental task entry:default@ProcessLibs is up-to-date.
[2026-05-07T17:17:55.904] [DEBUG] debug-file - Update task entry:default@CompileResource input file:K:\study\HarmonyOs\code\chenminghui_BattleCiity\entry\src\main\resources cache from map.
[2026-05-07T17:17:55.904] [DEBUG] debug-file - Update task entry:default@CompileResource input file:K:\study\HarmonyOs\code\chenminghui_BattleCiity\AppScope\resources cache by regenerate.
[2026-05-07T17:17:55.904] [DEBUG] debug-file - Update task entry:default@CompileResource input file:K:\study\HarmonyOs\code\chenminghui_BattleCiity\entry\build\default\intermediates\process_profile\default\module.json cache by regenerate.
[2026-05-07T17:17:55.904] [DEBUG] debug-file - Update task entry:default@CompileResource input file:K:\study\HarmonyOs\code\chenminghui_BattleCiity\entry\build\default\intermediates\res\default\resConfig.json cache by regenerate.
[2026-05-07T17:17:55.905] [DEBUG] debug-file - Update task entry:default@CompileResource output file:K:\study\HarmonyOs\code\chenminghui_BattleCiity\entry\build\default\intermediates\res\default cache.
[2026-05-07T17:17:55.907] [DEBUG] debug-file - Update task entry:default@CompileResource output file:K:\study\HarmonyOs\code\chenminghui_BattleCiity\entry\build\default\generated\r\default\ResourceTable.h cache.
[2026-05-07T17:17:55.908] [DEBUG] debug-file - Update task entry:default@CompileResource output file:K:\study\HarmonyOs\code\chenminghui_BattleCiity\entry\build\default\generated\r\default cache.
[2026-05-07T17:17:55.908] [DEBUG] debug-file - Incremental task entry:default@CompileResource post-execution cost:5 ms .
[2026-05-07T17:17:55.908] [DEBUG] debug-file - There is no need to refresh cache, since the incremental task entry:default@DoNativeStrip is up-to-date.
[2026-05-07T17:17:55.909] [DEBUG] debug-file - Update task entry:default@CompileArkTS input file:K:\study\HarmonyOs\code\chenminghui_BattleCiity\entry\build\default\intermediates\loader\default cache from map.
[2026-05-07T17:17:55.909] [DEBUG] debug-file - Update task entry:default@CompileArkTS input file:K:\study\HarmonyOs\code\chenminghui_BattleCiity\entry\build\default\intermediates\res\default\resources\rawfile cache by regenerate.
[2026-05-07T17:17:55.910] [DEBUG] debug-file - Update task entry:default@CompileArkTS input file:K:\study\HarmonyOs\code\chenminghui_BattleCiity\entry\build\default\intermediates\res\default\ResourceTable.txt cache by regenerate.
[2026-05-07T17:17:55.910] [DEBUG] debug-file - Update task entry:default@CompileArkTS input file:K:\study\HarmonyOs\code\chenminghui_BattleCiity\entry\build\default\intermediates\res\default\ark_module.json cache by regenerate.
[2026-05-07T17:17:55.910] [DEBUG] debug-file - Update task entry:default@CompileArkTS input file:K:\study\HarmonyOs\code\chenminghui_BattleCiity\entry\build\default\intermediates\res\default\resources\base\profile cache by regenerate.
[2026-05-07T17:17:55.910] [DEBUG] debug-file - Update task entry:default@CompileArkTS input file:K:\study\HarmonyOs\code\chenminghui_BattleCiity\entry\src\main\ets cache by regenerate.
[2026-05-07T17:17:55.913] [DEBUG] debug-file - Update task entry:default@CompileArkTS input file:K:\study\HarmonyOs\code\chenminghui_BattleCiity\entry\build\default\generated\profile\default\BuildProfile.ets cache by regenerate.
[2026-05-07T17:17:55.913] [DEBUG] debug-file - Update task entry:default@CompileArkTS output file:K:\study\HarmonyOs\code\chenminghui_BattleCiity\entry\build\default\intermediates\loader_out\default\ets cache.
[2026-05-07T17:17:55.913] [DEBUG] debug-file - Incremental task entry:default@CompileArkTS post-execution cost:6 ms .
[2026-05-07T17:17:55.914] [DEBUG] debug-file - Update task entry:default@BuildJS input file:K:\study\HarmonyOs\code\chenminghui_BattleCiity\entry\build\default\intermediates\loader\default cache by regenerate.
[2026-05-07T17:17:55.914] [DEBUG] debug-file - Update task entry:default@BuildJS input file:K:\study\HarmonyOs\code\chenminghui_BattleCiity\entry\build\default\intermediates\res\default\resources\rawfile cache by regenerate.
[2026-05-07T17:17:55.915] [DEBUG] debug-file - Update task entry:default@BuildJS input file:K:\study\HarmonyOs\code\chenminghui_BattleCiity\entry\build\default\intermediates\res\default\ResourceTable.txt cache by regenerate.
[2026-05-07T17:17:55.915] [DEBUG] debug-file - Update task entry:default@BuildJS input file:K:\study\HarmonyOs\code\chenminghui_BattleCiity\entry\build\default\intermediates\res\default\ark_module.json cache by regenerate.
[2026-05-07T17:17:55.915] [DEBUG] debug-file - Update task entry:default@BuildJS input file:K:\study\HarmonyOs\code\chenminghui_BattleCiity\entry\build\default\intermediates\res\default\resources\base\profile cache by regenerate.
[2026-05-07T17:17:55.915] [DEBUG] debug-file - Update task entry:default@BuildJS output file:K:\study\HarmonyOs\code\chenminghui_BattleCiity\entry\build\default\intermediates\loader_out\default\js cache.
[2026-05-07T17:17:55.916] [DEBUG] debug-file - Incremental task entry:default@BuildJS post-execution cost:3 ms .
[2026-05-07T17:17:55.916] [DEBUG] debug-file - There is no need to refresh cache, since the incremental task entry:default@CacheNativeLibs is up-to-date.
[2026-05-07T17:17:55.929] [DEBUG] debug-file - Cleanup worker 18.
[2026-05-07T17:17:55.929] [DEBUG] debug-file - Worker 18 has been cleaned up.
[2026-05-07T17:17:55.929] [DEBUG] debug-file - Current idle worker size: 1.
[2026-05-07T17:17:55.929] [DEBUG] debug-file - Current resident worker size: 2.
[2026-05-07T17:17:55.930] [DEBUG] debug-file - hvigor build process will be closed.
[2026-05-07T17:17:55.935] [DEBUG] debug-file - session manager: send message to worker process.
[2026-05-07T17:17:55.935] [DEBUG] debug-file - session manager: send message to worker process.
[2026-05-07T17:17:55.935] [DEBUG] debug-file - worker[18] exits with exit code 1.
[2026-05-07T17:17:55.935] [DEBUG] debug-file - watch worker: worker id should be larger than 0. Nothing will be sent to any worker thread.
[2026-05-07T17:17:55.936] [DEBUG] debug-file - watch worker: worker id should be larger than 0. Nothing will be sent to any worker thread.
[2026-05-07T17:31:47.061] [DEBUG] debug-file - session manager: set active socket. socketId=mYguWAMDVXIVDZi6AAAF
[2026-05-07T17:31:47.067] [DEBUG] debug-file - watch worker: worker id should be larger than 0. Nothing will be sent to any worker thread.
[2026-05-07T17:31:47.070] [DEBUG] debug-file - Workers' log level updated to INFO
[2026-05-07T17:31:47.073] [DEBUG] debug-file - Hvigor init with startParameters:{
  hvigorfileTypeCheck: false,
  parallelExecution: true,
  incrementalExecution: true,
  printStackTrace: false,
  daemon: true,
  analyze: 0,
  logLevel: Level { level: 20000, levelStr: 'INFO', colour: 'green' },
  optimizationStrategy: 'memory',
  hotCompile: undefined,
  hotReloadBuild: undefined,
  customizedParam: undefined
}
[2026-05-07T17:31:47.075] [DEBUG] debug-file - Cache service initialization finished in 3 ms 
[2026-05-07T17:31:47.076] [DEBUG] debug-file - hvigorfile, resolving K:\study\HarmonyOs\code\chenminghui_BattleCiity\hvigorfile.ts
[2026-05-07T17:31:47.082] [DEBUG] debug-file - hvigorfile, require result:  { default: { plugins: [] } }
[2026-05-07T17:31:47.083] [DEBUG] debug-file - hvigorfile, binding system plugins null
[2026-05-07T17:31:47.083] [DEBUG] debug-file - Starting plugin build process
[2026-05-07T17:31:47.083] [DEBUG] debug-file - App plugin prepare start...
[2026-05-07T17:31:47.084] [DEBUG] debug-file - App plugin prepare end...
[2026-05-07T17:31:47.084] [DEBUG] debug-file - App plugin creating...
[2026-05-07T17:31:47.089] [DEBUG] debug-file - App plugin register hook start...
[2026-05-07T17:31:47.089] [DEBUG] debug-file - App plugin register hook end...
[2026-05-07T17:31:47.089] [DEBUG] debug-file - Plugin build process completed
[2026-05-07T17:31:47.090] [DEBUG] debug-file - Start initialize project's product build option map with build mode debug.
[2026-05-07T17:31:47.090] [DEBUG] debug-file - Picking option from product 'default' with build mode 'debug'.
[2026-05-07T17:31:47.090] [DEBUG] debug-file - Product 'default' build option initialized
[2026-05-07T17:31:47.090] [DEBUG] debug-file - End initialize project's product build option map with build mode 'debug'.
[2026-05-07T17:31:47.091] [DEBUG] debug-file - Obtain build option for product 'default'in this build.
[2026-05-07T17:31:47.092] [DEBUG] debug-file - No signingConfig found, initRemoteHspCache failed.
[2026-05-07T17:31:47.095] [DEBUG] debug-file - Start recording SDK configuration permission data.
[2026-05-07T17:31:47.121] [DEBUG] debug-file - Sdk init in 29 ms 
[2026-05-07T17:31:47.124] [DEBUG] debug-file - Project task initialization takes 3 ms 
[2026-05-07T17:31:47.124] [DEBUG] debug-file - hvigorfile, binding custom plugins []
[2026-05-07T17:31:47.124] [DEBUG] debug-file - hvigorfile, no custom plugins were found in K:\study\HarmonyOs\code\chenminghui_BattleCiity\hvigorfile.ts
[2026-05-07T17:31:47.124] [DEBUG] debug-file - hvigorfile, resolve finished K:\study\HarmonyOs\code\chenminghui_BattleCiity\hvigorfile.ts
[2026-05-07T17:31:47.125] [DEBUG] debug-file - hvigorfile, resolving K:\study\HarmonyOs\code\chenminghui_BattleCiity\entry\hvigorfile.ts
[2026-05-07T17:31:47.129] [DEBUG] debug-file - hvigorfile, require result:  { default: { plugins: [] } }
[2026-05-07T17:31:47.129] [DEBUG] debug-file - hvigorfile, binding system plugins null
[2026-05-07T17:31:47.129] [DEBUG] debug-file - Starting plugin build process
[2026-05-07T17:31:47.129] [DEBUG] debug-file - Hap plugin creating...
[2026-05-07T17:31:47.130] [DEBUG] debug-file - failed to load cangjie to dynamically generate schemas: Error: Cannot find module '@ohos/cangjie-build-support/index'
Require stack:
- K:\study\HarmonyOs\software\DevEcoStudio\DevEco Studio\tools\hvigor\hvigor-ohos-plugin\src\plugin\hooks\cangjie-register.js
- K:\study\HarmonyOs\software\DevEcoStudio\DevEco Studio\tools\hvigor\hvigor-ohos-plugin\src\plugin\strategy\stage-init-strategy.js
- K:\study\HarmonyOs\software\DevEcoStudio\DevEco Studio\tools\hvigor\hvigor-ohos-plugin\src\plugin\builder\abstract-plugin-builder.js
- K:\study\HarmonyOs\software\DevEcoStudio\DevEco Studio\tools\hvigor\hvigor-ohos-plugin\src\plugin\builder\app-plugin-builder.js
- K:\study\HarmonyOs\software\DevEcoStudio\DevEco Studio\tools\hvigor\hvigor-ohos-plugin\src\plugin\factory\plugin-factory.js
- K:\study\HarmonyOs\software\DevEcoStudio\DevEco Studio\tools\hvigor\hvigor-ohos-plugin\index.js
- K:\study\HarmonyOs\code\chenminghui_BattleCiity\hvigorfile.ts
- K:\study\HarmonyOs\software\DevEcoStudio\DevEco Studio\tools\hvigor\hvigor\src\base\internal\lifecycle\configuration.js
- K:\study\HarmonyOs\software\DevEcoStudio\DevEco Studio\tools\hvigor\hvigor\src\base\boot\index.js
- K:\study\HarmonyOs\software\DevEcoStudio\DevEco Studio\tools\hvigor\hvigor\src\base\daemon\cluster\worker-process-lifecycle.js
- K:\study\HarmonyOs\software\DevEcoStudio\DevEco Studio\tools\hvigor\hvigor\src\base\daemon\process\daemon-process-boot-script.js
[2026-05-07T17:31:47.131] [DEBUG] debug-file - Start initialize module-target build option map, moduleName=entry, buildMode=release
[2026-05-07T17:31:47.131] [DEBUG] debug-file - Target 'default' config initialized
[2026-05-07T17:31:47.132] [DEBUG] debug-file - Module 'entry' target 'default' build option initialized
[2026-05-07T17:31:47.132] [DEBUG] debug-file - End initialize module-target build option map, moduleName=entry
[2026-05-07T17:31:47.132] [DEBUG] debug-file - Start initialize module-target build option map, moduleName=entry, buildMode=debug
[2026-05-07T17:31:47.132] [DEBUG] debug-file - Target 'default' config initialized
[2026-05-07T17:31:47.132] [DEBUG] debug-file - Module 'entry' target 'default' build option initialized
[2026-05-07T17:31:47.132] [DEBUG] debug-file - End initialize module-target build option map, moduleName=entry
[2026-05-07T17:31:47.133] [DEBUG] debug-file - Start initialize module-target build option map, moduleName=entry, buildMode=debug
[2026-05-07T17:31:47.133] [DEBUG] debug-file - Target 'default' config initialized
[2026-05-07T17:31:47.133] [DEBUG] debug-file - Module 'entry' target 'default' build option initialized
[2026-05-07T17:31:47.133] [DEBUG] debug-file - End initialize module-target build option map, moduleName=entry
[2026-05-07T17:31:47.133] [DEBUG] debug-file - Obtain build option for module 'entry' target 'default'in this build.
[2026-05-07T17:31:47.134] [DEBUG] debug-file - Module entry task initialization takes 1 ms 
[2026-05-07T17:31:47.134] [DEBUG] debug-file - Hap plugin register hook start...
[2026-05-07T17:31:47.134] [DEBUG] debug-file - Hap plugin register hook end...
[2026-05-07T17:31:47.134] [DEBUG] debug-file - Plugin build process completed
[2026-05-07T17:31:47.134] [DEBUG] debug-file - hvigorfile, binding custom plugins []
[2026-05-07T17:31:47.134] [DEBUG] debug-file - hvigorfile, no custom plugins were found in K:\study\HarmonyOs\code\chenminghui_BattleCiity\entry\hvigorfile.ts
[2026-05-07T17:31:47.134] [DEBUG] debug-file - hvigorfile, resolve finished K:\study\HarmonyOs\code\chenminghui_BattleCiity\entry\hvigorfile.ts
[2026-05-07T17:31:47.153] [DEBUG] debug-file - hvigorfile, resolve hvigorfile dependencies in 19 ms 
[2026-05-07T17:31:47.154] [DEBUG] debug-file - project has submodules:entry
[2026-05-07T17:31:47.155] [DEBUG] debug-file - start to load updatedOhPackageInfo to the disk
[2026-05-07T17:31:47.159] [DEBUG] debug-file - load to the disk finished
[2026-05-07T17:31:47.160] [DEBUG] debug-file - Start to initialize dependency information.
[2026-05-07T17:31:47.160] [DEBUG] debug-file - Module chenminghui_BattleCiity Collected Dependency: 
[2026-05-07T17:31:47.160] [DEBUG] debug-file - Module chenminghui_BattleCiity's total dependency: 0
[2026-05-07T17:31:47.161] [DEBUG] debug-file - Start to initialize dependency information.
[2026-05-07T17:31:47.162] [DEBUG] debug-file - Module entry Collected Dependency: 
[2026-05-07T17:31:47.162] [DEBUG] debug-file - Module entry's total dependency: 0
[2026-05-07T17:31:47.163] [DEBUG] debug-file - Configuration phase cost:89 ms 
[2026-05-07T17:31:47.164] [DEBUG] debug-file - Configuration task cost before running: 95 ms 
[2026-05-07T17:31:47.166] [DEBUG] debug-file - Executing task :entry:default@PreBuild
[2026-05-07T17:31:47.167] [DEBUG] debug-file - Task 'entry:default@PreBuild' cost while wrapping incremental declarations: 1 ms 
[2026-05-07T17:31:47.171] [DEBUG] debug-file - Incremental task entry:default@PreBuild pre-execution cost: 3 ms .
[2026-05-07T17:31:47.171] [DEBUG] debug-file - entry : default@PreBuild cost memory 0.30268096923828125
[2026-05-07T17:31:47.172] [INFO] debug-file - UP-TO-DATE :entry:default@PreBuild...  
[2026-05-07T17:31:47.173] [DEBUG] debug-file - Executing task :entry:default@CreateModuleInfo
[2026-05-07T17:31:47.173] [DEBUG] debug-file - Task 'entry:default@CreateModuleInfo' cost while wrapping incremental declarations: 1 ms 
[2026-05-07T17:31:47.174] [DEBUG] debug-file - entry : default@CreateModuleInfo cost memory 0.04186248779296875
[2026-05-07T17:31:47.174] [DEBUG] debug-file - runTaskFromQueue task cost before running: 104 ms 
[2026-05-07T17:31:47.174] [INFO] debug-file - Finished :entry:default@CreateModuleInfo... after 1 ms 
[2026-05-07T17:31:47.175] [DEBUG] debug-file - Executing task :entry:default@GenerateMetadata
[2026-05-07T17:31:47.175] [DEBUG] debug-file - Task 'entry:default@GenerateMetadata' cost while wrapping incremental declarations: 1 ms 
[2026-05-07T17:31:47.176] [DEBUG] debug-file - Incremental task entry:default@GenerateMetadata pre-execution cost: 1 ms .
[2026-05-07T17:31:47.176] [DEBUG] debug-file - entry : default@GenerateMetadata cost memory 0.0853271484375
[2026-05-07T17:31:47.176] [INFO] debug-file - UP-TO-DATE :entry:default@GenerateMetadata...  
[2026-05-07T17:31:47.177] [DEBUG] debug-file - Executing task :entry:default@ConfigureCmake
[2026-05-07T17:31:47.177] [DEBUG] debug-file - entry : default@ConfigureCmake cost memory 0.0144805908203125
[2026-05-07T17:31:47.177] [DEBUG] debug-file - runTaskFromQueue task cost before running: 108 ms 
[2026-05-07T17:31:47.177] [INFO] debug-file - Finished :entry:default@ConfigureCmake... after 1 ms 
[2026-05-07T17:31:47.178] [DEBUG] debug-file - Executing task :entry:default@MergeProfile
[2026-05-07T17:31:47.178] [DEBUG] debug-file - Task 'entry:default@MergeProfile' cost while wrapping incremental declarations: 1 ms 
[2026-05-07T17:31:47.180] [DEBUG] debug-file - Incremental task entry:default@MergeProfile pre-execution cost: 2 ms .
[2026-05-07T17:31:47.180] [DEBUG] debug-file - entry : default@MergeProfile cost memory 0.12436676025390625
[2026-05-07T17:31:47.181] [INFO] debug-file - UP-TO-DATE :entry:default@MergeProfile...  
[2026-05-07T17:31:47.182] [DEBUG] debug-file - Executing task :entry:default@CreateBuildProfile
[2026-05-07T17:31:47.183] [DEBUG] debug-file - Task 'entry:default@CreateBuildProfile' cost while wrapping incremental declarations: 1 ms 
[2026-05-07T17:31:47.184] [DEBUG] debug-file - Incremental task entry:default@CreateBuildProfile pre-execution cost: 1 ms .
[2026-05-07T17:31:47.184] [DEBUG] debug-file - entry : default@CreateBuildProfile cost memory 0.092559814453125
[2026-05-07T17:31:47.184] [INFO] debug-file - UP-TO-DATE :entry:default@CreateBuildProfile...  
[2026-05-07T17:31:47.185] [DEBUG] debug-file - Executing task :entry:default@PreCheckSyscap
[2026-05-07T17:31:47.185] [DEBUG] debug-file - entry : default@PreCheckSyscap cost memory 0.01470184326171875
[2026-05-07T17:31:47.185] [DEBUG] debug-file - runTaskFromQueue task cost before running: 116 ms 
[2026-05-07T17:31:47.185] [INFO] debug-file - Finished :entry:default@PreCheckSyscap... after 1 ms 
[2026-05-07T17:31:47.186] [DEBUG] debug-file - Executing task :entry:default@GeneratePkgContextInfo
[2026-05-07T17:31:47.189] [DEBUG] debug-file - Task 'entry:default@GeneratePkgContextInfo' cost while wrapping incremental declarations: 1 ms 
[2026-05-07T17:31:47.189] [DEBUG] debug-file - entry : default@GeneratePkgContextInfo cost memory 0.16271209716796875
[2026-05-07T17:31:47.189] [DEBUG] debug-file - runTaskFromQueue task cost before running: 120 ms 
[2026-05-07T17:31:47.189] [INFO] debug-file - Finished :entry:default@GeneratePkgContextInfo... after 3 ms 
[2026-05-07T17:31:47.192] [DEBUG] debug-file - Executing task :entry:default@ProcessIntegratedHsp
[2026-05-07T17:31:47.192] [DEBUG] debug-file - entry:default@ProcessIntegratedHsp is not up-to-date, since the output file 'K:\study\HarmonyOs\code\chenminghui_BattleCiity\build\cache\default\integrated_hsp\integratedHspCache.json' does not exist.
[2026-05-07T17:31:47.192] [DEBUG] debug-file - Incremental task entry:default@ProcessIntegratedHsp pre-execution cost: 1 ms .
[2026-05-07T17:31:47.192] [DEBUG] debug-file - entry : default@ProcessIntegratedHsp cost memory 0.05818939208984375
[2026-05-07T17:31:47.192] [DEBUG] debug-file - runTaskFromQueue task cost before running: 123 ms 
[2026-05-07T17:31:47.192] [INFO] debug-file - Finished :entry:default@ProcessIntegratedHsp... after 1 ms 
[2026-05-07T17:31:47.193] [DEBUG] debug-file - Executing task :entry:default@BuildNativeWithCmake
[2026-05-07T17:31:47.193] [DEBUG] debug-file - entry : default@BuildNativeWithCmake cost memory 0.0144805908203125
[2026-05-07T17:31:47.193] [DEBUG] debug-file - runTaskFromQueue task cost before running: 124 ms 
[2026-05-07T17:31:47.194] [INFO] debug-file - Finished :entry:default@BuildNativeWithCmake... after 1 ms 
[2026-05-07T17:31:47.194] [DEBUG] debug-file - Executing task :entry:default@MakePackInfo
[2026-05-07T17:31:47.196] [DEBUG] debug-file - Incremental task entry:default@MakePackInfo pre-execution cost: 1 ms .
[2026-05-07T17:31:47.196] [DEBUG] debug-file - entry : default@MakePackInfo cost memory 0.10713958740234375
[2026-05-07T17:31:47.196] [INFO] debug-file - UP-TO-DATE :entry:default@MakePackInfo...  
[2026-05-07T17:31:47.196] [DEBUG] debug-file - Executing task :entry:default@SyscapTransform
[2026-05-07T17:31:47.197] [DEBUG] debug-file - File: 'K:\study\HarmonyOs\code\chenminghui_BattleCiity\entry\src\main\syscap.json' from 'sysCapJsonPath' is not exists, just ignore.
[2026-05-07T17:31:47.197] [DEBUG] debug-file - Task 'entry:default@SyscapTransform' cost while wrapping incremental declarations: 1 ms 
[2026-05-07T17:31:47.198] [DEBUG] debug-file - entry:default@SyscapTransform is not up-to-date, since the output file 'K:\study\HarmonyOs\code\chenminghui_BattleCiity\entry\build\default\intermediates\syscap\default\rpcid.sc' does not exist.
[2026-05-07T17:31:47.198] [DEBUG] debug-file - Incremental task entry:default@SyscapTransform pre-execution cost: 2 ms .
[2026-05-07T17:31:47.198] [DEBUG] debug-file - entry : default@SyscapTransform cost memory 0.1543121337890625
[2026-05-07T17:31:47.198] [DEBUG] debug-file - runTaskFromQueue task cost before running: 129 ms 
[2026-05-07T17:31:47.198] [INFO] debug-file - Finished :entry:default@SyscapTransform... after 2 ms 
[2026-05-07T17:31:47.199] [DEBUG] debug-file - Executing task :entry:default@ProcessProfile
[2026-05-07T17:31:47.200] [DEBUG] debug-file - Task 'entry:default@ProcessProfile' cost while wrapping incremental declarations: 1 ms 
[2026-05-07T17:31:47.201] [DEBUG] debug-file - Incremental task entry:default@ProcessProfile pre-execution cost: 2 ms .
[2026-05-07T17:31:47.202] [DEBUG] debug-file - entry : default@ProcessProfile cost memory -1.44140625
[2026-05-07T17:31:47.202] [INFO] debug-file - UP-TO-DATE :entry:default@ProcessProfile...  
[2026-05-07T17:31:47.203] [DEBUG] debug-file - Executing task :entry:default@ProcessRouterMap
[2026-05-07T17:31:47.205] [DEBUG] debug-file - Incremental task entry:default@ProcessRouterMap pre-execution cost: 2 ms .
[2026-05-07T17:31:47.205] [DEBUG] debug-file - entry : default@ProcessRouterMap cost memory 0.1397857666015625
[2026-05-07T17:31:47.205] [INFO] debug-file - UP-TO-DATE :entry:default@ProcessRouterMap...  
[2026-05-07T17:31:47.206] [DEBUG] debug-file - Executing task :entry:default@ProcessShareConfig
[2026-05-07T17:31:47.207] [DEBUG] debug-file - Incremental task entry:default@ProcessShareConfig pre-execution cost: 1 ms .
[2026-05-07T17:31:47.208] [DEBUG] debug-file - entry : default@ProcessShareConfig cost memory 0.11243438720703125
[2026-05-07T17:31:47.208] [INFO] debug-file - UP-TO-DATE :entry:default@ProcessShareConfig...  
[2026-05-07T17:31:47.209] [DEBUG] debug-file - Executing task :entry:default@ProcessStartupConfig
[2026-05-07T17:31:47.209] [DEBUG] debug-file - Task 'entry:default@ProcessStartupConfig' cost while wrapping incremental declarations: 1 ms 
[2026-05-07T17:31:47.209] [DEBUG] debug-file - entry:default@ProcessStartupConfig is not up-to-date, since the output file 'K:\study\HarmonyOs\code\chenminghui_BattleCiity\entry\build\default\intermediates\startup\default\startup_config.json' does not exist.
[2026-05-07T17:31:47.209] [DEBUG] debug-file - Incremental task entry:default@ProcessStartupConfig pre-execution cost: 1 ms .
[2026-05-07T17:31:47.209] [DEBUG] debug-file - entry : default@ProcessStartupConfig cost memory 0.097381591796875
[2026-05-07T17:31:47.210] [DEBUG] debug-file - runTaskFromQueue task cost before running: 140 ms 
[2026-05-07T17:31:47.210] [INFO] debug-file - Finished :entry:default@ProcessStartupConfig... after 1 ms 
[2026-05-07T17:31:47.210] [DEBUG] debug-file - Executing task :entry:default@BuildNativeWithNinja
[2026-05-07T17:31:47.211] [DEBUG] debug-file - entry : default@BuildNativeWithNinja cost memory 0.0215606689453125
[2026-05-07T17:31:47.211] [DEBUG] debug-file - runTaskFromQueue task cost before running: 142 ms 
[2026-05-07T17:31:47.211] [INFO] debug-file - Finished :entry:default@BuildNativeWithNinja... after 1 ms 
[2026-05-07T17:31:47.213] [DEBUG] debug-file - restool module names: entry; moduleName=entry, taskName=default@ProcessResource
[2026-05-07T17:31:47.214] [DEBUG] debug-file - Executing task :entry:default@ProcessResource
[2026-05-07T17:31:47.214] [DEBUG] debug-file - Task 'entry:default@ProcessResource' cost while wrapping incremental declarations: 1 ms 
[2026-05-07T17:31:47.215] [DEBUG] debug-file - Incremental task entry:default@ProcessResource pre-execution cost: 1 ms .
[2026-05-07T17:31:47.215] [DEBUG] debug-file - entry : default@ProcessResource cost memory 0.1389007568359375
[2026-05-07T17:31:47.216] [INFO] debug-file - UP-TO-DATE :entry:default@ProcessResource...  
[2026-05-07T17:31:47.217] [DEBUG] debug-file - Executing task :entry:default@GenerateLoaderJson
[2026-05-07T17:31:47.217] [DEBUG] debug-file - Task 'entry:default@GenerateLoaderJson' cost while wrapping incremental declarations: 1 ms 
[2026-05-07T17:31:47.224] [DEBUG] debug-file - Incremental task entry:default@GenerateLoaderJson pre-execution cost: 5 ms .
[2026-05-07T17:31:47.224] [DEBUG] debug-file - entry : default@GenerateLoaderJson cost memory -1.1759414672851562
[2026-05-07T17:31:47.228] [INFO] debug-file - UP-TO-DATE :entry:default@GenerateLoaderJson...  
[2026-05-07T17:31:47.229] [DEBUG] debug-file - Executing task :entry:default@ProcessLibs
[2026-05-07T17:31:47.231] [DEBUG] debug-file - Incremental task entry:default@ProcessLibs pre-execution cost: 2 ms .
[2026-05-07T17:31:47.231] [DEBUG] debug-file - entry : default@ProcessLibs cost memory 0.10845184326171875
[2026-05-07T17:31:47.232] [INFO] debug-file - UP-TO-DATE :entry:default@ProcessLibs...  
[2026-05-07T17:31:47.233] [DEBUG] debug-file - restool module names: entry; moduleName=entry, taskName=default@CompileResource
[2026-05-07T17:31:47.233] [DEBUG] debug-file - Executing task :entry:default@CompileResource
[2026-05-07T17:31:47.241] [DEBUG] debug-file - Incremental task entry:default@CompileResource pre-execution cost: 7 ms .
[2026-05-07T17:31:47.241] [DEBUG] debug-file - entry : default@CompileResource cost memory 0.7834625244140625
[2026-05-07T17:31:47.242] [INFO] debug-file - UP-TO-DATE :entry:default@CompileResource...  
[2026-05-07T17:31:47.243] [DEBUG] debug-file - Executing task :entry:default@DoNativeStrip
[2026-05-07T17:31:47.244] [DEBUG] debug-file - Task 'entry:default@DoNativeStrip' cost while wrapping incremental declarations: 1 ms 
[2026-05-07T17:31:47.245] [DEBUG] debug-file - Incremental task entry:default@DoNativeStrip pre-execution cost: 1 ms .
[2026-05-07T17:31:47.245] [DEBUG] debug-file - entry : default@DoNativeStrip cost memory 0.07842254638671875
[2026-05-07T17:31:47.245] [INFO] debug-file - UP-TO-DATE :entry:default@DoNativeStrip...  
[2026-05-07T17:31:47.246] [DEBUG] debug-file - Executing task :entry:default@CompileArkTS
[2026-05-07T17:31:47.246] [DEBUG] debug-file - obfuscationOptions: undefined
[2026-05-07T17:31:47.247] [DEBUG] debug-file - Task 'entry:default@CompileArkTS' cost while wrapping incremental declarations: 1 ms 
[2026-05-07T17:31:47.255] [DEBUG] debug-file - build config:
[2026-05-07T17:31:47.255] [DEBUG] debug-file - {
  moduleType: 'entry',
  perf: 0,
  targetName: '.default',
  packageManagerType: 'ohpm',
  localPropertiesPath: 'K:\\study\\HarmonyOs\\code\\chenminghui_BattleCiity\\local.properties',
  isPreview: false,
  isOhosTest: false,
  isLocalTest: false,
  buildMode: 'Debug',
  hotReloadBuild: undefined,
  watchMode: 'false',
  aceProfilePath: 'K:\\study\\HarmonyOs\\code\\chenminghui_BattleCiity\\entry\\build\\default\\intermediates\\res\\default\\resources\\base\\profile',
  etsLoaderPath: 'K:\\study\\HarmonyOs\\software\\DevEcoStudio\\DevEco Studio\\sdk\\default\\openharmony\\ets\\build-tools\\ets-loader',
  modulePath: 'K:\\study\\HarmonyOs\\code\\chenminghui_BattleCiity\\entry',
  testFrameworkPar: {
    testMode: undefined,
    coveragePathFilter: undefined,
    coverageMode: undefined
  },
  needCoverageInsert: false,
  debugLine: false,
  projectTopDir: 'K:\\study\\HarmonyOs\\code\\chenminghui_BattleCiity',
  compileSdkVersion: 22,
  compatibleSdkVersion: 10,
  originCompatibleSdkVersion: '4.0.0(10)',
  compatibleSdkVersionStage: undefined,
  bundleName: 'c***y',
  etsLoaderVersion: '6.0.2.130',
  etsLoaderReleaseType: 'Release',
  aotCompileMode: 'type',
  apPath: 'K:\\study\\HarmonyOs\\code\\chenminghui_BattleCiity\\entry\\modules.ap',
  entryModuleName: 'entry',
  entryModuleVersion: '1.0.0',
  entryPackageName: 'entry',
  allModuleNameHash: 'a4db1cfab7325329050ebee4afa0d9ca953afb3f6e9b46f820446b7b1027027a',
  externalApiPaths: [
    'K:\\study\\HarmonyOs\\software\\DevEcoStudio\\DevEco Studio\\sdk\\default\\hms\\ets'
  ],
  compilerTypes: [],
  isCrossplatform: false,
  hvigorPluginFile: undefined,
  compilePluginPath: undefined,
  buildGeneratedProfilePath: 'K:\\study\\HarmonyOs\\code\\chenminghui_BattleCiity\\entry\\build\\default\\generated\\profile\\default',
  bundleType: 'app',
  arkTSVersion: undefined,
  apiVersion: 22,
  needCompleteSourcesMap: false,
  isFaMode: false,
  buildDir: 'K:\\study\\HarmonyOs\\code\\chenminghui_BattleCiity\\entry\\build',
  deviceTypes: [ 'phone', 'tablet' ],
  pkgContextInfo: undefined,
  ohPackagePathMap: {},
  dependencyAliasMap: {},
  permission: { requestPermissions: undefined, definePermissions: undefined },
  useGetCurrentBundleName: false,
  projectArkOption: undefined,
  sourceMapDir: undefined,
  branchElimination: false,
  transformLib: undefined,
  tsImportSendable: false,
  resolveConflictMode: true,
  depName2RootPath: {},
  depName2DepInfo: {},
  rootPathSet: [ 'K:\\study\\HarmonyOs\\code\\chenminghui_BattleCiity' ],
  useNativeResolver: true,
  shouldEmitJs: true,
  useTscResolve: false,
  singleFileEmit: false,
  userProjectConfig: {
    autoLazyImport: false,
    allowEmptyBundleName: false,
    reExportCheckMode: 'noCheck',
    executionMode: 'memory',
    usePathPlaceholder: false,
    writeRollupCache: true,
    isExpandImportEnabled: false,
    expandImportExclude: '',
    lazyImportExclude: '',
    lazyImportInclude: '',
    ignoreCrossplatformCheck: false,
    isHarDeduplicateEnabled: false,
    skipOhModulesLint: false,
    enableStrictCheckOHModule: false,
    disableSendableCheckRules: [],
    useDeclarationFileSignature: false,
    customizedOptions: undefined,
    integratedHsp: false,
    isPreloadSoEnabled: false
  },
  executionMode: 'memory',
  arkCompileCachePath: 'K:\\study\\HarmonyOs\\code\\chenminghui_BattleCiity\\entry\\build\\default\\cache\\default\\default@CompileArkTS\\esmodule',
  autoLazyFilter: undefined,
  isHarDeduplicateEnabled: false,
  intermediateHarDuplicateDirPath: 'K:\\study\\HarmonyOs\\code\\chenminghui_BattleCiity\\entry\\build\\default\\intermediates\\har_duplicate\\default',
  autoLazyImport: false,
  allowEmptyBundleName: false,
  reExportCheckMode: 'noCheck',
  usePathPlaceholder: false,
  writeRollupCache: true,
  isExpandImportEnabled: false,
  expandImportExclude: '',
  lazyImportExclude: '',
  lazyImportInclude: '',
  ignoreCrossplatformCheck: false,
  skipOhModulesLint: false,
  enableStrictCheckOHModule: false,
  disableSendableCheckRules: [],
  useDeclarationFileSignature: false,
  customizedOptions: undefined,
  integratedHsp: false,
  isPreloadSoEnabled: false,
  strictMode: undefined,
  useNormalizedOHMUrl: false,
  caseSensitiveCheck: false,
  aceModuleJsonPath: 'K:\\study\\HarmonyOs\\code\\chenminghui_BattleCiity\\entry\\build\\default\\intermediates\\res\\default\\ark_module.json',
  appResource: 'K:\\study\\HarmonyOs\\code\\chenminghui_BattleCiity\\entry\\build\\default\\intermediates\\res\\default\\ResourceTable.txt',
  rawFileResource: 'K:\\study\\HarmonyOs\\code\\chenminghui_BattleCiity\\entry\\build\\default\\intermediates\\res\\default\\resources\\rawfile',
  resourceTableHash: '42116fa57be9f8ac9defd210768d75e197c8b8faeb2d6536c1e619711672b5b7',
  runtimeOS: 'HarmonyOS',
  sdkInfo: 'false:22:6.0.2.130:Release',
  aceModuleRoot: 'K:\\study\\HarmonyOs\\code\\chenminghui_BattleCiity\\entry\\src\\main\\ets',
  compileMode: 'esmodule',
  aceSuperVisualPath: 'K:\\study\\HarmonyOs\\code\\chenminghui_BattleCiity\\entry\\src\\main\\supervisual',
  aceBuildJson: 'K:\\study\\HarmonyOs\\code\\chenminghui_BattleCiity\\entry\\build\\default\\intermediates\\loader\\default\\loader.json',
  cachePath: 'K:\\study\\HarmonyOs\\code\\chenminghui_BattleCiity\\entry\\build\\default\\cache\\default\\default@CompileArkTS\\esmodule\\debug',
  aceModuleBuild: 'K:\\study\\HarmonyOs\\code\\chenminghui_BattleCiity\\entry\\build\\default\\intermediates\\loader_out\\default\\ets',
  supportChunks: true,
  declaredFilesPath: undefined,
  shouldCollectDirectImportees: false,
  isByteCodeHarOptimize: false,
  expandImportPath: undefined,
  pkgNameToPkgBriefInfo: {
    entry: {
      pkgRoot: 'K:\\study\\HarmonyOs\\code\\chenminghui_BattleCiity\\entry',
      originalSourceRoots: undefined,
      sourceRoots: [Array],
      pkgName: 'entry'
    }
  },
  projectModel: {
    'K:\\study\\HarmonyOs\\code\\chenminghui_BattleCiity\\entry\\src\\main': {
      moduleName: 'entry',
      modulePkgPath: 'K:\\study\\HarmonyOs\\code\\chenminghui_BattleCiity\\entry',
      belongProjectPath: 'K:\\study\\HarmonyOs\\code\\chenminghui_BattleCiity'
    },
    'K:\\study\\HarmonyOs\\code\\chenminghui_BattleCiity\\entry': {
      moduleName: 'entry',
      modulePkgPath: 'K:\\study\\HarmonyOs\\code\\chenminghui_BattleCiity\\entry',
      belongProjectPath: 'K:\\study\\HarmonyOs\\code\\chenminghui_BattleCiity'
    },
    'K:\\study\\HarmonyOs\\code\\chenminghui_BattleCiity': {
      moduleName: 'chenminghui_BattleCiity',
      modulePkgPath: 'K:\\study\\HarmonyOs\\code\\chenminghui_BattleCiity',
      belongProjectPath: 'K:\\study\\HarmonyOs\\code\\chenminghui_BattleCiity'
    }
  },
  pkgJsonFileHash: '0c650fcb5db374eb0293e4593f1a26d0e2b7b030f86c991c65a2cb279448be58',
  allModulePaths: [ 'K:\\study\\HarmonyOs\\code\\chenminghui_BattleCiity\\entry' ],
  routerMap: {},
  obfuscationOptions: undefined,
  byteCodeHarToDependencyKeys: undefined,
  compileBlockPkg: [],
  mockParams: {
    decorator: '@MockSetup',
    packageName: '@ohos/hamock',
    etsSourceRootPath: 'src/main/ets',
    mockConfigPath: undefined,
    mockConfigKey2ModuleInfo: {},
    source2ModuleIdMap: {}
  },
  copyCodeResourceEnable: true,
  copyCodeResourceExcludes: [],
  copyCodeResourceIncludes: undefined,
  uiTransformOptimization: false,
  sdkPath: 'K:/study/HarmonyOs/software/DevEcoStudio/DevEco Studio/sdk',
  needPreloadSoFileSet: {},
  preloadSoFilePath: 'K:\\study\\HarmonyOs\\code\\chenminghui_BattleCiity\\entry\\build\\default\\intermediates\\preload\\default\\preload.json',
  useSourceHash: false,
  localModuleParamMap: {},
  otherPaths: {
    'entry/*': [
      '..\\*',
      '..\\..\\..\\build\\default\\generated\\profile\\default\\*'
    ]
  },
  collectImportersConfig: undefined
}
[2026-05-07T17:31:47.255] [DEBUG] debug-file - Compile arkts with external api path: K:\study\HarmonyOs\software\DevEcoStudio\DevEco Studio\sdk\default\hms\ets
[2026-05-07T17:31:47.256] [DEBUG] debug-file - default@CompileArkTS work[5] is submitted.
[2026-05-07T17:31:47.256] [DEBUG] debug-file - default@CompileArkTS work[5] is pushed to ready queue.
[2026-05-07T17:31:47.256] [DEBUG] debug-file - A work dispatched to worker[19] failed because unable to get work from ready queue.
[2026-05-07T17:31:47.256] [DEBUG] debug-file - A work dispatched to worker[18] failed because unable to get work from ready queue.
[2026-05-07T17:31:47.256] [DEBUG] debug-file - A work dispatched to worker[17] failed because unable to get work from ready queue.
[2026-05-07T17:31:47.256] [DEBUG] debug-file - A work dispatched to worker[16] failed because unable to get work from ready queue.
[2026-05-07T17:31:47.256] [DEBUG] debug-file - A work dispatched to worker[15] failed because unable to get work from ready queue.
[2026-05-07T17:31:47.256] [DEBUG] debug-file - A work dispatched to worker[14] failed because unable to get work from ready queue.
[2026-05-07T17:31:47.256] [DEBUG] debug-file - A work dispatched to worker[13] failed because unable to get work from ready queue.
[2026-05-07T17:31:47.256] [DEBUG] debug-file - A work dispatched to worker[12] failed because unable to get work from ready queue.
[2026-05-07T17:31:47.256] [DEBUG] debug-file - A work dispatched to worker[11] failed because unable to get work from ready queue.
[2026-05-07T17:31:47.257] [DEBUG] debug-file - A work dispatched to worker[10] failed because unable to get work from ready queue.
[2026-05-07T17:31:47.257] [DEBUG] debug-file - A work dispatched to worker[9] failed because unable to get work from ready queue.
[2026-05-07T17:31:47.257] [DEBUG] debug-file - A work dispatched to worker[8] failed because unable to get work from ready queue.
[2026-05-07T17:31:47.257] [DEBUG] debug-file - A work dispatched to worker[7] failed because unable to get work from ready queue.
[2026-05-07T17:31:47.257] [DEBUG] debug-file - A work dispatched to worker[6] failed because unable to get work from ready queue.
[2026-05-07T17:31:47.257] [DEBUG] debug-file - A work dispatched to worker[5] failed because unable to get work from ready queue.
[2026-05-07T17:31:47.257] [DEBUG] debug-file - default@CompileArkTS work[5] has been dispatched to worker[4].
[2026-05-07T17:31:47.257] [DEBUG] debug-file - default@CompileArkTS work[5] is dispatched.
[2026-05-07T17:31:47.257] [DEBUG] debug-file - CopyResources startTime: 6521930094700
[2026-05-07T17:31:47.257] [DEBUG] debug-file - default@CompileArkTS work[6] is submitted.
[2026-05-07T17:31:47.257] [DEBUG] debug-file - default@CompileArkTS work[6] is pushed to ready queue.
[2026-05-07T17:31:47.257] [DEBUG] debug-file - A work dispatched to worker[19] failed because unable to get work from ready queue.
[2026-05-07T17:31:47.257] [DEBUG] debug-file - Create  resident worker with id: 18.
[2026-05-07T17:31:47.258] [DEBUG] debug-file - default@CompileArkTS work[6] has been dispatched to worker[18].
[2026-05-07T17:31:47.258] [DEBUG] debug-file - default@CompileArkTS work[6] is dispatched.
[2026-05-07T17:31:47.258] [DEBUG] debug-file - entry : default@CompileArkTS cost memory -0.5384902954101562
[2026-05-07T17:31:47.259] [DEBUG] debug-file - Executing task :entry:default@BuildJS
[2026-05-07T17:31:47.260] [DEBUG] debug-file - Task 'entry:default@BuildJS' cost while wrapping incremental declarations: 1 ms 
[2026-05-07T17:31:47.262] [DEBUG] debug-file - entry : default@BuildJS cost memory 0.1531982421875
[2026-05-07T17:31:47.262] [DEBUG] debug-file - runTaskFromQueue task cost before running: 192 ms 
[2026-05-07T17:31:47.262] [INFO] debug-file - Finished :entry:default@BuildJS... after 3 ms 
[2026-05-07T17:31:47.263] [DEBUG] debug-file - Executing task :entry:default@CacheNativeLibs
[2026-05-07T17:31:47.263] [DEBUG] debug-file - Task 'entry:default@CacheNativeLibs' cost while wrapping incremental declarations: 1 ms 
[2026-05-07T17:31:47.264] [DEBUG] debug-file - Incremental task entry:default@CacheNativeLibs pre-execution cost: 1 ms .
[2026-05-07T17:31:47.264] [DEBUG] debug-file - entry : default@CacheNativeLibs cost memory 0.09307861328125
[2026-05-07T17:31:47.265] [INFO] debug-file - UP-TO-DATE :entry:default@CacheNativeLibs...  
[2026-05-07T17:31:48.076] [DEBUG] debug-file - worker[18] has one work done.
[2026-05-07T17:31:48.076] [DEBUG] debug-file - CopyResources is end, endTime: 6522749165800
[2026-05-07T17:31:48.076] [DEBUG] debug-file - default@CompileArkTS work[6] done.
[2026-05-07T17:31:48.076] [DEBUG] debug-file - A work dispatched to worker[18] failed because unable to get work from ready queue.
[2026-05-07T17:31:48.652] [DEBUG] debug-file - Ark compile task finished.finished time is 6523324982800
[2026-05-07T17:31:48.652] [DEBUG] debug-file - worker[4] has one work error.
[2026-05-07T17:31:48.652] [DEBUG] debug-file - default@CompileArkTS work[5] failed.
[2026-05-07T17:31:48.652] [ERROR] debug-file - Failed :entry:default@CompileArkTS... 
[2026-05-07T17:31:48.653] [WARN] debug-file - 
[33m1 WARN: [33m[33mArkTS:WARN: For details about ArkTS syntax errors, see FAQs[39m[39m
[33m2 WARN: [33m[33mArkTS:WARN File: K:/study/HarmonyOs/code/chenminghui_BattleCiity/entry/src/main/ets/pages/GamePage.ets:29:17
 'getContext' has been deprecated.
[39m[39m
[2026-05-07T17:31:48.653] [DEBUG] debug-file - hvigor build process will be closed with an error.
[2026-05-07T17:31:48.653] [DEBUG] debug-file - ERROR: stacktrace = Error: ArkTS Compiler Error
[31m1 ERROR: [31m10605008 ArkTS Compiler Error
Error Message: Use explicit types instead of "any", "unknown" (arkts-no-any-unknown) At File: K:/study/HarmonyOs/code/chenminghui_BattleCiity/entry/src/main/ets/level/LevelLoader.ets:67:11
[39m
[39m
[31m2 ERROR: [31m10605008 ArkTS Compiler Error
Error Message: Use explicit types instead of "any", "unknown" (arkts-no-any-unknown) At File: K:/study/HarmonyOs/code/chenminghui_BattleCiity/entry/src/main/ets/level/LevelLoader.ets:69:18
[39m
[39m
[31m3 ERROR: [31m10605040 ArkTS Compiler Error
Error Message: Object literals cannot be used as type declarations (arkts-no-obj-literals-as-types) At File: K:/study/HarmonyOs/code/chenminghui_BattleCiity/entry/src/main/ets/GameController.ets:48:24
[39m
[39m
[31m4 ERROR: [31m10605030 ArkTS Compiler Error
Error Message: Structural typing is not supported (arkts-no-structural-typing) At File: K:/study/HarmonyOs/code/chenminghui_BattleCiity/entry/src/main/ets/GameController.ets:132:31
[39m
[39m
[31m5 ERROR: [31m10605030 ArkTS Compiler Error
Error Message: Structural typing is not supported (arkts-no-structural-typing) At File: K:/study/HarmonyOs/code/chenminghui_BattleCiity/entry/src/main/ets/GameController.ets:153:29
[39m
[39m
[31m6 ERROR: [31m10605030 ArkTS Compiler Error
Error Message: Structural typing is not supported (arkts-no-structural-typing) At File: K:/study/HarmonyOs/code/chenminghui_BattleCiity/entry/src/main/ets/GameController.ets:294:36
[39m
[39m
[31m7 ERROR: [31m10605030 ArkTS Compiler Error
Error Message: Structural typing is not supported (arkts-no-structural-typing) At File: K:/study/HarmonyOs/code/chenminghui_BattleCiity/entry/src/main/ets/GameController.ets:375:31
[39m
[39m
[31m8 ERROR: [31m10605030 ArkTS Compiler Error
Error Message: Structural typing is not supported (arkts-no-structural-typing) At File: K:/study/HarmonyOs/code/chenminghui_BattleCiity/entry/src/main/ets/GameController.ets:378:47
[39m
[39m
[31m9 ERROR: [31m10605030 ArkTS Compiler Error
Error Message: Structural typing is not supported (arkts-no-structural-typing) At File: K:/study/HarmonyOs/code/chenminghui_BattleCiity/entry/src/main/ets/GameController.ets:381:47
[39m
[39m
[31m10 ERROR: [31m10605030 ArkTS Compiler Error
Error Message: Structural typing is not supported (arkts-no-structural-typing) At File: K:/study/HarmonyOs/code/chenminghui_BattleCiity/entry/src/main/ets/GameController.ets:383:52
[39m
[39m
[31m11 ERROR: [31m10605030 ArkTS Compiler Error
Error Message: Structural typing is not supported (arkts-no-structural-typing) At File: K:/study/HarmonyOs/code/chenminghui_BattleCiity/entry/src/main/ets/GameController.ets:385:44
[39m
[39m
[31m12 ERROR: [31m10505001 ArkTS Compiler Error
Error Message: Module '"../engine/ResourceManager"' declares 'LevelData' locally, but it is not exported. At File: K:/study/HarmonyOs/code/chenminghui_BattleCiity/entry/src/main/ets/level/LevelLoader.ets:3:27
[39m
[39m
[31m13 ERROR: [31m10505001 ArkTS Compiler Error
Error Message: No overload matches this call.
  Overload 1 of 2, '(...items: ConcatArray<PlayerTank>[]): PlayerTank[]', gave the following error.
    Argument of type 'EnemyTank[]' is not assignable to parameter of type 'ConcatArray<PlayerTank>'.
      The types returned by 'slice(...)' are incompatible between these types.
        Type 'EnemyTank[]' is not assignable to type 'PlayerTank[]'.
          Type 'EnemyTank' is missing the following properties from type 'PlayerTank': invincibleTimer, speedBoosted, shieldActive, powerActive, and 2 more.
  Overload 2 of 2, '(...items: (PlayerTank | ConcatArray<PlayerTank>)[]): PlayerTank[]', gave the following error.
    Argument of type 'EnemyTank[]' is not assignable to parameter of type 'PlayerTank | ConcatArray<PlayerTank>'.
      Type 'EnemyTank[]' is not assignable to type 'ConcatArray<PlayerTank>'.
        The types returned by 'slice(...)' are incompatible between these types.
          Type 'EnemyTank[]' is not assignable to type 'PlayerTank[]'.
            Type 'EnemyTank' is missing the following properties from type 'PlayerTank': invincibleTimer, speedBoosted, shieldActive, powerActive, and 2 more. At File: K:/study/HarmonyOs/code/chenminghui_BattleCiity/entry/src/main/ets/GameController.ets:196:53
[39m
[39m
[31m14 ERROR: [31m10505001 ArkTS Compiler Error
Error Message: No overload matches this call.
  Overload 1 of 2, '(...items: ConcatArray<PlayerTank>[]): PlayerTank[]', gave the following error.
    Argument of type 'EnemyTank[]' is not assignable to parameter of type 'ConcatArray<PlayerTank>'.
      The types returned by 'slice(...)' are incompatible between these types.
        Type 'EnemyTank[]' is not assignable to type 'PlayerTank[]'.
          Type 'EnemyTank' is missing the following properties from type 'PlayerTank': invincibleTimer, speedBoosted, shieldActive, powerActive, and 2 more.
  Overload 2 of 2, '(...items: (PlayerTank | ConcatArray<PlayerTank>)[]): PlayerTank[]', gave the following error.
    Argument of type 'EnemyTank[]' is not assignable to parameter of type 'PlayerTank | ConcatArray<PlayerTank>'.
      Type 'EnemyTank[]' is not assignable to type 'ConcatArray<PlayerTank>'.
        The types returned by 'slice(...)' are incompatible between these types.
          Type 'EnemyTank[]' is not assignable to type 'PlayerTank[]'.
            Type 'EnemyTank' is missing the following properties from type 'PlayerTank': invincibleTimer, speedBoosted, shieldActive, powerActive, and 2 more. At File: K:/study/HarmonyOs/code/chenminghui_BattleCiity/entry/src/main/ets/GameController.ets:262:53
[39m
[39m
[31m15 ERROR: [31m10905209 ArkTS Compiler Error
Error Message: Only UI component syntax can be written here. At File: K:/study/HarmonyOs/code/chenminghui_BattleCiity/entry/src/main/ets/pages/GamePage.ets:128:15
[39m
[39m
[31m16 ERROR: [31m10905204 ArkTS Compiler Error
Error Message: 'icon = 'S';' does not meet UI component syntax. At File: K:/study/HarmonyOs/code/chenminghui_BattleCiity/entry/src/main/ets/pages/GamePage.ets:129:38
[39m
[39m
[31m17 ERROR: [31m10905204 ArkTS Compiler Error
Error Message: 'icon = 'D';' does not meet UI component syntax. At File: K:/study/HarmonyOs/code/chenminghui_BattleCiity/entry/src/main/ets/pages/GamePage.ets:130:43
[39m
[39m
[31m18 ERROR: [31m10905204 ArkTS Compiler Error
Error Message: 'icon = 'P';' does not meet UI component syntax. At File: K:/study/HarmonyOs/code/chenminghui_BattleCiity/entry/src/main/ets/pages/GamePage.ets:131:43
[39m
[39m
[31m19 ERROR: [31m10905204 ArkTS Compiler Error
Error Message: 'icon = 'F';' does not meet UI component syntax. At File: K:/study/HarmonyOs/code/chenminghui_BattleCiity/entry/src/main/ets/pages/GamePage.ets:132:20
[39m
[39m
[31mCOMPILE RESULT:FAIL {ERROR:20 WARN:2}[39m
    at runArkPack (K:\study\HarmonyOs\software\DevEcoStudio\DevEco Studio\tools\hvigor\hvigor-ohos-plugin\node_modules\@ohos\hvigor-arkts-compose\dist\src\arkts-pack.js:1:5736)
ArkTSCompilerError: ArkTS Compiler Error
    at throwArkTsCompilerError (K:\study\HarmonyOs\software\DevEcoStudio\DevEco Studio\tools\hvigor\hvigor-ohos-plugin\node_modules\@ohos\hvigor-arkts-compose\dist\src\data\compose-error.js:1:423)
    at throwErrorIfHasErrorInfo (K:\study\HarmonyOs\software\DevEcoStudio\DevEco Studio\tools\hvigor\hvigor-ohos-plugin\node_modules\@ohos\hvigor-arkts-compose\dist\src\plugins\common-plugin.js:1:4478)
    at Object.handler (K:\study\HarmonyOs\software\DevEcoStudio\DevEco Studio\tools\hvigor\hvigor-ohos-plugin\node_modules\@ohos\hvigor-arkts-compose\dist\src\plugins\common-plugin.js:1:2547)
    at K:\study\HarmonyOs\software\DevEcoStudio\DevEco Studio\tools\hvigor\hvigor-ohos-plugin\node_modules\@ohos\hvigor-arkts-base\node_modules\rollup\dist\shared\rollup.js:27765:40
[2026-05-07T17:31:48.653] [ERROR] debug-file - Error: ArkTS Compiler Error
[31m1 ERROR: [31m10605008 ArkTS Compiler Error
Error Message: Use explicit types instead of "any", "unknown" (arkts-no-any-unknown) At File: K:/study/HarmonyOs/code/chenminghui_BattleCiity/entry/src/main/ets/level/LevelLoader.ets:67:11
[39m
[39m
[31m2 ERROR: [31m10605008 ArkTS Compiler Error
Error Message: Use explicit types instead of "any", "unknown" (arkts-no-any-unknown) At File: K:/study/HarmonyOs/code/chenminghui_BattleCiity/entry/src/main/ets/level/LevelLoader.ets:69:18
[39m
[39m
[31m3 ERROR: [31m10605040 ArkTS Compiler Error
Error Message: Object literals cannot be used as type declarations (arkts-no-obj-literals-as-types) At File: K:/study/HarmonyOs/code/chenminghui_BattleCiity/entry/src/main/ets/GameController.ets:48:24
[39m
[39m
[31m4 ERROR: [31m10605030 ArkTS Compiler Error
Error Message: Structural typing is not supported (arkts-no-structural-typing) At File: K:/study/HarmonyOs/code/chenminghui_BattleCiity/entry/src/main/ets/GameController.ets:132:31
[39m
[39m
[31m5 ERROR: [31m10605030 ArkTS Compiler Error
Error Message: Structural typing is not supported (arkts-no-structural-typing) At File: K:/study/HarmonyOs/code/chenminghui_BattleCiity/entry/src/main/ets/GameController.ets:153:29
[39m
[39m
[31m6 ERROR: [31m10605030 ArkTS Compiler Error
Error Message: Structural typing is not supported (arkts-no-structural-typing) At File: K:/study/HarmonyOs/code/chenminghui_BattleCiity/entry/src/main/ets/GameController.ets:294:36
[39m
[39m
[31m7 ERROR: [31m10605030 ArkTS Compiler Error
Error Message: Structural typing is not supported (arkts-no-structural-typing) At File: K:/study/HarmonyOs/code/chenminghui_BattleCiity/entry/src/main/ets/GameController.ets:375:31
[39m
[39m
[31m8 ERROR: [31m10605030 ArkTS Compiler Error
Error Message: Structural typing is not supported (arkts-no-structural-typing) At File: K:/study/HarmonyOs/code/chenminghui_BattleCiity/entry/src/main/ets/GameController.ets:378:47
[39m
[39m
[31m9 ERROR: [31m10605030 ArkTS Compiler Error
Error Message: Structural typing is not supported (arkts-no-structural-typing) At File: K:/study/HarmonyOs/code/chenminghui_BattleCiity/entry/src/main/ets/GameController.ets:381:47
[39m
[39m
[31m10 ERROR: [31m10605030 ArkTS Compiler Error
Error Message: Structural typing is not supported (arkts-no-structural-typing) At File: K:/study/HarmonyOs/code/chenminghui_BattleCiity/entry/src/main/ets/GameController.ets:383:52
[39m
[39m
[31m11 ERROR: [31m10605030 ArkTS Compiler Error
Error Message: Structural typing is not supported (arkts-no-structural-typing) At File: K:/study/HarmonyOs/code/chenminghui_BattleCiity/entry/src/main/ets/GameController.ets:385:44
[39m
[39m
[31m12 ERROR: [31m10505001 ArkTS Compiler Error
Error Message: Module '"../engine/ResourceManager"' declares 'LevelData' locally, but it is not exported. At File: K:/study/HarmonyOs/code/chenminghui_BattleCiity/entry/src/main/ets/level/LevelLoader.ets:3:27
[39m
[39m
[31m13 ERROR: [31m10505001 ArkTS Compiler Error
Error Message: No overload matches this call.
  Overload 1 of 2, '(...items: ConcatArray<PlayerTank>[]): PlayerTank[]', gave the following error.
    Argument of type 'EnemyTank[]' is not assignable to parameter of type 'ConcatArray<PlayerTank>'.
      The types returned by 'slice(...)' are incompatible between these types.
        Type 'EnemyTank[]' is not assignable to type 'PlayerTank[]'.
          Type 'EnemyTank' is missing the following properties from type 'PlayerTank': invincibleTimer, speedBoosted, shieldActive, powerActive, and 2 more.
  Overload 2 of 2, '(...items: (PlayerTank | ConcatArray<PlayerTank>)[]): PlayerTank[]', gave the following error.
    Argument of type 'EnemyTank[]' is not assignable to parameter of type 'PlayerTank | ConcatArray<PlayerTank>'.
      Type 'EnemyTank[]' is not assignable to type 'ConcatArray<PlayerTank>'.
        The types returned by 'slice(...)' are incompatible between these types.
          Type 'EnemyTank[]' is not assignable to type 'PlayerTank[]'.
            Type 'EnemyTank' is missing the following properties from type 'PlayerTank': invincibleTimer, speedBoosted, shieldActive, powerActive, and 2 more. At File: K:/study/HarmonyOs/code/chenminghui_BattleCiity/entry/src/main/ets/GameController.ets:196:53
[39m
[39m
[31m14 ERROR: [31m10505001 ArkTS Compiler Error
Error Message: No overload matches this call.
  Overload 1 of 2, '(...items: ConcatArray<PlayerTank>[]): PlayerTank[]', gave the following error.
    Argument of type 'EnemyTank[]' is not assignable to parameter of type 'ConcatArray<PlayerTank>'.
      The types returned by 'slice(...)' are incompatible between these types.
        Type 'EnemyTank[]' is not assignable to type 'PlayerTank[]'.
          Type 'EnemyTank' is missing the following properties from type 'PlayerTank': invincibleTimer, speedBoosted, shieldActive, powerActive, and 2 more.
  Overload 2 of 2, '(...items: (PlayerTank | ConcatArray<PlayerTank>)[]): PlayerTank[]', gave the following error.
    Argument of type 'EnemyTank[]' is not assignable to parameter of type 'PlayerTank | ConcatArray<PlayerTank>'.
      Type 'EnemyTank[]' is not assignable to type 'ConcatArray<PlayerTank>'.
        The types returned by 'slice(...)' are incompatible between these types.
          Type 'EnemyTank[]' is not assignable to type 'PlayerTank[]'.
            Type 'EnemyTank' is missing the following properties from type 'PlayerTank': invincibleTimer, speedBoosted, shieldActive, powerActive, and 2 more. At File: K:/study/HarmonyOs/code/chenminghui_BattleCiity/entry/src/main/ets/GameController.ets:262:53
[39m
[39m
[31m15 ERROR: [31m10905209 ArkTS Compiler Error
Error Message: Only UI component syntax can be written here. At File: K:/study/HarmonyOs/code/chenminghui_BattleCiity/entry/src/main/ets/pages/GamePage.ets:128:15
[39m
[39m
[31m16 ERROR: [31m10905204 ArkTS Compiler Error
Error Message: 'icon = 'S';' does not meet UI component syntax. At File: K:/study/HarmonyOs/code/chenminghui_BattleCiity/entry/src/main/ets/pages/GamePage.ets:129:38
[39m
[39m
[31m17 ERROR: [31m10905204 ArkTS Compiler Error
Error Message: 'icon = 'D';' does not meet UI component syntax. At File: K:/study/HarmonyOs/code/chenminghui_BattleCiity/entry/src/main/ets/pages/GamePage.ets:130:43
[39m
[39m
[31m18 ERROR: [31m10905204 ArkTS Compiler Error
Error Message: 'icon = 'P';' does not meet UI component syntax. At File: K:/study/HarmonyOs/code/chenminghui_BattleCiity/entry/src/main/ets/pages/GamePage.ets:131:43
[39m
[39m
[31m19 ERROR: [31m10905204 ArkTS Compiler Error
Error Message: 'icon = 'F';' does not meet UI component syntax. At File: K:/study/HarmonyOs/code/chenminghui_BattleCiity/entry/src/main/ets/pages/GamePage.ets:132:20
[39m
[39m
[31mCOMPILE RESULT:FAIL {ERROR:20 WARN:2}[39m
    at runArkPack (K:\study\HarmonyOs\software\DevEcoStudio\DevEco Studio\tools\hvigor\hvigor-ohos-plugin\node_modules\@ohos\hvigor-arkts-compose\dist\src\arkts-pack.js:1:5736)
ArkTSCompilerError: ArkTS Compiler Error
    at throwArkTsCompilerError (K:\study\HarmonyOs\software\DevEcoStudio\DevEco Studio\tools\hvigor\hvigor-ohos-plugin\node_modules\@ohos\hvigor-arkts-compose\dist\src\data\compose-error.js:1:423)
    at throwErrorIfHasErrorInfo (K:\study\HarmonyOs\software\DevEcoStudio\DevEco Studio\tools\hvigor\hvigor-ohos-plugin\node_modules\@ohos\hvigor-arkts-compose\dist\src\plugins\common-plugin.js:1:4478)
    at Object.handler (K:\study\HarmonyOs\software\DevEcoStudio\DevEco Studio\tools\hvigor\hvigor-ohos-plugin\node_modules\@ohos\hvigor-arkts-compose\dist\src\plugins\common-plugin.js:1:2547)
    at K:\study\HarmonyOs\software\DevEcoStudio\DevEco Studio\tools\hvigor\hvigor-ohos-plugin\node_modules\@ohos\hvigor-arkts-base\node_modules\rollup\dist\shared\rollup.js:27765:40
[2026-05-07T17:31:48.660] [ERROR] debug-file - BUILD FAILED in 1 s 590 ms 
[2026-05-07T17:31:48.660] [DEBUG] debug-file - There is no need to refresh cache, since the incremental task entry:default@PreBuild is up-to-date.
[2026-05-07T17:31:48.660] [DEBUG] debug-file - Update task entry:default@CreateModuleInfo output file:K:\study\HarmonyOs\code\chenminghui_BattleCiity\entry\build\default\generated\profile\default\ModuleInfo.ts cache.
[2026-05-07T17:31:48.660] [DEBUG] debug-file - Incremental task entry:default@CreateModuleInfo post-execution cost:1 ms .
[2026-05-07T17:31:48.660] [DEBUG] debug-file - There is no need to refresh cache, since the incremental task entry:default@GenerateMetadata is up-to-date.
[2026-05-07T17:31:48.660] [DEBUG] debug-file - There is no need to refresh cache, since the incremental task entry:default@MergeProfile is up-to-date.
[2026-05-07T17:31:48.660] [DEBUG] debug-file - There is no need to refresh cache, since the incremental task entry:default@CreateBuildProfile is up-to-date.
[2026-05-07T17:31:48.660] [DEBUG] debug-file - Update task entry:default@GeneratePkgContextInfo output file:K:\study\HarmonyOs\code\chenminghui_BattleCiity\entry\build\default\intermediates\loader\default\pkgContextInfo.json cache.
[2026-05-07T17:31:48.660] [DEBUG] debug-file - Incremental task entry:default@GeneratePkgContextInfo post-execution cost:1 ms .
[2026-05-07T17:31:48.660] [DEBUG] debug-file - Update task entry:default@ProcessIntegratedHsp output file:K:\study\HarmonyOs\code\chenminghui_BattleCiity\build\cache\default\integrated_hsp\integratedHspCache.json cache.
[2026-05-07T17:31:48.660] [DEBUG] debug-file - Incremental task entry:default@ProcessIntegratedHsp post-execution cost:1 ms .
[2026-05-07T17:31:48.660] [DEBUG] debug-file - There is no need to refresh cache, since the incremental task entry:default@MakePackInfo is up-to-date.
[2026-05-07T17:31:48.660] [DEBUG] debug-file - Update task entry:default@SyscapTransform input file:K:\study\HarmonyOs\software\DevEcoStudio\DevEco Studio\sdk\default\openharmony\toolchains\syscap_tool.exe cache by regenerate.
[2026-05-07T17:31:48.660] [DEBUG] debug-file - Update task entry:default@SyscapTransform input file:K:\study\HarmonyOs\software\DevEcoStudio\DevEco Studio\sdk\default\openharmony\ets\api\device-define cache by regenerate.
[2026-05-07T17:31:48.661] [DEBUG] debug-file - Update task entry:default@SyscapTransform output file:K:\study\HarmonyOs\code\chenminghui_BattleCiity\entry\build\default\intermediates\syscap\default\rpcid.sc cache.
[2026-05-07T17:31:48.661] [DEBUG] debug-file - Incremental task entry:default@SyscapTransform post-execution cost:2 ms .
[2026-05-07T17:31:48.662] [DEBUG] debug-file - There is no need to refresh cache, since the incremental task entry:default@ProcessProfile is up-to-date.
[2026-05-07T17:31:48.662] [DEBUG] debug-file - There is no need to refresh cache, since the incremental task entry:default@ProcessRouterMap is up-to-date.
[2026-05-07T17:31:48.662] [DEBUG] debug-file - There is no need to refresh cache, since the incremental task entry:default@ProcessShareConfig is up-to-date.
[2026-05-07T17:31:48.662] [DEBUG] debug-file - Update task entry:default@ProcessStartupConfig output file:K:\study\HarmonyOs\code\chenminghui_BattleCiity\entry\build\default\intermediates\startup\default\startup_config.json cache.
[2026-05-07T17:31:48.662] [DEBUG] debug-file - Incremental task entry:default@ProcessStartupConfig post-execution cost:1 ms .
[2026-05-07T17:31:48.662] [DEBUG] debug-file - There is no need to refresh cache, since the incremental task entry:default@ProcessResource is up-to-date.
[2026-05-07T17:31:48.662] [DEBUG] debug-file - There is no need to refresh cache, since the incremental task entry:default@GenerateLoaderJson is up-to-date.
[2026-05-07T17:31:48.662] [DEBUG] debug-file - There is no need to refresh cache, since the incremental task entry:default@ProcessLibs is up-to-date.
[2026-05-07T17:31:48.662] [DEBUG] debug-file - There is no need to refresh cache, since the incremental task entry:default@CompileResource is up-to-date.
[2026-05-07T17:31:48.662] [DEBUG] debug-file - There is no need to refresh cache, since the incremental task entry:default@DoNativeStrip is up-to-date.
[2026-05-07T17:31:48.663] [DEBUG] debug-file - Update task entry:default@CompileArkTS input file:K:\study\HarmonyOs\code\chenminghui_BattleCiity\entry\build\default\intermediates\loader\default cache by regenerate.
[2026-05-07T17:31:48.664] [DEBUG] debug-file - Update task entry:default@CompileArkTS input file:K:\study\HarmonyOs\code\chenminghui_BattleCiity\entry\build\default\intermediates\res\default\resources\rawfile cache by regenerate.
[2026-05-07T17:31:48.665] [DEBUG] debug-file - Update task entry:default@CompileArkTS input file:K:\study\HarmonyOs\code\chenminghui_BattleCiity\entry\build\default\intermediates\res\default\ResourceTable.txt cache by regenerate.
[2026-05-07T17:31:48.665] [DEBUG] debug-file - Update task entry:default@CompileArkTS input file:K:\study\HarmonyOs\code\chenminghui_BattleCiity\entry\build\default\intermediates\res\default\ark_module.json cache by regenerate.
[2026-05-07T17:31:48.665] [DEBUG] debug-file - Update task entry:default@CompileArkTS input file:K:\study\HarmonyOs\code\chenminghui_BattleCiity\entry\build\default\intermediates\res\default\resources\base\profile cache by regenerate.
[2026-05-07T17:31:48.665] [DEBUG] debug-file - Update task entry:default@CompileArkTS input file:K:\study\HarmonyOs\code\chenminghui_BattleCiity\entry\src\main\ets cache by regenerate.
[2026-05-07T17:31:48.669] [DEBUG] debug-file - Update task entry:default@CompileArkTS input file:K:\study\HarmonyOs\code\chenminghui_BattleCiity\entry\build\default\generated\profile\default\BuildProfile.ets cache by regenerate.
[2026-05-07T17:31:48.669] [DEBUG] debug-file - Update task entry:default@CompileArkTS output file:K:\study\HarmonyOs\code\chenminghui_BattleCiity\entry\build\default\intermediates\loader_out\default\ets cache.
[2026-05-07T17:31:48.669] [DEBUG] debug-file - Incremental task entry:default@CompileArkTS post-execution cost:8 ms .
[2026-05-07T17:31:48.670] [DEBUG] debug-file - Update task entry:default@BuildJS input file:K:\study\HarmonyOs\code\chenminghui_BattleCiity\entry\build\default\intermediates\loader\default cache by regenerate.
[2026-05-07T17:31:48.671] [DEBUG] debug-file - Update task entry:default@BuildJS input file:K:\study\HarmonyOs\code\chenminghui_BattleCiity\entry\build\default\intermediates\res\default\resources\rawfile cache by regenerate.
[2026-05-07T17:31:48.672] [DEBUG] debug-file - Update task entry:default@BuildJS input file:K:\study\HarmonyOs\code\chenminghui_BattleCiity\entry\build\default\intermediates\res\default\ResourceTable.txt cache by regenerate.
[2026-05-07T17:31:48.672] [DEBUG] debug-file - Update task entry:default@BuildJS input file:K:\study\HarmonyOs\code\chenminghui_BattleCiity\entry\build\default\intermediates\res\default\ark_module.json cache by regenerate.
[2026-05-07T17:31:48.672] [DEBUG] debug-file - Update task entry:default@BuildJS input file:K:\study\HarmonyOs\code\chenminghui_BattleCiity\entry\build\default\intermediates\res\default\resources\base\profile cache by regenerate.
[2026-05-07T17:31:48.673] [DEBUG] debug-file - Update task entry:default@BuildJS output file:K:\study\HarmonyOs\code\chenminghui_BattleCiity\entry\build\default\intermediates\loader_out\default\js cache.
[2026-05-07T17:31:48.673] [DEBUG] debug-file - Incremental task entry:default@BuildJS post-execution cost:4 ms .
[2026-05-07T17:31:48.673] [DEBUG] debug-file - There is no need to refresh cache, since the incremental task entry:default@CacheNativeLibs is up-to-date.
[2026-05-07T17:31:48.689] [DEBUG] debug-file - Cleanup worker 18.
[2026-05-07T17:31:48.689] [DEBUG] debug-file - Worker 18 has been cleaned up.
[2026-05-07T17:31:48.689] [DEBUG] debug-file - Current idle worker size: 1.
[2026-05-07T17:31:48.689] [DEBUG] debug-file - Current resident worker size: 2.
[2026-05-07T17:31:48.689] [DEBUG] debug-file - hvigor build process will be closed.
[2026-05-07T17:31:48.696] [DEBUG] debug-file - session manager: send message to worker process.
[2026-05-07T17:31:48.697] [DEBUG] debug-file - session manager: send message to worker process.
[2026-05-07T17:31:48.696] [DEBUG] debug-file - watch worker: worker id should be larger than 0. Nothing will be sent to any worker thread.
[2026-05-07T17:31:48.697] [DEBUG] debug-file - worker[18] exits with exit code 1.
[2026-05-07T17:31:48.697] [DEBUG] debug-file - watch worker: worker id should be larger than 0. Nothing will be sent to any worker thread.
[2026-05-07T17:52:25.259] [DEBUG] debug-file - env: nodejsVersion=v18.20.1
[2026-05-07T17:52:25.321] [DEBUG] debug-file - env: daemon=true
[2026-05-07T17:52:25.261] [DEBUG] debug-file - env: hvigor-config.json5 content = { modelVersion: '6.0.0', dependencies: {} }
[2026-05-07T17:52:25.941] [DEBUG] debug-file - java daemon tryConnect failed Error: connect ECONNREFUSED 127.0.0.1:45050
[2026-05-07T17:52:25.975] [DEBUG] debug-file - java daemon started at port 45050 pid 16368
[2026-05-07T17:52:26.013] [DEBUG] debug-file - session manager: set active socket. socketId=alpEvrtbd47tdZwvAAAB
[2026-05-07T17:52:26.543] [DEBUG] debug-file - watch worker: worker id should be larger than 0. Nothing will be sent to any worker thread.
[2026-05-07T17:52:26.546] [DEBUG] debug-file - Since there is no instance or instance is terminated, create a new worker pool.
[2026-05-07T17:52:26.546] [DEBUG] debug-file - Worker pool is initialized with config:  {
  minPoolNum: 2,
  maxPoolNum: undefined,
  maxCoreSize: undefined,
  cacheCapacity: undefined,
  cacheTtl: undefined
}
[2026-05-07T17:52:26.547] [DEBUG] debug-file - Create  resident worker with id: 0.
[2026-05-07T17:52:26.549] [DEBUG] debug-file - Create  resident worker with id: 1.
[2026-05-07T17:52:26.550] [DEBUG] debug-file - Workers' log level updated to INFO
[2026-05-07T17:52:26.556] [DEBUG] debug-file - Hvigor init with startParameters:{
  hvigorfileTypeCheck: false,
  parallelExecution: true,
  incrementalExecution: true,
  printStackTrace: false,
  daemon: true,
  analyze: 0,
  logLevel: Level { level: 20000, levelStr: 'INFO', colour: 'green' },
  optimizationStrategy: 'memory',
  hotCompile: undefined,
  hotReloadBuild: undefined,
  customizedParam: undefined
}
[2026-05-07T17:52:26.559] [DEBUG] debug-file - Cache service initialization finished in 4 ms 
[2026-05-07T17:52:26.561] [DEBUG] debug-file - hvigorfile, resolving K:\study\HarmonyOs\code\chenminghui_BattleCiity\hvigorfile.ts
[2026-05-07T17:52:28.429] [DEBUG] debug-file - hvigorfile, require result:  { default: { plugins: [] } }
[2026-05-07T17:52:28.429] [DEBUG] debug-file - hvigorfile, binding system plugins null
[2026-05-07T17:52:28.429] [DEBUG] debug-file - Starting plugin build process
[2026-05-07T17:52:28.429] [DEBUG] debug-file - App plugin prepare start...
[2026-05-07T17:52:28.430] [DEBUG] debug-file - App plugin prepare end...
[2026-05-07T17:52:28.430] [DEBUG] debug-file - App plugin creating...
[2026-05-07T17:52:28.563] [DEBUG] debug-file - App plugin register hook start...
[2026-05-07T17:52:28.563] [DEBUG] debug-file - App plugin register hook end...
[2026-05-07T17:52:28.563] [DEBUG] debug-file - Plugin build process completed
[2026-05-07T17:52:28.564] [DEBUG] debug-file - Start initialize project's product build option map with build mode debug.
[2026-05-07T17:52:28.565] [DEBUG] debug-file - Picking option from product 'default' with build mode 'debug'.
[2026-05-07T17:52:28.565] [DEBUG] debug-file - Product 'default' build option initialized
[2026-05-07T17:52:28.565] [DEBUG] debug-file - End initialize project's product build option map with build mode 'debug'.
[2026-05-07T17:52:28.566] [DEBUG] debug-file - Obtain build option for product 'default'in this build.
[2026-05-07T17:52:28.568] [DEBUG] debug-file - No signingConfig found, initRemoteHspCache failed.
[2026-05-07T17:52:28.569] [DEBUG] debug-file - Local scan or download HarmonyOS sdk components toolchains,ets,js,native,previewer
[2026-05-07T17:52:28.574] [DEBUG] debug-file - Local scan or download hmscore sdk components toolchains,ets,native
[2026-05-07T17:52:28.576] [DEBUG] debug-file - Start recording SDK configuration permission data.
[2026-05-07T17:52:28.606] [DEBUG] debug-file - Sdk init in 38 ms 
[2026-05-07T17:52:28.610] [DEBUG] debug-file - Project task initialization takes 4 ms 
[2026-05-07T17:52:28.611] [DEBUG] debug-file - hvigorfile, binding custom plugins []
[2026-05-07T17:52:28.611] [DEBUG] debug-file - hvigorfile, no custom plugins were found in K:\study\HarmonyOs\code\chenminghui_BattleCiity\hvigorfile.ts
[2026-05-07T17:52:28.611] [DEBUG] debug-file - hvigorfile, resolve finished K:\study\HarmonyOs\code\chenminghui_BattleCiity\hvigorfile.ts
[2026-05-07T17:52:28.611] [DEBUG] debug-file - hvigorfile, resolving K:\study\HarmonyOs\code\chenminghui_BattleCiity\entry\hvigorfile.ts
[2026-05-07T17:52:28.616] [DEBUG] debug-file - hvigorfile, require result:  { default: { plugins: [] } }
[2026-05-07T17:52:28.616] [DEBUG] debug-file - hvigorfile, binding system plugins null
[2026-05-07T17:52:28.617] [DEBUG] debug-file - Starting plugin build process
[2026-05-07T17:52:28.617] [DEBUG] debug-file - Hap plugin creating...
[2026-05-07T17:52:28.618] [DEBUG] debug-file - failed to load cangjie to dynamically generate schemas: Error: Cannot find module '@ohos/cangjie-build-support/index'
Require stack:
- K:\study\HarmonyOs\software\DevEcoStudio\DevEco Studio\tools\hvigor\hvigor-ohos-plugin\src\plugin\hooks\cangjie-register.js
- K:\study\HarmonyOs\software\DevEcoStudio\DevEco Studio\tools\hvigor\hvigor-ohos-plugin\src\plugin\strategy\stage-init-strategy.js
- K:\study\HarmonyOs\software\DevEcoStudio\DevEco Studio\tools\hvigor\hvigor-ohos-plugin\src\plugin\builder\abstract-plugin-builder.js
- K:\study\HarmonyOs\software\DevEcoStudio\DevEco Studio\tools\hvigor\hvigor-ohos-plugin\src\plugin\builder\app-plugin-builder.js
- K:\study\HarmonyOs\software\DevEcoStudio\DevEco Studio\tools\hvigor\hvigor-ohos-plugin\src\plugin\factory\plugin-factory.js
- K:\study\HarmonyOs\software\DevEcoStudio\DevEco Studio\tools\hvigor\hvigor-ohos-plugin\index.js
- K:\study\HarmonyOs\code\chenminghui_BattleCiity\hvigorfile.ts
- K:\study\HarmonyOs\software\DevEcoStudio\DevEco Studio\tools\hvigor\hvigor\src\base\internal\lifecycle\configuration.js
- K:\study\HarmonyOs\software\DevEcoStudio\DevEco Studio\tools\hvigor\hvigor\src\base\boot\index.js
- K:\study\HarmonyOs\software\DevEcoStudio\DevEco Studio\tools\hvigor\hvigor\src\base\daemon\cluster\worker-process-lifecycle.js
- K:\study\HarmonyOs\software\DevEcoStudio\DevEco Studio\tools\hvigor\hvigor\src\base\daemon\process\daemon-process-boot-script.js
[2026-05-07T17:52:28.626] [DEBUG] debug-file - Start initialize module-target build option map, moduleName=entry, buildMode=release
[2026-05-07T17:52:28.626] [DEBUG] debug-file - Target 'default' config initialized
[2026-05-07T17:52:28.627] [DEBUG] debug-file - Module 'entry' target 'default' build option initialized
[2026-05-07T17:52:28.627] [DEBUG] debug-file - End initialize module-target build option map, moduleName=entry
[2026-05-07T17:52:28.627] [DEBUG] debug-file - Start initialize module-target build option map, moduleName=entry, buildMode=debug
[2026-05-07T17:52:28.627] [DEBUG] debug-file - Target 'default' config initialized
[2026-05-07T17:52:28.627] [DEBUG] debug-file - Module 'entry' target 'default' build option initialized
[2026-05-07T17:52:28.627] [DEBUG] debug-file - End initialize module-target build option map, moduleName=entry
[2026-05-07T17:52:28.627] [DEBUG] debug-file - Start initialize module-target build option map, moduleName=entry, buildMode=debug
[2026-05-07T17:52:28.627] [DEBUG] debug-file - Target 'default' config initialized
[2026-05-07T17:52:28.627] [DEBUG] debug-file - Module 'entry' target 'default' build option initialized
[2026-05-07T17:52:28.627] [DEBUG] debug-file - End initialize module-target build option map, moduleName=entry
[2026-05-07T17:52:28.628] [DEBUG] debug-file - Obtain build option for module 'entry' target 'default'in this build.
[2026-05-07T17:52:28.631] [DEBUG] debug-file - Module entry task initialization takes 3 ms 
[2026-05-07T17:52:28.631] [DEBUG] debug-file - Hap plugin register hook start...
[2026-05-07T17:52:28.631] [DEBUG] debug-file - Hap plugin register hook end...
[2026-05-07T17:52:28.631] [DEBUG] debug-file - Plugin build process completed
[2026-05-07T17:52:28.631] [DEBUG] debug-file - hvigorfile, binding custom plugins []
[2026-05-07T17:52:28.632] [DEBUG] debug-file - hvigorfile, no custom plugins were found in K:\study\HarmonyOs\code\chenminghui_BattleCiity\entry\hvigorfile.ts
[2026-05-07T17:52:28.632] [DEBUG] debug-file - hvigorfile, resolve finished K:\study\HarmonyOs\code\chenminghui_BattleCiity\entry\hvigorfile.ts
[2026-05-07T17:52:28.648] [DEBUG] debug-file - hvigorfile, resolve hvigorfile dependencies in 16 ms 
[2026-05-07T17:52:28.648] [DEBUG] debug-file - project has submodules:entry
[2026-05-07T17:52:28.649] [DEBUG] debug-file - start to load updatedOhPackageInfo to the disk
[2026-05-07T17:52:28.654] [DEBUG] debug-file - load to the disk finished
[2026-05-07T17:52:28.655] [DEBUG] debug-file - Start to initialize dependency information.
[2026-05-07T17:52:28.657] [DEBUG] debug-file - Module chenminghui_BattleCiity Collected Dependency: 
[2026-05-07T17:52:28.657] [DEBUG] debug-file - Module chenminghui_BattleCiity's total dependency: 0
[2026-05-07T17:52:28.658] [DEBUG] debug-file - Start to initialize dependency information.
[2026-05-07T17:52:28.660] [DEBUG] debug-file - Module entry Collected Dependency: 
[2026-05-07T17:52:28.660] [DEBUG] debug-file - Module entry's total dependency: 0
[2026-05-07T17:52:28.662] [DEBUG] debug-file - Configuration phase cost:2 s 103 ms 
[2026-05-07T17:52:28.664] [DEBUG] debug-file - Configuration task cost before running: 2 s 114 ms 
[2026-05-07T17:52:28.669] [DEBUG] debug-file - Executing task :entry:default@PreBuild
[2026-05-07T17:52:28.670] [DEBUG] debug-file - Task 'entry:default@PreBuild' cost while wrapping incremental declarations: 1 ms 
[2026-05-07T17:52:28.677] [DEBUG] debug-file - Incremental task entry:default@PreBuild pre-execution cost: 5 ms .
[2026-05-07T17:52:28.677] [DEBUG] debug-file - entry : default@PreBuild cost memory 0.7775344848632812
[2026-05-07T17:52:28.678] [INFO] debug-file - UP-TO-DATE :entry:default@PreBuild...  
[2026-05-07T17:52:28.679] [DEBUG] debug-file - Executing task :entry:default@CreateModuleInfo
[2026-05-07T17:52:28.679] [DEBUG] debug-file - Task 'entry:default@CreateModuleInfo' cost while wrapping incremental declarations: 1 ms 
[2026-05-07T17:52:28.680] [DEBUG] debug-file - entry : default@CreateModuleInfo cost memory 0.04299163818359375
[2026-05-07T17:52:28.680] [DEBUG] debug-file - runTaskFromQueue task cost before running: 2 s 129 ms 
[2026-05-07T17:52:28.680] [INFO] debug-file - Finished :entry:default@CreateModuleInfo... after 1 ms 
[2026-05-07T17:52:28.681] [DEBUG] debug-file - Executing task :entry:default@GenerateMetadata
[2026-05-07T17:52:28.681] [DEBUG] debug-file - Task 'entry:default@GenerateMetadata' cost while wrapping incremental declarations: 1 ms 
[2026-05-07T17:52:28.682] [DEBUG] debug-file - Incremental task entry:default@GenerateMetadata pre-execution cost: 1 ms .
[2026-05-07T17:52:28.682] [DEBUG] debug-file - entry : default@GenerateMetadata cost memory 0.09223175048828125
[2026-05-07T17:52:28.683] [INFO] debug-file - UP-TO-DATE :entry:default@GenerateMetadata...  
[2026-05-07T17:52:28.683] [DEBUG] debug-file - Executing task :entry:default@ConfigureCmake
[2026-05-07T17:52:28.683] [DEBUG] debug-file - entry : default@ConfigureCmake cost memory 0.0145721435546875
[2026-05-07T17:52:28.683] [DEBUG] debug-file - runTaskFromQueue task cost before running: 2 s 133 ms 
[2026-05-07T17:52:28.684] [INFO] debug-file - Finished :entry:default@ConfigureCmake... after 1 ms 
[2026-05-07T17:52:28.684] [DEBUG] debug-file - Executing task :entry:default@MergeProfile
[2026-05-07T17:52:28.685] [DEBUG] debug-file - Task 'entry:default@MergeProfile' cost while wrapping incremental declarations: 1 ms 
[2026-05-07T17:52:28.686] [DEBUG] debug-file - Incremental task entry:default@MergeProfile pre-execution cost: 2 ms .
[2026-05-07T17:52:28.686] [DEBUG] debug-file - entry : default@MergeProfile cost memory 0.14177703857421875
[2026-05-07T17:52:28.686] [INFO] debug-file - UP-TO-DATE :entry:default@MergeProfile...  
[2026-05-07T17:52:28.687] [DEBUG] debug-file - Executing task :entry:default@CreateBuildProfile
[2026-05-07T17:52:28.688] [DEBUG] debug-file - Task 'entry:default@CreateBuildProfile' cost while wrapping incremental declarations: 1 ms 
[2026-05-07T17:52:28.689] [DEBUG] debug-file - Incremental task entry:default@CreateBuildProfile pre-execution cost: 1 ms .
[2026-05-07T17:52:28.689] [DEBUG] debug-file - entry : default@CreateBuildProfile cost memory 0.10169219970703125
[2026-05-07T17:52:28.689] [INFO] debug-file - UP-TO-DATE :entry:default@CreateBuildProfile...  
[2026-05-07T17:52:28.690] [DEBUG] debug-file - Executing task :entry:default@PreCheckSyscap
[2026-05-07T17:52:28.690] [DEBUG] debug-file - entry : default@PreCheckSyscap cost memory 0.01471710205078125
[2026-05-07T17:52:28.690] [DEBUG] debug-file - runTaskFromQueue task cost before running: 2 s 140 ms 
[2026-05-07T17:52:28.690] [INFO] debug-file - Finished :entry:default@PreCheckSyscap... after 1 ms 
[2026-05-07T17:52:28.691] [DEBUG] debug-file - Executing task :entry:default@GeneratePkgContextInfo
[2026-05-07T17:52:28.698] [DEBUG] debug-file - Task 'entry:default@GeneratePkgContextInfo' cost while wrapping incremental declarations: 1 ms 
[2026-05-07T17:52:28.698] [DEBUG] debug-file - entry : default@GeneratePkgContextInfo cost memory 0.484527587890625
[2026-05-07T17:52:28.698] [DEBUG] debug-file - runTaskFromQueue task cost before running: 2 s 148 ms 
[2026-05-07T17:52:28.698] [INFO] debug-file - Finished :entry:default@GeneratePkgContextInfo... after 7 ms 
[2026-05-07T17:52:28.701] [DEBUG] debug-file - Executing task :entry:default@ProcessIntegratedHsp
[2026-05-07T17:52:28.701] [DEBUG] debug-file - entry:default@ProcessIntegratedHsp is not up-to-date, since the output file 'K:\study\HarmonyOs\code\chenminghui_BattleCiity\build\cache\default\integrated_hsp\integratedHspCache.json' does not exist.
[2026-05-07T17:52:28.701] [DEBUG] debug-file - Incremental task entry:default@ProcessIntegratedHsp pre-execution cost: 1 ms .
[2026-05-07T17:52:28.701] [DEBUG] debug-file - entry : default@ProcessIntegratedHsp cost memory 0.06053924560546875
[2026-05-07T17:52:28.701] [DEBUG] debug-file - runTaskFromQueue task cost before running: 2 s 151 ms 
[2026-05-07T17:52:28.702] [INFO] debug-file - Finished :entry:default@ProcessIntegratedHsp... after 1 ms 
[2026-05-07T17:52:28.702] [DEBUG] debug-file - Executing task :entry:default@BuildNativeWithCmake
[2026-05-07T17:52:28.703] [DEBUG] debug-file - entry : default@BuildNativeWithCmake cost memory 0.014862060546875
[2026-05-07T17:52:28.703] [DEBUG] debug-file - runTaskFromQueue task cost before running: 2 s 152 ms 
[2026-05-07T17:52:28.703] [INFO] debug-file - Finished :entry:default@BuildNativeWithCmake... after 1 ms 
[2026-05-07T17:52:28.704] [DEBUG] debug-file - Executing task :entry:default@MakePackInfo
[2026-05-07T17:52:28.705] [DEBUG] debug-file - Incremental task entry:default@MakePackInfo pre-execution cost: 2 ms .
[2026-05-07T17:52:28.705] [DEBUG] debug-file - entry : default@MakePackInfo cost memory 0.11798858642578125
[2026-05-07T17:52:28.706] [INFO] debug-file - UP-TO-DATE :entry:default@MakePackInfo...  
[2026-05-07T17:52:28.707] [DEBUG] debug-file - Executing task :entry:default@SyscapTransform
[2026-05-07T17:52:28.707] [DEBUG] debug-file - File: 'K:\study\HarmonyOs\code\chenminghui_BattleCiity\entry\src\main\syscap.json' from 'sysCapJsonPath' is not exists, just ignore.
[2026-05-07T17:52:28.708] [DEBUG] debug-file - Task 'entry:default@SyscapTransform' cost while wrapping incremental declarations: 1 ms 
[2026-05-07T17:52:28.718] [DEBUG] debug-file - entry:default@SyscapTransform is not up-to-date, since the output file 'K:\study\HarmonyOs\code\chenminghui_BattleCiity\entry\build\default\intermediates\syscap\default\rpcid.sc' does not exist.
[2026-05-07T17:52:28.719] [DEBUG] debug-file - Incremental task entry:default@SyscapTransform pre-execution cost: 11 ms .
[2026-05-07T17:52:28.719] [DEBUG] debug-file - entry : default@SyscapTransform cost memory 0.17636871337890625
[2026-05-07T17:52:28.719] [DEBUG] debug-file - runTaskFromQueue task cost before running: 2 s 168 ms 
[2026-05-07T17:52:28.719] [INFO] debug-file - Finished :entry:default@SyscapTransform... after 13 ms 
[2026-05-07T17:52:28.721] [DEBUG] debug-file - Executing task :entry:default@ProcessProfile
[2026-05-07T17:52:28.721] [DEBUG] debug-file - Task 'entry:default@ProcessProfile' cost while wrapping incremental declarations: 1 ms 
[2026-05-07T17:52:28.722] [DEBUG] debug-file - Incremental task entry:default@ProcessProfile pre-execution cost: 1 ms .
[2026-05-07T17:52:28.722] [DEBUG] debug-file - entry : default@ProcessProfile cost memory 0.13433837890625
[2026-05-07T17:52:28.722] [INFO] debug-file - UP-TO-DATE :entry:default@ProcessProfile...  
[2026-05-07T17:52:28.723] [DEBUG] debug-file - Executing task :entry:default@ProcessRouterMap
[2026-05-07T17:52:28.725] [DEBUG] debug-file - Incremental task entry:default@ProcessRouterMap pre-execution cost: 2 ms .
[2026-05-07T17:52:28.725] [DEBUG] debug-file - entry : default@ProcessRouterMap cost memory 0.14849090576171875
[2026-05-07T17:52:28.725] [INFO] debug-file - UP-TO-DATE :entry:default@ProcessRouterMap...  
[2026-05-07T17:52:28.726] [DEBUG] debug-file - Executing task :entry:default@ProcessShareConfig
[2026-05-07T17:52:28.727] [DEBUG] debug-file - Incremental task entry:default@ProcessShareConfig pre-execution cost: 1 ms .
[2026-05-07T17:52:28.728] [DEBUG] debug-file - entry : default@ProcessShareConfig cost memory 0.11859130859375
[2026-05-07T17:52:28.728] [INFO] debug-file - UP-TO-DATE :entry:default@ProcessShareConfig...  
[2026-05-07T17:52:28.729] [DEBUG] debug-file - Executing task :entry:default@ProcessStartupConfig
[2026-05-07T17:52:28.729] [DEBUG] debug-file - Task 'entry:default@ProcessStartupConfig' cost while wrapping incremental declarations: 1 ms 
[2026-05-07T17:52:28.729] [DEBUG] debug-file - entry:default@ProcessStartupConfig is not up-to-date, since the output file 'K:\study\HarmonyOs\code\chenminghui_BattleCiity\entry\build\default\intermediates\startup\default\startup_config.json' does not exist.
[2026-05-07T17:52:28.729] [DEBUG] debug-file - Incremental task entry:default@ProcessStartupConfig pre-execution cost: 1 ms .
[2026-05-07T17:52:28.730] [DEBUG] debug-file - entry : default@ProcessStartupConfig cost memory 0.0982513427734375
[2026-05-07T17:52:28.730] [DEBUG] debug-file - runTaskFromQueue task cost before running: 2 s 179 ms 
[2026-05-07T17:52:28.730] [INFO] debug-file - Finished :entry:default@ProcessStartupConfig... after 2 ms 
[2026-05-07T17:52:28.731] [DEBUG] debug-file - Executing task :entry:default@BuildNativeWithNinja
[2026-05-07T17:52:28.731] [DEBUG] debug-file - entry : default@BuildNativeWithNinja cost memory 0.021881103515625
[2026-05-07T17:52:28.731] [DEBUG] debug-file - runTaskFromQueue task cost before running: 2 s 181 ms 
[2026-05-07T17:52:28.731] [INFO] debug-file - Finished :entry:default@BuildNativeWithNinja... after 1 ms 
[2026-05-07T17:52:28.732] [DEBUG] debug-file - restool module names: entry; moduleName=entry, taskName=default@ProcessResource
[2026-05-07T17:52:28.734] [DEBUG] debug-file - Executing task :entry:default@ProcessResource
[2026-05-07T17:52:28.734] [DEBUG] debug-file - Task 'entry:default@ProcessResource' cost while wrapping incremental declarations: 1 ms 
[2026-05-07T17:52:28.735] [DEBUG] debug-file - Incremental task entry:default@ProcessResource pre-execution cost: 1 ms .
[2026-05-07T17:52:28.735] [DEBUG] debug-file - entry : default@ProcessResource cost memory 0.1450042724609375
[2026-05-07T17:52:28.737] [INFO] debug-file - UP-TO-DATE :entry:default@ProcessResource...  
[2026-05-07T17:52:28.738] [DEBUG] debug-file - Executing task :entry:default@GenerateLoaderJson
[2026-05-07T17:52:28.738] [DEBUG] debug-file - Task 'entry:default@GenerateLoaderJson' cost while wrapping incremental declarations: 1 ms 
[2026-05-07T17:52:28.744] [DEBUG] debug-file - Incremental task entry:default@GenerateLoaderJson pre-execution cost: 3 ms .
[2026-05-07T17:52:28.744] [DEBUG] debug-file - entry : default@GenerateLoaderJson cost memory 0.4991302490234375
[2026-05-07T17:52:28.746] [INFO] debug-file - UP-TO-DATE :entry:default@GenerateLoaderJson...  
[2026-05-07T17:52:28.747] [DEBUG] debug-file - Executing task :entry:default@ProcessLibs
[2026-05-07T17:52:28.749] [DEBUG] debug-file - Incremental task entry:default@ProcessLibs pre-execution cost: 2 ms .
[2026-05-07T17:52:28.749] [DEBUG] debug-file - entry : default@ProcessLibs cost memory 0.11483001708984375
[2026-05-07T17:52:28.749] [INFO] debug-file - UP-TO-DATE :entry:default@ProcessLibs...  
[2026-05-07T17:52:28.750] [DEBUG] debug-file - restool module names: entry; moduleName=entry, taskName=default@CompileResource
[2026-05-07T17:52:28.751] [DEBUG] debug-file - Executing task :entry:default@CompileResource
[2026-05-07T17:52:28.759] [DEBUG] debug-file - Incremental task entry:default@CompileResource pre-execution cost: 7 ms .
[2026-05-07T17:52:28.759] [DEBUG] debug-file - entry : default@CompileResource cost memory 1.0771255493164062
[2026-05-07T17:52:28.760] [INFO] debug-file - UP-TO-DATE :entry:default@CompileResource...  
[2026-05-07T17:52:28.761] [DEBUG] debug-file - Executing task :entry:default@DoNativeStrip
[2026-05-07T17:52:28.761] [DEBUG] debug-file - Task 'entry:default@DoNativeStrip' cost while wrapping incremental declarations: 1 ms 
[2026-05-07T17:52:28.761] [DEBUG] debug-file - Incremental task entry:default@DoNativeStrip pre-execution cost: 1 ms .
[2026-05-07T17:52:28.761] [DEBUG] debug-file - entry : default@DoNativeStrip cost memory 0.082489013671875
[2026-05-07T17:52:28.762] [INFO] debug-file - UP-TO-DATE :entry:default@DoNativeStrip...  
[2026-05-07T17:52:28.763] [DEBUG] debug-file - Executing task :entry:default@CompileArkTS
[2026-05-07T17:52:28.763] [DEBUG] debug-file - obfuscationOptions: undefined
[2026-05-07T17:52:28.764] [DEBUG] debug-file - Task 'entry:default@CompileArkTS' cost while wrapping incremental declarations: 1 ms 
[2026-05-07T17:52:28.775] [DEBUG] debug-file - build config:
[2026-05-07T17:52:28.775] [DEBUG] debug-file - {
  moduleType: 'entry',
  perf: 0,
  targetName: '.default',
  packageManagerType: 'ohpm',
  localPropertiesPath: 'K:\\study\\HarmonyOs\\code\\chenminghui_BattleCiity\\local.properties',
  isPreview: false,
  isOhosTest: false,
  isLocalTest: false,
  buildMode: 'Debug',
  hotReloadBuild: undefined,
  watchMode: 'false',
  aceProfilePath: 'K:\\study\\HarmonyOs\\code\\chenminghui_BattleCiity\\entry\\build\\default\\intermediates\\res\\default\\resources\\base\\profile',
  etsLoaderPath: 'K:\\study\\HarmonyOs\\software\\DevEcoStudio\\DevEco Studio\\sdk\\default\\openharmony\\ets\\build-tools\\ets-loader',
  modulePath: 'K:\\study\\HarmonyOs\\code\\chenminghui_BattleCiity\\entry',
  testFrameworkPar: {
    testMode: undefined,
    coveragePathFilter: undefined,
    coverageMode: undefined
  },
  needCoverageInsert: false,
  debugLine: false,
  projectTopDir: 'K:\\study\\HarmonyOs\\code\\chenminghui_BattleCiity',
  compileSdkVersion: 22,
  compatibleSdkVersion: 10,
  originCompatibleSdkVersion: '4.0.0(10)',
  compatibleSdkVersionStage: undefined,
  bundleName: 'c***y',
  etsLoaderVersion: '6.0.2.130',
  etsLoaderReleaseType: 'Release',
  aotCompileMode: 'type',
  apPath: 'K:\\study\\HarmonyOs\\code\\chenminghui_BattleCiity\\entry\\modules.ap',
  entryModuleName: 'entry',
  entryModuleVersion: '1.0.0',
  entryPackageName: 'entry',
  allModuleNameHash: 'a4db1cfab7325329050ebee4afa0d9ca953afb3f6e9b46f820446b7b1027027a',
  externalApiPaths: [
    'K:\\study\\HarmonyOs\\software\\DevEcoStudio\\DevEco Studio\\sdk\\default\\hms\\ets'
  ],
  compilerTypes: [],
  isCrossplatform: false,
  hvigorPluginFile: undefined,
  compilePluginPath: undefined,
  buildGeneratedProfilePath: 'K:\\study\\HarmonyOs\\code\\chenminghui_BattleCiity\\entry\\build\\default\\generated\\profile\\default',
  bundleType: 'app',
  arkTSVersion: undefined,
  apiVersion: 22,
  needCompleteSourcesMap: false,
  isFaMode: false,
  buildDir: 'K:\\study\\HarmonyOs\\code\\chenminghui_BattleCiity\\entry\\build',
  deviceTypes: [ 'phone', 'tablet' ],
  pkgContextInfo: undefined,
  ohPackagePathMap: {},
  dependencyAliasMap: {},
  permission: { requestPermissions: undefined, definePermissions: undefined },
  useGetCurrentBundleName: false,
  projectArkOption: undefined,
  sourceMapDir: undefined,
  branchElimination: false,
  transformLib: undefined,
  tsImportSendable: false,
  resolveConflictMode: true,
  depName2RootPath: {},
  depName2DepInfo: {},
  rootPathSet: [ 'K:\\study\\HarmonyOs\\code\\chenminghui_BattleCiity' ],
  useNativeResolver: true,
  shouldEmitJs: true,
  useTscResolve: false,
  singleFileEmit: false,
  userProjectConfig: {
    autoLazyImport: false,
    allowEmptyBundleName: false,
    reExportCheckMode: 'noCheck',
    executionMode: 'memory',
    usePathPlaceholder: false,
    writeRollupCache: true,
    isExpandImportEnabled: false,
    expandImportExclude: '',
    lazyImportExclude: '',
    lazyImportInclude: '',
    ignoreCrossplatformCheck: false,
    isHarDeduplicateEnabled: false,
    skipOhModulesLint: false,
    enableStrictCheckOHModule: false,
    disableSendableCheckRules: [],
    useDeclarationFileSignature: false,
    customizedOptions: undefined,
    integratedHsp: false,
    isPreloadSoEnabled: false
  },
  executionMode: 'memory',
  arkCompileCachePath: 'K:\\study\\HarmonyOs\\code\\chenminghui_BattleCiity\\entry\\build\\default\\cache\\default\\default@CompileArkTS\\esmodule',
  autoLazyFilter: undefined,
  isHarDeduplicateEnabled: false,
  intermediateHarDuplicateDirPath: 'K:\\study\\HarmonyOs\\code\\chenminghui_BattleCiity\\entry\\build\\default\\intermediates\\har_duplicate\\default',
  autoLazyImport: false,
  allowEmptyBundleName: false,
  reExportCheckMode: 'noCheck',
  usePathPlaceholder: false,
  writeRollupCache: true,
  isExpandImportEnabled: false,
  expandImportExclude: '',
  lazyImportExclude: '',
  lazyImportInclude: '',
  ignoreCrossplatformCheck: false,
  skipOhModulesLint: false,
  enableStrictCheckOHModule: false,
  disableSendableCheckRules: [],
  useDeclarationFileSignature: false,
  customizedOptions: undefined,
  integratedHsp: false,
  isPreloadSoEnabled: false,
  strictMode: undefined,
  useNormalizedOHMUrl: false,
  caseSensitiveCheck: false,
  aceModuleJsonPath: 'K:\\study\\HarmonyOs\\code\\chenminghui_BattleCiity\\entry\\build\\default\\intermediates\\res\\default\\ark_module.json',
  appResource: 'K:\\study\\HarmonyOs\\code\\chenminghui_BattleCiity\\entry\\build\\default\\intermediates\\res\\default\\ResourceTable.txt',
  rawFileResource: 'K:\\study\\HarmonyOs\\code\\chenminghui_BattleCiity\\entry\\build\\default\\intermediates\\res\\default\\resources\\rawfile',
  resourceTableHash: '42116fa57be9f8ac9defd210768d75e197c8b8faeb2d6536c1e619711672b5b7',
  runtimeOS: 'HarmonyOS',
  sdkInfo: 'false:22:6.0.2.130:Release',
  aceModuleRoot: 'K:\\study\\HarmonyOs\\code\\chenminghui_BattleCiity\\entry\\src\\main\\ets',
  compileMode: 'esmodule',
  aceSuperVisualPath: 'K:\\study\\HarmonyOs\\code\\chenminghui_BattleCiity\\entry\\src\\main\\supervisual',
  aceBuildJson: 'K:\\study\\HarmonyOs\\code\\chenminghui_BattleCiity\\entry\\build\\default\\intermediates\\loader\\default\\loader.json',
  cachePath: 'K:\\study\\HarmonyOs\\code\\chenminghui_BattleCiity\\entry\\build\\default\\cache\\default\\default@CompileArkTS\\esmodule\\debug',
  aceModuleBuild: 'K:\\study\\HarmonyOs\\code\\chenminghui_BattleCiity\\entry\\build\\default\\intermediates\\loader_out\\default\\ets',
  supportChunks: true,
  declaredFilesPath: undefined,
  shouldCollectDirectImportees: false,
  isByteCodeHarOptimize: false,
  expandImportPath: undefined,
  pkgNameToPkgBriefInfo: {
    entry: {
      pkgRoot: 'K:\\study\\HarmonyOs\\code\\chenminghui_BattleCiity\\entry',
      originalSourceRoots: undefined,
      sourceRoots: [Array],
      pkgName: 'entry'
    }
  },
  projectModel: {
    'K:\\study\\HarmonyOs\\code\\chenminghui_BattleCiity\\entry\\src\\main': {
      moduleName: 'entry',
      modulePkgPath: 'K:\\study\\HarmonyOs\\code\\chenminghui_BattleCiity\\entry',
      belongProjectPath: 'K:\\study\\HarmonyOs\\code\\chenminghui_BattleCiity'
    },
    'K:\\study\\HarmonyOs\\code\\chenminghui_BattleCiity\\entry': {
      moduleName: 'entry',
      modulePkgPath: 'K:\\study\\HarmonyOs\\code\\chenminghui_BattleCiity\\entry',
      belongProjectPath: 'K:\\study\\HarmonyOs\\code\\chenminghui_BattleCiity'
    },
    'K:\\study\\HarmonyOs\\code\\chenminghui_BattleCiity': {
      moduleName: 'chenminghui_BattleCiity',
      modulePkgPath: 'K:\\study\\HarmonyOs\\code\\chenminghui_BattleCiity',
      belongProjectPath: 'K:\\study\\HarmonyOs\\code\\chenminghui_BattleCiity'
    }
  },
  pkgJsonFileHash: '0c650fcb5db374eb0293e4593f1a26d0e2b7b030f86c991c65a2cb279448be58',
  allModulePaths: [ 'K:\\study\\HarmonyOs\\code\\chenminghui_BattleCiity\\entry' ],
  routerMap: {},
  obfuscationOptions: undefined,
  byteCodeHarToDependencyKeys: undefined,
  compileBlockPkg: [],
  mockParams: {
    decorator: '@MockSetup',
    packageName: '@ohos/hamock',
    etsSourceRootPath: 'src/main/ets',
    mockConfigPath: undefined,
    mockConfigKey2ModuleInfo: {},
    source2ModuleIdMap: {}
  },
  copyCodeResourceEnable: true,
  copyCodeResourceExcludes: [],
  copyCodeResourceIncludes: undefined,
  uiTransformOptimization: false,
  sdkPath: 'K:/study/HarmonyOs/software/DevEcoStudio/DevEco Studio/sdk',
  needPreloadSoFileSet: {},
  preloadSoFilePath: 'K:\\study\\HarmonyOs\\code\\chenminghui_BattleCiity\\entry\\build\\default\\intermediates\\preload\\default\\preload.json',
  useSourceHash: false,
  localModuleParamMap: {},
  otherPaths: {
    'entry/*': [
      '..\\*',
      '..\\..\\..\\build\\default\\generated\\profile\\default\\*'
    ]
  },
  collectImportersConfig: undefined
}
[2026-05-07T17:52:28.775] [DEBUG] debug-file - Compile arkts with external api path: K:\study\HarmonyOs\software\DevEcoStudio\DevEco Studio\sdk\default\hms\ets
[2026-05-07T17:52:28.776] [DEBUG] debug-file - default@CompileArkTS work[0] is submitted.
[2026-05-07T17:52:28.777] [DEBUG] debug-file - default@CompileArkTS work[0] is pushed to ready queue.
[2026-05-07T17:52:28.777] [DEBUG] debug-file - A work dispatched to worker[19] failed because unable to get work from ready queue.
[2026-05-07T17:52:28.777] [DEBUG] debug-file - A work dispatched to worker[18] failed because unable to get work from ready queue.
[2026-05-07T17:52:28.777] [DEBUG] debug-file - A work dispatched to worker[17] failed because unable to get work from ready queue.
[2026-05-07T17:52:28.777] [DEBUG] debug-file - A work dispatched to worker[16] failed because unable to get work from ready queue.
[2026-05-07T17:52:28.777] [DEBUG] debug-file - A work dispatched to worker[15] failed because unable to get work from ready queue.
[2026-05-07T17:52:28.777] [DEBUG] debug-file - A work dispatched to worker[14] failed because unable to get work from ready queue.
[2026-05-07T17:52:28.777] [DEBUG] debug-file - A work dispatched to worker[13] failed because unable to get work from ready queue.
[2026-05-07T17:52:28.777] [DEBUG] debug-file - A work dispatched to worker[12] failed because unable to get work from ready queue.
[2026-05-07T17:52:28.777] [DEBUG] debug-file - A work dispatched to worker[11] failed because unable to get work from ready queue.
[2026-05-07T17:52:28.777] [DEBUG] debug-file - A work dispatched to worker[10] failed because unable to get work from ready queue.
[2026-05-07T17:52:28.777] [DEBUG] debug-file - A work dispatched to worker[9] failed because unable to get work from ready queue.
[2026-05-07T17:52:28.777] [DEBUG] debug-file - A work dispatched to worker[8] failed because unable to get work from ready queue.
[2026-05-07T17:52:28.777] [DEBUG] debug-file - A work dispatched to worker[7] failed because unable to get work from ready queue.
[2026-05-07T17:52:28.777] [DEBUG] debug-file - A work dispatched to worker[6] failed because unable to get work from ready queue.
[2026-05-07T17:52:28.777] [DEBUG] debug-file - A work dispatched to worker[5] failed because unable to get work from ready queue.
[2026-05-07T17:52:28.777] [DEBUG] debug-file - Create  resident worker with id: 4.
[2026-05-07T17:52:28.778] [DEBUG] debug-file - default@CompileArkTS work[0] has been dispatched to worker[4].
[2026-05-07T17:52:28.778] [DEBUG] debug-file - default@CompileArkTS work[0] is dispatched.
[2026-05-07T17:52:28.779] [DEBUG] debug-file - CopyResources startTime: 227451793800
[2026-05-07T17:52:28.779] [DEBUG] debug-file - default@CompileArkTS work[1] is submitted.
[2026-05-07T17:52:28.779] [DEBUG] debug-file - default@CompileArkTS work[1] is pushed to ready queue.
[2026-05-07T17:52:28.779] [DEBUG] debug-file - A work dispatched to worker[19] failed because unable to get work from ready queue.
[2026-05-07T17:52:28.779] [DEBUG] debug-file - Create  resident worker with id: 18.
[2026-05-07T17:52:28.780] [DEBUG] debug-file - default@CompileArkTS work[1] has been dispatched to worker[18].
[2026-05-07T17:52:28.780] [DEBUG] debug-file - default@CompileArkTS work[1] is dispatched.
[2026-05-07T17:52:28.780] [DEBUG] debug-file - entry : default@CompileArkTS cost memory 2.22967529296875
[2026-05-07T17:52:28.781] [DEBUG] debug-file - Executing task :entry:default@BuildJS
[2026-05-07T17:52:28.781] [DEBUG] debug-file - Task 'entry:default@BuildJS' cost while wrapping incremental declarations: 1 ms 
[2026-05-07T17:52:28.784] [DEBUG] debug-file - entry : default@BuildJS cost memory 0.15384674072265625
[2026-05-07T17:52:28.784] [DEBUG] debug-file - runTaskFromQueue task cost before running: 2 s 233 ms 
[2026-05-07T17:52:28.784] [INFO] debug-file - Finished :entry:default@BuildJS... after 3 ms 
[2026-05-07T17:52:28.785] [DEBUG] debug-file - Executing task :entry:default@CacheNativeLibs
[2026-05-07T17:52:28.785] [DEBUG] debug-file - Task 'entry:default@CacheNativeLibs' cost while wrapping incremental declarations: 1 ms 
[2026-05-07T17:52:28.786] [DEBUG] debug-file - Incremental task entry:default@CacheNativeLibs pre-execution cost: 1 ms .
[2026-05-07T17:52:28.786] [DEBUG] debug-file - entry : default@CacheNativeLibs cost memory 0.098876953125
[2026-05-07T17:52:28.786] [INFO] debug-file - UP-TO-DATE :entry:default@CacheNativeLibs...  
[2026-05-07T17:52:29.413] [DEBUG] debug-file - worker[18] has one work done.
[2026-05-07T17:52:29.413] [DEBUG] debug-file - CopyResources is end, endTime: 228086615900
[2026-05-07T17:52:29.414] [DEBUG] debug-file - default@CompileArkTS work[1] done.
[2026-05-07T17:52:29.414] [DEBUG] debug-file - A work dispatched to worker[18] failed because unable to get work from ready queue.
[2026-05-07T17:52:33.881] [DEBUG] debug-file - worker[4] has one work error.
[2026-05-07T17:52:33.882] [DEBUG] debug-file - default@CompileArkTS work[0] failed.
[2026-05-07T17:52:33.882] [DEBUG] debug-file - Ark compile task finished.finished time is 232554407500
[2026-05-07T17:52:33.882] [ERROR] debug-file - Failed :entry:default@CompileArkTS... 
[2026-05-07T17:52:33.882] [WARN] debug-file - 
[33m1 WARN: [33m[33mArkTS:WARN: For details about ArkTS syntax errors, see FAQs[39m[39m
[33m2 WARN: [33m[33mArkTS:WARN File: K:/study/HarmonyOs/code/chenminghui_BattleCiity/entry/src/main/ets/pages/GamePage.ets:29:17
 'getContext' has been deprecated.
[39m[39m
[2026-05-07T17:52:33.882] [DEBUG] debug-file - hvigor build process will be closed with an error.
[2026-05-07T17:52:33.883] [DEBUG] debug-file - ERROR: stacktrace = Error: ArkTS Compiler Error
[31m1 ERROR: [31m10605008 ArkTS Compiler Error
Error Message: Use explicit types instead of "any", "unknown" (arkts-no-any-unknown) At File: K:/study/HarmonyOs/code/chenminghui_BattleCiity/entry/src/main/ets/level/LevelLoader.ets:67:11
[39m
[39m
[31m2 ERROR: [31m10605008 ArkTS Compiler Error
Error Message: Use explicit types instead of "any", "unknown" (arkts-no-any-unknown) At File: K:/study/HarmonyOs/code/chenminghui_BattleCiity/entry/src/main/ets/level/LevelLoader.ets:69:18
[39m
[39m
[31m3 ERROR: [31m10605040 ArkTS Compiler Error
Error Message: Object literals cannot be used as type declarations (arkts-no-obj-literals-as-types) At File: K:/study/HarmonyOs/code/chenminghui_BattleCiity/entry/src/main/ets/GameController.ets:48:24
[39m
[39m
[31m4 ERROR: [31m10605030 ArkTS Compiler Error
Error Message: Structural typing is not supported (arkts-no-structural-typing) At File: K:/study/HarmonyOs/code/chenminghui_BattleCiity/entry/src/main/ets/GameController.ets:132:31
[39m
[39m
[31m5 ERROR: [31m10605030 ArkTS Compiler Error
Error Message: Structural typing is not supported (arkts-no-structural-typing) At File: K:/study/HarmonyOs/code/chenminghui_BattleCiity/entry/src/main/ets/GameController.ets:153:29
[39m
[39m
[31m6 ERROR: [31m10605030 ArkTS Compiler Error
Error Message: Structural typing is not supported (arkts-no-structural-typing) At File: K:/study/HarmonyOs/code/chenminghui_BattleCiity/entry/src/main/ets/GameController.ets:294:36
[39m
[39m
[31m7 ERROR: [31m10605030 ArkTS Compiler Error
Error Message: Structural typing is not supported (arkts-no-structural-typing) At File: K:/study/HarmonyOs/code/chenminghui_BattleCiity/entry/src/main/ets/GameController.ets:375:31
[39m
[39m
[31m8 ERROR: [31m10605030 ArkTS Compiler Error
Error Message: Structural typing is not supported (arkts-no-structural-typing) At File: K:/study/HarmonyOs/code/chenminghui_BattleCiity/entry/src/main/ets/GameController.ets:378:47
[39m
[39m
[31m9 ERROR: [31m10605030 ArkTS Compiler Error
Error Message: Structural typing is not supported (arkts-no-structural-typing) At File: K:/study/HarmonyOs/code/chenminghui_BattleCiity/entry/src/main/ets/GameController.ets:381:47
[39m
[39m
[31m10 ERROR: [31m10605030 ArkTS Compiler Error
Error Message: Structural typing is not supported (arkts-no-structural-typing) At File: K:/study/HarmonyOs/code/chenminghui_BattleCiity/entry/src/main/ets/GameController.ets:383:52
[39m
[39m
[31m11 ERROR: [31m10605030 ArkTS Compiler Error
Error Message: Structural typing is not supported (arkts-no-structural-typing) At File: K:/study/HarmonyOs/code/chenminghui_BattleCiity/entry/src/main/ets/GameController.ets:385:44
[39m
[39m
[31m12 ERROR: [31m10505001 ArkTS Compiler Error
Error Message: Module '"../engine/ResourceManager"' declares 'LevelData' locally, but it is not exported. At File: K:/study/HarmonyOs/code/chenminghui_BattleCiity/entry/src/main/ets/level/LevelLoader.ets:3:27
[39m
[39m
[31m13 ERROR: [31m10505001 ArkTS Compiler Error
Error Message: No overload matches this call.
  Overload 1 of 2, '(...items: ConcatArray<PlayerTank>[]): PlayerTank[]', gave the following error.
    Argument of type 'EnemyTank[]' is not assignable to parameter of type 'ConcatArray<PlayerTank>'.
      The types returned by 'slice(...)' are incompatible between these types.
        Type 'EnemyTank[]' is not assignable to type 'PlayerTank[]'.
          Type 'EnemyTank' is missing the following properties from type 'PlayerTank': invincibleTimer, speedBoosted, shieldActive, powerActive, and 2 more.
  Overload 2 of 2, '(...items: (PlayerTank | ConcatArray<PlayerTank>)[]): PlayerTank[]', gave the following error.
    Argument of type 'EnemyTank[]' is not assignable to parameter of type 'PlayerTank | ConcatArray<PlayerTank>'.
      Type 'EnemyTank[]' is not assignable to type 'ConcatArray<PlayerTank>'.
        The types returned by 'slice(...)' are incompatible between these types.
          Type 'EnemyTank[]' is not assignable to type 'PlayerTank[]'.
            Type 'EnemyTank' is missing the following properties from type 'PlayerTank': invincibleTimer, speedBoosted, shieldActive, powerActive, and 2 more. At File: K:/study/HarmonyOs/code/chenminghui_BattleCiity/entry/src/main/ets/GameController.ets:196:53
[39m
[39m
[31m14 ERROR: [31m10505001 ArkTS Compiler Error
Error Message: No overload matches this call.
  Overload 1 of 2, '(...items: ConcatArray<PlayerTank>[]): PlayerTank[]', gave the following error.
    Argument of type 'EnemyTank[]' is not assignable to parameter of type 'ConcatArray<PlayerTank>'.
      The types returned by 'slice(...)' are incompatible between these types.
        Type 'EnemyTank[]' is not assignable to type 'PlayerTank[]'.
          Type 'EnemyTank' is missing the following properties from type 'PlayerTank': invincibleTimer, speedBoosted, shieldActive, powerActive, and 2 more.
  Overload 2 of 2, '(...items: (PlayerTank | ConcatArray<PlayerTank>)[]): PlayerTank[]', gave the following error.
    Argument of type 'EnemyTank[]' is not assignable to parameter of type 'PlayerTank | ConcatArray<PlayerTank>'.
      Type 'EnemyTank[]' is not assignable to type 'ConcatArray<PlayerTank>'.
        The types returned by 'slice(...)' are incompatible between these types.
          Type 'EnemyTank[]' is not assignable to type 'PlayerTank[]'.
            Type 'EnemyTank' is missing the following properties from type 'PlayerTank': invincibleTimer, speedBoosted, shieldActive, powerActive, and 2 more. At File: K:/study/HarmonyOs/code/chenminghui_BattleCiity/entry/src/main/ets/GameController.ets:262:53
[39m
[39m
[31m15 ERROR: [31m10905209 ArkTS Compiler Error
Error Message: Only UI component syntax can be written here. At File: K:/study/HarmonyOs/code/chenminghui_BattleCiity/entry/src/main/ets/pages/GamePage.ets:128:15
[39m
[39m
[31m16 ERROR: [31m10905204 ArkTS Compiler Error
Error Message: 'icon = 'S';' does not meet UI component syntax. At File: K:/study/HarmonyOs/code/chenminghui_BattleCiity/entry/src/main/ets/pages/GamePage.ets:129:38
[39m
[39m
[31m17 ERROR: [31m10905204 ArkTS Compiler Error
Error Message: 'icon = 'D';' does not meet UI component syntax. At File: K:/study/HarmonyOs/code/chenminghui_BattleCiity/entry/src/main/ets/pages/GamePage.ets:130:43
[39m
[39m
[31m18 ERROR: [31m10905204 ArkTS Compiler Error
Error Message: 'icon = 'P';' does not meet UI component syntax. At File: K:/study/HarmonyOs/code/chenminghui_BattleCiity/entry/src/main/ets/pages/GamePage.ets:131:43
[39m
[39m
[31m19 ERROR: [31m10905204 ArkTS Compiler Error
Error Message: 'icon = 'F';' does not meet UI component syntax. At File: K:/study/HarmonyOs/code/chenminghui_BattleCiity/entry/src/main/ets/pages/GamePage.ets:132:20
[39m
[39m
[31mCOMPILE RESULT:FAIL {ERROR:20 WARN:2}[39m
    at runArkPack (K:\study\HarmonyOs\software\DevEcoStudio\DevEco Studio\tools\hvigor\hvigor-ohos-plugin\node_modules\@ohos\hvigor-arkts-compose\dist\src\arkts-pack.js:1:5736)
ArkTSCompilerError: ArkTS Compiler Error
    at throwArkTsCompilerError (K:\study\HarmonyOs\software\DevEcoStudio\DevEco Studio\tools\hvigor\hvigor-ohos-plugin\node_modules\@ohos\hvigor-arkts-compose\dist\src\data\compose-error.js:1:423)
    at throwErrorIfHasErrorInfo (K:\study\HarmonyOs\software\DevEcoStudio\DevEco Studio\tools\hvigor\hvigor-ohos-plugin\node_modules\@ohos\hvigor-arkts-compose\dist\src\plugins\common-plugin.js:1:4478)
    at Object.handler (K:\study\HarmonyOs\software\DevEcoStudio\DevEco Studio\tools\hvigor\hvigor-ohos-plugin\node_modules\@ohos\hvigor-arkts-compose\dist\src\plugins\common-plugin.js:1:2547)
    at K:\study\HarmonyOs\software\DevEcoStudio\DevEco Studio\tools\hvigor\hvigor-ohos-plugin\node_modules\@ohos\hvigor-arkts-base\node_modules\rollup\dist\shared\rollup.js:27765:40
[2026-05-07T17:52:33.883] [ERROR] debug-file - Error: ArkTS Compiler Error
[31m1 ERROR: [31m10605008 ArkTS Compiler Error
Error Message: Use explicit types instead of "any", "unknown" (arkts-no-any-unknown) At File: K:/study/HarmonyOs/code/chenminghui_BattleCiity/entry/src/main/ets/level/LevelLoader.ets:67:11
[39m
[39m
[31m2 ERROR: [31m10605008 ArkTS Compiler Error
Error Message: Use explicit types instead of "any", "unknown" (arkts-no-any-unknown) At File: K:/study/HarmonyOs/code/chenminghui_BattleCiity/entry/src/main/ets/level/LevelLoader.ets:69:18
[39m
[39m
[31m3 ERROR: [31m10605040 ArkTS Compiler Error
Error Message: Object literals cannot be used as type declarations (arkts-no-obj-literals-as-types) At File: K:/study/HarmonyOs/code/chenminghui_BattleCiity/entry/src/main/ets/GameController.ets:48:24
[39m
[39m
[31m4 ERROR: [31m10605030 ArkTS Compiler Error
Error Message: Structural typing is not supported (arkts-no-structural-typing) At File: K:/study/HarmonyOs/code/chenminghui_BattleCiity/entry/src/main/ets/GameController.ets:132:31
[39m
[39m
[31m5 ERROR: [31m10605030 ArkTS Compiler Error
Error Message: Structural typing is not supported (arkts-no-structural-typing) At File: K:/study/HarmonyOs/code/chenminghui_BattleCiity/entry/src/main/ets/GameController.ets:153:29
[39m
[39m
[31m6 ERROR: [31m10605030 ArkTS Compiler Error
Error Message: Structural typing is not supported (arkts-no-structural-typing) At File: K:/study/HarmonyOs/code/chenminghui_BattleCiity/entry/src/main/ets/GameController.ets:294:36
[39m
[39m
[31m7 ERROR: [31m10605030 ArkTS Compiler Error
Error Message: Structural typing is not supported (arkts-no-structural-typing) At File: K:/study/HarmonyOs/code/chenminghui_BattleCiity/entry/src/main/ets/GameController.ets:375:31
[39m
[39m
[31m8 ERROR: [31m10605030 ArkTS Compiler Error
Error Message: Structural typing is not supported (arkts-no-structural-typing) At File: K:/study/HarmonyOs/code/chenminghui_BattleCiity/entry/src/main/ets/GameController.ets:378:47
[39m
[39m
[31m9 ERROR: [31m10605030 ArkTS Compiler Error
Error Message: Structural typing is not supported (arkts-no-structural-typing) At File: K:/study/HarmonyOs/code/chenminghui_BattleCiity/entry/src/main/ets/GameController.ets:381:47
[39m
[39m
[31m10 ERROR: [31m10605030 ArkTS Compiler Error
Error Message: Structural typing is not supported (arkts-no-structural-typing) At File: K:/study/HarmonyOs/code/chenminghui_BattleCiity/entry/src/main/ets/GameController.ets:383:52
[39m
[39m
[31m11 ERROR: [31m10605030 ArkTS Compiler Error
Error Message: Structural typing is not supported (arkts-no-structural-typing) At File: K:/study/HarmonyOs/code/chenminghui_BattleCiity/entry/src/main/ets/GameController.ets:385:44
[39m
[39m
[31m12 ERROR: [31m10505001 ArkTS Compiler Error
Error Message: Module '"../engine/ResourceManager"' declares 'LevelData' locally, but it is not exported. At File: K:/study/HarmonyOs/code/chenminghui_BattleCiity/entry/src/main/ets/level/LevelLoader.ets:3:27
[39m
[39m
[31m13 ERROR: [31m10505001 ArkTS Compiler Error
Error Message: No overload matches this call.
  Overload 1 of 2, '(...items: ConcatArray<PlayerTank>[]): PlayerTank[]', gave the following error.
    Argument of type 'EnemyTank[]' is not assignable to parameter of type 'ConcatArray<PlayerTank>'.
      The types returned by 'slice(...)' are incompatible between these types.
        Type 'EnemyTank[]' is not assignable to type 'PlayerTank[]'.
          Type 'EnemyTank' is missing the following properties from type 'PlayerTank': invincibleTimer, speedBoosted, shieldActive, powerActive, and 2 more.
  Overload 2 of 2, '(...items: (PlayerTank | ConcatArray<PlayerTank>)[]): PlayerTank[]', gave the following error.
    Argument of type 'EnemyTank[]' is not assignable to parameter of type 'PlayerTank | ConcatArray<PlayerTank>'.
      Type 'EnemyTank[]' is not assignable to type 'ConcatArray<PlayerTank>'.
        The types returned by 'slice(...)' are incompatible between these types.
          Type 'EnemyTank[]' is not assignable to type 'PlayerTank[]'.
            Type 'EnemyTank' is missing the following properties from type 'PlayerTank': invincibleTimer, speedBoosted, shieldActive, powerActive, and 2 more. At File: K:/study/HarmonyOs/code/chenminghui_BattleCiity/entry/src/main/ets/GameController.ets:196:53
[39m
[39m
[31m14 ERROR: [31m10505001 ArkTS Compiler Error
Error Message: No overload matches this call.
  Overload 1 of 2, '(...items: ConcatArray<PlayerTank>[]): PlayerTank[]', gave the following error.
    Argument of type 'EnemyTank[]' is not assignable to parameter of type 'ConcatArray<PlayerTank>'.
      The types returned by 'slice(...)' are incompatible between these types.
        Type 'EnemyTank[]' is not assignable to type 'PlayerTank[]'.
          Type 'EnemyTank' is missing the following properties from type 'PlayerTank': invincibleTimer, speedBoosted, shieldActive, powerActive, and 2 more.
  Overload 2 of 2, '(...items: (PlayerTank | ConcatArray<PlayerTank>)[]): PlayerTank[]', gave the following error.
    Argument of type 'EnemyTank[]' is not assignable to parameter of type 'PlayerTank | ConcatArray<PlayerTank>'.
      Type 'EnemyTank[]' is not assignable to type 'ConcatArray<PlayerTank>'.
        The types returned by 'slice(...)' are incompatible between these types.
          Type 'EnemyTank[]' is not assignable to type 'PlayerTank[]'.
            Type 'EnemyTank' is missing the following properties from type 'PlayerTank': invincibleTimer, speedBoosted, shieldActive, powerActive, and 2 more. At File: K:/study/HarmonyOs/code/chenminghui_BattleCiity/entry/src/main/ets/GameController.ets:262:53
[39m
[39m
[31m15 ERROR: [31m10905209 ArkTS Compiler Error
Error Message: Only UI component syntax can be written here. At File: K:/study/HarmonyOs/code/chenminghui_BattleCiity/entry/src/main/ets/pages/GamePage.ets:128:15
[39m
[39m
[31m16 ERROR: [31m10905204 ArkTS Compiler Error
Error Message: 'icon = 'S';' does not meet UI component syntax. At File: K:/study/HarmonyOs/code/chenminghui_BattleCiity/entry/src/main/ets/pages/GamePage.ets:129:38
[39m
[39m
[31m17 ERROR: [31m10905204 ArkTS Compiler Error
Error Message: 'icon = 'D';' does not meet UI component syntax. At File: K:/study/HarmonyOs/code/chenminghui_BattleCiity/entry/src/main/ets/pages/GamePage.ets:130:43
[39m
[39m
[31m18 ERROR: [31m10905204 ArkTS Compiler Error
Error Message: 'icon = 'P';' does not meet UI component syntax. At File: K:/study/HarmonyOs/code/chenminghui_BattleCiity/entry/src/main/ets/pages/GamePage.ets:131:43
[39m
[39m
[31m19 ERROR: [31m10905204 ArkTS Compiler Error
Error Message: 'icon = 'F';' does not meet UI component syntax. At File: K:/study/HarmonyOs/code/chenminghui_BattleCiity/entry/src/main/ets/pages/GamePage.ets:132:20
[39m
[39m
[31mCOMPILE RESULT:FAIL {ERROR:20 WARN:2}[39m
    at runArkPack (K:\study\HarmonyOs\software\DevEcoStudio\DevEco Studio\tools\hvigor\hvigor-ohos-plugin\node_modules\@ohos\hvigor-arkts-compose\dist\src\arkts-pack.js:1:5736)
ArkTSCompilerError: ArkTS Compiler Error
    at throwArkTsCompilerError (K:\study\HarmonyOs\software\DevEcoStudio\DevEco Studio\tools\hvigor\hvigor-ohos-plugin\node_modules\@ohos\hvigor-arkts-compose\dist\src\data\compose-error.js:1:423)
    at throwErrorIfHasErrorInfo (K:\study\HarmonyOs\software\DevEcoStudio\DevEco Studio\tools\hvigor\hvigor-ohos-plugin\node_modules\@ohos\hvigor-arkts-compose\dist\src\plugins\common-plugin.js:1:4478)
    at Object.handler (K:\study\HarmonyOs\software\DevEcoStudio\DevEco Studio\tools\hvigor\hvigor-ohos-plugin\node_modules\@ohos\hvigor-arkts-compose\dist\src\plugins\common-plugin.js:1:2547)
    at K:\study\HarmonyOs\software\DevEcoStudio\DevEco Studio\tools\hvigor\hvigor-ohos-plugin\node_modules\@ohos\hvigor-arkts-base\node_modules\rollup\dist\shared\rollup.js:27765:40
[2026-05-07T17:52:33.890] [ERROR] debug-file - BUILD FAILED in 7 s 339 ms 
[2026-05-07T17:52:33.890] [DEBUG] debug-file - There is no need to refresh cache, since the incremental task entry:default@PreBuild is up-to-date.
[2026-05-07T17:52:33.891] [DEBUG] debug-file - Update task entry:default@CreateModuleInfo output file:K:\study\HarmonyOs\code\chenminghui_BattleCiity\entry\build\default\generated\profile\default\ModuleInfo.ts cache.
[2026-05-07T17:52:33.891] [DEBUG] debug-file - Incremental task entry:default@CreateModuleInfo post-execution cost:1 ms .
[2026-05-07T17:52:33.891] [DEBUG] debug-file - There is no need to refresh cache, since the incremental task entry:default@GenerateMetadata is up-to-date.
[2026-05-07T17:52:33.891] [DEBUG] debug-file - There is no need to refresh cache, since the incremental task entry:default@MergeProfile is up-to-date.
[2026-05-07T17:52:33.891] [DEBUG] debug-file - There is no need to refresh cache, since the incremental task entry:default@CreateBuildProfile is up-to-date.
[2026-05-07T17:52:33.891] [DEBUG] debug-file - Update task entry:default@GeneratePkgContextInfo output file:K:\study\HarmonyOs\code\chenminghui_BattleCiity\entry\build\default\intermediates\loader\default\pkgContextInfo.json cache.
[2026-05-07T17:52:33.891] [DEBUG] debug-file - Incremental task entry:default@GeneratePkgContextInfo post-execution cost:1 ms .
[2026-05-07T17:52:33.891] [DEBUG] debug-file - Update task entry:default@ProcessIntegratedHsp output file:K:\study\HarmonyOs\code\chenminghui_BattleCiity\build\cache\default\integrated_hsp\integratedHspCache.json cache.
[2026-05-07T17:52:33.892] [DEBUG] debug-file - Incremental task entry:default@ProcessIntegratedHsp post-execution cost:1 ms .
[2026-05-07T17:52:33.892] [DEBUG] debug-file - There is no need to refresh cache, since the incremental task entry:default@MakePackInfo is up-to-date.
[2026-05-07T17:52:33.892] [DEBUG] debug-file - Update task entry:default@SyscapTransform input file:K:\study\HarmonyOs\software\DevEcoStudio\DevEco Studio\sdk\default\openharmony\toolchains\syscap_tool.exe cache by regenerate.
[2026-05-07T17:52:33.892] [DEBUG] debug-file - Update task entry:default@SyscapTransform input file:K:\study\HarmonyOs\software\DevEcoStudio\DevEco Studio\sdk\default\openharmony\ets\api\device-define cache by regenerate.
[2026-05-07T17:52:33.893] [DEBUG] debug-file - Update task entry:default@SyscapTransform output file:K:\study\HarmonyOs\code\chenminghui_BattleCiity\entry\build\default\intermediates\syscap\default\rpcid.sc cache.
[2026-05-07T17:52:33.893] [DEBUG] debug-file - Incremental task entry:default@SyscapTransform post-execution cost:2 ms .
[2026-05-07T17:52:33.893] [DEBUG] debug-file - There is no need to refresh cache, since the incremental task entry:default@ProcessProfile is up-to-date.
[2026-05-07T17:52:33.893] [DEBUG] debug-file - There is no need to refresh cache, since the incremental task entry:default@ProcessRouterMap is up-to-date.
[2026-05-07T17:52:33.893] [DEBUG] debug-file - There is no need to refresh cache, since the incremental task entry:default@ProcessShareConfig is up-to-date.
[2026-05-07T17:52:33.893] [DEBUG] debug-file - Update task entry:default@ProcessStartupConfig output file:K:\study\HarmonyOs\code\chenminghui_BattleCiity\entry\build\default\intermediates\startup\default\startup_config.json cache.
[2026-05-07T17:52:33.893] [DEBUG] debug-file - Incremental task entry:default@ProcessStartupConfig post-execution cost:1 ms .
[2026-05-07T17:52:33.893] [DEBUG] debug-file - There is no need to refresh cache, since the incremental task entry:default@ProcessResource is up-to-date.
[2026-05-07T17:52:33.893] [DEBUG] debug-file - There is no need to refresh cache, since the incremental task entry:default@GenerateLoaderJson is up-to-date.
[2026-05-07T17:52:33.893] [DEBUG] debug-file - There is no need to refresh cache, since the incremental task entry:default@ProcessLibs is up-to-date.
[2026-05-07T17:52:33.893] [DEBUG] debug-file - There is no need to refresh cache, since the incremental task entry:default@CompileResource is up-to-date.
[2026-05-07T17:52:33.893] [DEBUG] debug-file - There is no need to refresh cache, since the incremental task entry:default@DoNativeStrip is up-to-date.
[2026-05-07T17:52:33.894] [DEBUG] debug-file - Update task entry:default@CompileArkTS input file:K:\study\HarmonyOs\code\chenminghui_BattleCiity\entry\build\default\intermediates\loader\default cache by regenerate.
[2026-05-07T17:52:33.895] [DEBUG] debug-file - Update task entry:default@CompileArkTS input file:K:\study\HarmonyOs\code\chenminghui_BattleCiity\entry\build\default\intermediates\res\default\resources\rawfile cache by regenerate.
[2026-05-07T17:52:33.896] [DEBUG] debug-file - Update task entry:default@CompileArkTS input file:K:\study\HarmonyOs\code\chenminghui_BattleCiity\entry\build\default\intermediates\res\default\ResourceTable.txt cache by regenerate.
[2026-05-07T17:52:33.896] [DEBUG] debug-file - Update task entry:default@CompileArkTS input file:K:\study\HarmonyOs\code\chenminghui_BattleCiity\entry\build\default\intermediates\res\default\ark_module.json cache by regenerate.
[2026-05-07T17:52:33.896] [DEBUG] debug-file - Update task entry:default@CompileArkTS input file:K:\study\HarmonyOs\code\chenminghui_BattleCiity\entry\build\default\intermediates\res\default\resources\base\profile cache by regenerate.
[2026-05-07T17:52:33.896] [DEBUG] debug-file - Update task entry:default@CompileArkTS input file:K:\study\HarmonyOs\code\chenminghui_BattleCiity\entry\src\main\ets cache by regenerate.
[2026-05-07T17:52:33.899] [DEBUG] debug-file - Update task entry:default@CompileArkTS input file:K:\study\HarmonyOs\code\chenminghui_BattleCiity\entry\build\default\generated\profile\default\BuildProfile.ets cache by regenerate.
[2026-05-07T17:52:33.899] [DEBUG] debug-file - Update task entry:default@CompileArkTS output file:K:\study\HarmonyOs\code\chenminghui_BattleCiity\entry\build\default\intermediates\loader_out\default\ets cache.
[2026-05-07T17:52:33.900] [DEBUG] debug-file - Incremental task entry:default@CompileArkTS post-execution cost:7 ms .
[2026-05-07T17:52:33.900] [DEBUG] debug-file - Update task entry:default@BuildJS input file:K:\study\HarmonyOs\code\chenminghui_BattleCiity\entry\build\default\intermediates\loader\default cache by regenerate.
[2026-05-07T17:52:33.901] [DEBUG] debug-file - Update task entry:default@BuildJS input file:K:\study\HarmonyOs\code\chenminghui_BattleCiity\entry\build\default\intermediates\res\default\resources\rawfile cache by regenerate.
[2026-05-07T17:52:33.902] [DEBUG] debug-file - Update task entry:default@BuildJS input file:K:\study\HarmonyOs\code\chenminghui_BattleCiity\entry\build\default\intermediates\res\default\ResourceTable.txt cache by regenerate.
[2026-05-07T17:52:33.902] [DEBUG] debug-file - Update task entry:default@BuildJS input file:K:\study\HarmonyOs\code\chenminghui_BattleCiity\entry\build\default\intermediates\res\default\ark_module.json cache by regenerate.
[2026-05-07T17:52:33.902] [DEBUG] debug-file - Update task entry:default@BuildJS input file:K:\study\HarmonyOs\code\chenminghui_BattleCiity\entry\build\default\intermediates\res\default\resources\base\profile cache by regenerate.
[2026-05-07T17:52:33.902] [DEBUG] debug-file - Update task entry:default@BuildJS output file:K:\study\HarmonyOs\code\chenminghui_BattleCiity\entry\build\default\intermediates\loader_out\default\js cache.
[2026-05-07T17:52:33.902] [DEBUG] debug-file - Incremental task entry:default@BuildJS post-execution cost:3 ms .
[2026-05-07T17:52:33.902] [DEBUG] debug-file - There is no need to refresh cache, since the incremental task entry:default@CacheNativeLibs is up-to-date.
[2026-05-07T17:52:33.918] [DEBUG] debug-file - Cleanup worker 0.
[2026-05-07T17:52:33.918] [DEBUG] debug-file - Worker 0 has been cleaned up.
[2026-05-07T17:52:33.918] [DEBUG] debug-file - Current idle worker size: 3.
[2026-05-07T17:52:33.918] [DEBUG] debug-file - Current resident worker size: 4.
[2026-05-07T17:52:33.918] [DEBUG] debug-file - Cleanup worker 1.
[2026-05-07T17:52:33.918] [DEBUG] debug-file - Worker 1 has been cleaned up.
[2026-05-07T17:52:33.918] [DEBUG] debug-file - Current idle worker size: 2.
[2026-05-07T17:52:33.918] [DEBUG] debug-file - Current resident worker size: 4.
[2026-05-07T17:52:33.918] [DEBUG] debug-file - Cleanup worker 18.
[2026-05-07T17:52:33.918] [DEBUG] debug-file - Worker 18 has been cleaned up.
[2026-05-07T17:52:33.918] [DEBUG] debug-file - Current idle worker size: 1.
[2026-05-07T17:52:33.918] [DEBUG] debug-file - Current resident worker size: 4.
[2026-05-07T17:52:33.919] [DEBUG] debug-file - hvigor build process will be closed.
[2026-05-07T17:52:33.923] [DEBUG] debug-file - session manager: send message to worker process.
[2026-05-07T17:52:33.924] [DEBUG] debug-file - session manager: send message to worker process.
[2026-05-07T17:52:33.923] [DEBUG] debug-file - worker[1] exits with exit code 1.
[2026-05-07T17:52:33.924] [DEBUG] debug-file - worker[0] exits with exit code 1.
[2026-05-07T17:52:33.924] [DEBUG] debug-file - watch worker: worker id should be larger than 0. Nothing will be sent to any worker thread.
[2026-05-07T17:52:33.924] [DEBUG] debug-file - watch worker: worker id should be larger than 0. Nothing will be sent to any worker thread.
[2026-05-07T17:52:33.925] [DEBUG] debug-file - worker[18] exits with exit code 1.
[2026-05-07T18:14:35.764] [DEBUG] debug-file - session manager: set active socket. socketId=NvZnBb1c-ajyY-yyAAAD
[2026-05-07T18:14:35.769] [DEBUG] debug-file - watch worker: worker id should be larger than 0. Nothing will be sent to any worker thread.
[2026-05-07T18:14:35.774] [DEBUG] debug-file - Workers' log level updated to INFO
[2026-05-07T18:14:35.779] [DEBUG] debug-file - Hvigor init with startParameters:{
  hvigorfileTypeCheck: false,
  parallelExecution: true,
  incrementalExecution: true,
  printStackTrace: false,
  daemon: true,
  analyze: 0,
  logLevel: Level { level: 20000, levelStr: 'INFO', colour: 'green' },
  optimizationStrategy: 'memory',
  hotCompile: undefined,
  hotReloadBuild: undefined,
  customizedParam: undefined
}
[2026-05-07T18:14:35.783] [DEBUG] debug-file - Cache service initialization finished in 4 ms 
[2026-05-07T18:14:35.784] [DEBUG] debug-file - hvigorfile, resolving K:\study\HarmonyOs\code\chenminghui_BattleCiity\hvigorfile.ts
[2026-05-07T18:14:35.790] [DEBUG] debug-file - hvigorfile, require result:  { default: { plugins: [] } }
[2026-05-07T18:14:35.791] [DEBUG] debug-file - hvigorfile, binding system plugins null
[2026-05-07T18:14:35.791] [DEBUG] debug-file - Starting plugin build process
[2026-05-07T18:14:35.791] [DEBUG] debug-file - App plugin prepare start...
[2026-05-07T18:14:35.791] [DEBUG] debug-file - App plugin prepare end...
[2026-05-07T18:14:35.791] [DEBUG] debug-file - App plugin creating...
[2026-05-07T18:14:35.795] [DEBUG] debug-file - App plugin register hook start...
[2026-05-07T18:14:35.795] [DEBUG] debug-file - App plugin register hook end...
[2026-05-07T18:14:35.795] [DEBUG] debug-file - Plugin build process completed
[2026-05-07T18:14:35.795] [DEBUG] debug-file - Start initialize project's product build option map with build mode debug.
[2026-05-07T18:14:35.795] [DEBUG] debug-file - Picking option from product 'default' with build mode 'debug'.
[2026-05-07T18:14:35.796] [DEBUG] debug-file - Product 'default' build option initialized
[2026-05-07T18:14:35.796] [DEBUG] debug-file - End initialize project's product build option map with build mode 'debug'.
[2026-05-07T18:14:35.796] [DEBUG] debug-file - Obtain build option for product 'default'in this build.
[2026-05-07T18:14:35.797] [DEBUG] debug-file - No signingConfig found, initRemoteHspCache failed.
[2026-05-07T18:14:35.800] [DEBUG] debug-file - Start recording SDK configuration permission data.
[2026-05-07T18:14:35.822] [DEBUG] debug-file - Sdk init in 25 ms 
[2026-05-07T18:14:35.825] [DEBUG] debug-file - Project task initialization takes 3 ms 
[2026-05-07T18:14:35.825] [DEBUG] debug-file - hvigorfile, binding custom plugins []
[2026-05-07T18:14:35.825] [DEBUG] debug-file - hvigorfile, no custom plugins were found in K:\study\HarmonyOs\code\chenminghui_BattleCiity\hvigorfile.ts
[2026-05-07T18:14:35.826] [DEBUG] debug-file - hvigorfile, resolve finished K:\study\HarmonyOs\code\chenminghui_BattleCiity\hvigorfile.ts
[2026-05-07T18:14:35.826] [DEBUG] debug-file - hvigorfile, resolving K:\study\HarmonyOs\code\chenminghui_BattleCiity\entry\hvigorfile.ts
[2026-05-07T18:14:35.829] [DEBUG] debug-file - hvigorfile, require result:  { default: { plugins: [] } }
[2026-05-07T18:14:35.829] [DEBUG] debug-file - hvigorfile, binding system plugins null
[2026-05-07T18:14:35.829] [DEBUG] debug-file - Starting plugin build process
[2026-05-07T18:14:35.829] [DEBUG] debug-file - Hap plugin creating...
[2026-05-07T18:14:35.830] [DEBUG] debug-file - failed to load cangjie to dynamically generate schemas: Error: Cannot find module '@ohos/cangjie-build-support/index'
Require stack:
- K:\study\HarmonyOs\software\DevEcoStudio\DevEco Studio\tools\hvigor\hvigor-ohos-plugin\src\plugin\hooks\cangjie-register.js
- K:\study\HarmonyOs\software\DevEcoStudio\DevEco Studio\tools\hvigor\hvigor-ohos-plugin\src\plugin\strategy\stage-init-strategy.js
- K:\study\HarmonyOs\software\DevEcoStudio\DevEco Studio\tools\hvigor\hvigor-ohos-plugin\src\plugin\builder\abstract-plugin-builder.js
- K:\study\HarmonyOs\software\DevEcoStudio\DevEco Studio\tools\hvigor\hvigor-ohos-plugin\src\plugin\builder\app-plugin-builder.js
- K:\study\HarmonyOs\software\DevEcoStudio\DevEco Studio\tools\hvigor\hvigor-ohos-plugin\src\plugin\factory\plugin-factory.js
- K:\study\HarmonyOs\software\DevEcoStudio\DevEco Studio\tools\hvigor\hvigor-ohos-plugin\index.js
- K:\study\HarmonyOs\code\chenminghui_BattleCiity\hvigorfile.ts
- K:\study\HarmonyOs\software\DevEcoStudio\DevEco Studio\tools\hvigor\hvigor\src\base\internal\lifecycle\configuration.js
- K:\study\HarmonyOs\software\DevEcoStudio\DevEco Studio\tools\hvigor\hvigor\src\base\boot\index.js
- K:\study\HarmonyOs\software\DevEcoStudio\DevEco Studio\tools\hvigor\hvigor\src\base\daemon\cluster\worker-process-lifecycle.js
- K:\study\HarmonyOs\software\DevEcoStudio\DevEco Studio\tools\hvigor\hvigor\src\base\daemon\process\daemon-process-boot-script.js
[2026-05-07T18:14:35.832] [DEBUG] debug-file - Start initialize module-target build option map, moduleName=entry, buildMode=release
[2026-05-07T18:14:35.832] [DEBUG] debug-file - Target 'default' config initialized
[2026-05-07T18:14:35.832] [DEBUG] debug-file - Module 'entry' target 'default' build option initialized
[2026-05-07T18:14:35.832] [DEBUG] debug-file - End initialize module-target build option map, moduleName=entry
[2026-05-07T18:14:35.833] [DEBUG] debug-file - Start initialize module-target build option map, moduleName=entry, buildMode=debug
[2026-05-07T18:14:35.833] [DEBUG] debug-file - Target 'default' config initialized
[2026-05-07T18:14:35.833] [DEBUG] debug-file - Module 'entry' target 'default' build option initialized
[2026-05-07T18:14:35.833] [DEBUG] debug-file - End initialize module-target build option map, moduleName=entry
[2026-05-07T18:14:35.833] [DEBUG] debug-file - Start initialize module-target build option map, moduleName=entry, buildMode=debug
[2026-05-07T18:14:35.833] [DEBUG] debug-file - Target 'default' config initialized
[2026-05-07T18:14:35.833] [DEBUG] debug-file - Module 'entry' target 'default' build option initialized
[2026-05-07T18:14:35.833] [DEBUG] debug-file - End initialize module-target build option map, moduleName=entry
[2026-05-07T18:14:35.833] [DEBUG] debug-file - Obtain build option for module 'entry' target 'default'in this build.
[2026-05-07T18:14:35.834] [DEBUG] debug-file - Module entry task initialization takes 1 ms 
[2026-05-07T18:14:35.834] [DEBUG] debug-file - Hap plugin register hook start...
[2026-05-07T18:14:35.834] [DEBUG] debug-file - Hap plugin register hook end...
[2026-05-07T18:14:35.834] [DEBUG] debug-file - Plugin build process completed
[2026-05-07T18:14:35.834] [DEBUG] debug-file - hvigorfile, binding custom plugins []
[2026-05-07T18:14:35.834] [DEBUG] debug-file - hvigorfile, no custom plugins were found in K:\study\HarmonyOs\code\chenminghui_BattleCiity\entry\hvigorfile.ts
[2026-05-07T18:14:35.834] [DEBUG] debug-file - hvigorfile, resolve finished K:\study\HarmonyOs\code\chenminghui_BattleCiity\entry\hvigorfile.ts
[2026-05-07T18:14:35.851] [DEBUG] debug-file - hvigorfile, resolve hvigorfile dependencies in 17 ms 
[2026-05-07T18:14:35.851] [DEBUG] debug-file - project has submodules:entry
[2026-05-07T18:14:35.852] [DEBUG] debug-file - start to load updatedOhPackageInfo to the disk
[2026-05-07T18:14:35.856] [DEBUG] debug-file - load to the disk finished
[2026-05-07T18:14:35.856] [DEBUG] debug-file - Start to initialize dependency information.
[2026-05-07T18:14:35.857] [DEBUG] debug-file - Module chenminghui_BattleCiity Collected Dependency: 
[2026-05-07T18:14:35.857] [DEBUG] debug-file - Module chenminghui_BattleCiity's total dependency: 0
[2026-05-07T18:14:35.857] [DEBUG] debug-file - Start to initialize dependency information.
[2026-05-07T18:14:35.859] [DEBUG] debug-file - Module entry Collected Dependency: 
[2026-05-07T18:14:35.859] [DEBUG] debug-file - Module entry's total dependency: 0
[2026-05-07T18:14:35.860] [DEBUG] debug-file - Configuration phase cost:77 ms 
[2026-05-07T18:14:35.861] [DEBUG] debug-file - Configuration task cost before running: 87 ms 
[2026-05-07T18:14:35.863] [DEBUG] debug-file - Executing task :entry:default@PreBuild
[2026-05-07T18:14:35.864] [DEBUG] debug-file - Task 'entry:default@PreBuild' cost while wrapping incremental declarations: 1 ms 
[2026-05-07T18:14:35.867] [DEBUG] debug-file - Incremental task entry:default@PreBuild pre-execution cost: 3 ms .
[2026-05-07T18:14:35.868] [DEBUG] debug-file - entry : default@PreBuild cost memory 0.323822021484375
[2026-05-07T18:14:35.869] [INFO] debug-file - UP-TO-DATE :entry:default@PreBuild...  
[2026-05-07T18:14:35.869] [DEBUG] debug-file - Executing task :entry:default@CreateModuleInfo
[2026-05-07T18:14:35.869] [DEBUG] debug-file - Task 'entry:default@CreateModuleInfo' cost while wrapping incremental declarations: 1 ms 
[2026-05-07T18:14:35.870] [DEBUG] debug-file - entry : default@CreateModuleInfo cost memory 0.04228973388671875
[2026-05-07T18:14:35.870] [DEBUG] debug-file - runTaskFromQueue task cost before running: 96 ms 
[2026-05-07T18:14:35.870] [INFO] debug-file - Finished :entry:default@CreateModuleInfo... after 1 ms 
[2026-05-07T18:14:35.872] [DEBUG] debug-file - Executing task :entry:default@GenerateMetadata
[2026-05-07T18:14:35.872] [DEBUG] debug-file - Task 'entry:default@GenerateMetadata' cost while wrapping incremental declarations: 1 ms 
[2026-05-07T18:14:35.873] [DEBUG] debug-file - Incremental task entry:default@GenerateMetadata pre-execution cost: 1 ms .
[2026-05-07T18:14:35.873] [DEBUG] debug-file - entry : default@GenerateMetadata cost memory 0.0872039794921875
[2026-05-07T18:14:35.873] [INFO] debug-file - UP-TO-DATE :entry:default@GenerateMetadata...  
[2026-05-07T18:14:35.874] [DEBUG] debug-file - Executing task :entry:default@ConfigureCmake
[2026-05-07T18:14:35.874] [DEBUG] debug-file - entry : default@ConfigureCmake cost memory 0.0148162841796875
[2026-05-07T18:14:35.874] [DEBUG] debug-file - runTaskFromQueue task cost before running: 100 ms 
[2026-05-07T18:14:35.874] [INFO] debug-file - Finished :entry:default@ConfigureCmake... after 1 ms 
[2026-05-07T18:14:35.875] [DEBUG] debug-file - Executing task :entry:default@MergeProfile
[2026-05-07T18:14:35.875] [DEBUG] debug-file - Task 'entry:default@MergeProfile' cost while wrapping incremental declarations: 1 ms 
[2026-05-07T18:14:35.876] [DEBUG] debug-file - Incremental task entry:default@MergeProfile pre-execution cost: 2 ms .
[2026-05-07T18:14:35.876] [DEBUG] debug-file - entry : default@MergeProfile cost memory 0.13294219970703125
[2026-05-07T18:14:35.877] [INFO] debug-file - UP-TO-DATE :entry:default@MergeProfile...  
[2026-05-07T18:14:35.877] [DEBUG] debug-file - Executing task :entry:default@CreateBuildProfile
[2026-05-07T18:14:35.878] [DEBUG] debug-file - Task 'entry:default@CreateBuildProfile' cost while wrapping incremental declarations: 1 ms 
[2026-05-07T18:14:35.879] [DEBUG] debug-file - Incremental task entry:default@CreateBuildProfile pre-execution cost: 1 ms .
[2026-05-07T18:14:35.879] [DEBUG] debug-file - entry : default@CreateBuildProfile cost memory 0.09642791748046875
[2026-05-07T18:14:35.879] [INFO] debug-file - UP-TO-DATE :entry:default@CreateBuildProfile...  
[2026-05-07T18:14:35.880] [DEBUG] debug-file - Executing task :entry:default@PreCheckSyscap
[2026-05-07T18:14:35.880] [DEBUG] debug-file - entry : default@PreCheckSyscap cost memory 0.01497650146484375
[2026-05-07T18:14:35.880] [DEBUG] debug-file - runTaskFromQueue task cost before running: 106 ms 
[2026-05-07T18:14:35.881] [INFO] debug-file - Finished :entry:default@PreCheckSyscap... after 1 ms 
[2026-05-07T18:14:35.882] [DEBUG] debug-file - Executing task :entry:default@GeneratePkgContextInfo
[2026-05-07T18:14:35.885] [DEBUG] debug-file - Task 'entry:default@GeneratePkgContextInfo' cost while wrapping incremental declarations: 1 ms 
[2026-05-07T18:14:35.885] [DEBUG] debug-file - entry : default@GeneratePkgContextInfo cost memory 0.48281097412109375
[2026-05-07T18:14:35.885] [DEBUG] debug-file - runTaskFromQueue task cost before running: 111 ms 
[2026-05-07T18:14:35.885] [INFO] debug-file - Finished :entry:default@GeneratePkgContextInfo... after 4 ms 
[2026-05-07T18:14:35.887] [DEBUG] debug-file - Executing task :entry:default@ProcessIntegratedHsp
[2026-05-07T18:14:35.887] [DEBUG] debug-file - entry:default@ProcessIntegratedHsp is not up-to-date, since the output file 'K:\study\HarmonyOs\code\chenminghui_BattleCiity\build\cache\default\integrated_hsp\integratedHspCache.json' does not exist.
[2026-05-07T18:14:35.887] [DEBUG] debug-file - Incremental task entry:default@ProcessIntegratedHsp pre-execution cost: 1 ms .
[2026-05-07T18:14:35.888] [DEBUG] debug-file - entry : default@ProcessIntegratedHsp cost memory 0.05841827392578125
[2026-05-07T18:14:35.888] [DEBUG] debug-file - runTaskFromQueue task cost before running: 114 ms 
[2026-05-07T18:14:35.888] [INFO] debug-file - Finished :entry:default@ProcessIntegratedHsp... after 1 ms 
[2026-05-07T18:14:35.889] [DEBUG] debug-file - Executing task :entry:default@BuildNativeWithCmake
[2026-05-07T18:14:35.889] [DEBUG] debug-file - entry : default@BuildNativeWithCmake cost memory 0.014923095703125
[2026-05-07T18:14:35.889] [DEBUG] debug-file - runTaskFromQueue task cost before running: 115 ms 
[2026-05-07T18:14:35.889] [INFO] debug-file - Finished :entry:default@BuildNativeWithCmake... after 1 ms 
[2026-05-07T18:14:35.889] [DEBUG] debug-file - Executing task :entry:default@MakePackInfo
[2026-05-07T18:14:35.890] [DEBUG] debug-file - Incremental task entry:default@MakePackInfo pre-execution cost: 1 ms .
[2026-05-07T18:14:35.890] [DEBUG] debug-file - entry : default@MakePackInfo cost memory 0.1077880859375
[2026-05-07T18:14:35.891] [INFO] debug-file - UP-TO-DATE :entry:default@MakePackInfo...  
[2026-05-07T18:14:35.891] [DEBUG] debug-file - Executing task :entry:default@SyscapTransform
[2026-05-07T18:14:35.891] [DEBUG] debug-file - File: 'K:\study\HarmonyOs\code\chenminghui_BattleCiity\entry\src\main\syscap.json' from 'sysCapJsonPath' is not exists, just ignore.
[2026-05-07T18:14:35.892] [DEBUG] debug-file - Task 'entry:default@SyscapTransform' cost while wrapping incremental declarations: 1 ms 
[2026-05-07T18:14:35.893] [DEBUG] debug-file - entry:default@SyscapTransform is not up-to-date, since the output file 'K:\study\HarmonyOs\code\chenminghui_BattleCiity\entry\build\default\intermediates\syscap\default\rpcid.sc' does not exist.
[2026-05-07T18:14:35.893] [DEBUG] debug-file - Incremental task entry:default@SyscapTransform pre-execution cost: 1 ms .
[2026-05-07T18:14:35.893] [DEBUG] debug-file - entry : default@SyscapTransform cost memory 0.16861724853515625
[2026-05-07T18:14:35.893] [DEBUG] debug-file - runTaskFromQueue task cost before running: 119 ms 
[2026-05-07T18:14:35.893] [INFO] debug-file - Finished :entry:default@SyscapTransform... after 2 ms 
[2026-05-07T18:14:35.894] [DEBUG] debug-file - Executing task :entry:default@ProcessProfile
[2026-05-07T18:14:35.894] [DEBUG] debug-file - Task 'entry:default@ProcessProfile' cost while wrapping incremental declarations: 1 ms 
[2026-05-07T18:14:35.895] [DEBUG] debug-file - Incremental task entry:default@ProcessProfile pre-execution cost: 1 ms .
[2026-05-07T18:14:35.895] [DEBUG] debug-file - entry : default@ProcessProfile cost memory 0.127166748046875
[2026-05-07T18:14:35.895] [INFO] debug-file - UP-TO-DATE :entry:default@ProcessProfile...  
[2026-05-07T18:14:35.896] [DEBUG] debug-file - Executing task :entry:default@ProcessRouterMap
[2026-05-07T18:14:35.898] [DEBUG] debug-file - Incremental task entry:default@ProcessRouterMap pre-execution cost: 2 ms .
[2026-05-07T18:14:35.898] [DEBUG] debug-file - entry : default@ProcessRouterMap cost memory 0.1442718505859375
[2026-05-07T18:14:35.900] [INFO] debug-file - UP-TO-DATE :entry:default@ProcessRouterMap...  
[2026-05-07T18:14:35.900] [DEBUG] debug-file - Executing task :entry:default@ProcessShareConfig
[2026-05-07T18:14:35.901] [DEBUG] debug-file - Incremental task entry:default@ProcessShareConfig pre-execution cost: 1 ms .
[2026-05-07T18:14:35.902] [DEBUG] debug-file - entry : default@ProcessShareConfig cost memory 0.11574554443359375
[2026-05-07T18:14:35.902] [INFO] debug-file - UP-TO-DATE :entry:default@ProcessShareConfig...  
[2026-05-07T18:14:35.903] [DEBUG] debug-file - Executing task :entry:default@ProcessStartupConfig
[2026-05-07T18:14:35.903] [DEBUG] debug-file - Task 'entry:default@ProcessStartupConfig' cost while wrapping incremental declarations: 1 ms 
[2026-05-07T18:14:35.903] [DEBUG] debug-file - entry:default@ProcessStartupConfig is not up-to-date, since the output file 'K:\study\HarmonyOs\code\chenminghui_BattleCiity\entry\build\default\intermediates\startup\default\startup_config.json' does not exist.
[2026-05-07T18:14:35.903] [DEBUG] debug-file - Incremental task entry:default@ProcessStartupConfig pre-execution cost: 1 ms .
[2026-05-07T18:14:35.903] [DEBUG] debug-file - entry : default@ProcessStartupConfig cost memory 0.0982513427734375
[2026-05-07T18:14:35.903] [DEBUG] debug-file - runTaskFromQueue task cost before running: 129 ms 
[2026-05-07T18:14:35.903] [INFO] debug-file - Finished :entry:default@ProcessStartupConfig... after 1 ms 
[2026-05-07T18:14:35.904] [DEBUG] debug-file - Executing task :entry:default@BuildNativeWithNinja
[2026-05-07T18:14:35.904] [DEBUG] debug-file - entry : default@BuildNativeWithNinja cost memory 0.021820068359375
[2026-05-07T18:14:35.905] [DEBUG] debug-file - runTaskFromQueue task cost before running: 131 ms 
[2026-05-07T18:14:35.905] [INFO] debug-file - Finished :entry:default@BuildNativeWithNinja... after 1 ms 
[2026-05-07T18:14:35.905] [DEBUG] debug-file - restool module names: entry; moduleName=entry, taskName=default@ProcessResource
[2026-05-07T18:14:35.906] [DEBUG] debug-file - Executing task :entry:default@ProcessResource
[2026-05-07T18:14:35.906] [DEBUG] debug-file - Task 'entry:default@ProcessResource' cost while wrapping incremental declarations: 1 ms 
[2026-05-07T18:14:35.907] [DEBUG] debug-file - Incremental task entry:default@ProcessResource pre-execution cost: 1 ms .
[2026-05-07T18:14:35.907] [DEBUG] debug-file - entry : default@ProcessResource cost memory 0.1404571533203125
[2026-05-07T18:14:35.908] [INFO] debug-file - UP-TO-DATE :entry:default@ProcessResource...  
[2026-05-07T18:14:35.909] [DEBUG] debug-file - Executing task :entry:default@GenerateLoaderJson
[2026-05-07T18:14:35.909] [DEBUG] debug-file - Task 'entry:default@GenerateLoaderJson' cost while wrapping incremental declarations: 1 ms 
[2026-05-07T18:14:35.914] [DEBUG] debug-file - Incremental task entry:default@GenerateLoaderJson pre-execution cost: 3 ms .
[2026-05-07T18:14:35.914] [DEBUG] debug-file - entry : default@GenerateLoaderJson cost memory 0.48915863037109375
[2026-05-07T18:14:35.916] [INFO] debug-file - UP-TO-DATE :entry:default@GenerateLoaderJson...  
[2026-05-07T18:14:35.917] [DEBUG] debug-file - Executing task :entry:default@ProcessLibs
[2026-05-07T18:14:35.918] [DEBUG] debug-file - Incremental task entry:default@ProcessLibs pre-execution cost: 1 ms .
[2026-05-07T18:14:35.918] [DEBUG] debug-file - entry : default@ProcessLibs cost memory 0.1082763671875
[2026-05-07T18:14:35.919] [INFO] debug-file - UP-TO-DATE :entry:default@ProcessLibs...  
[2026-05-07T18:14:35.919] [DEBUG] debug-file - restool module names: entry; moduleName=entry, taskName=default@CompileResource
[2026-05-07T18:14:35.920] [DEBUG] debug-file - Executing task :entry:default@CompileResource
[2026-05-07T18:14:35.926] [DEBUG] debug-file - Incremental task entry:default@CompileResource pre-execution cost: 6 ms .
[2026-05-07T18:14:35.926] [DEBUG] debug-file - entry : default@CompileResource cost memory 0.8386764526367188
[2026-05-07T18:14:35.927] [INFO] debug-file - UP-TO-DATE :entry:default@CompileResource...  
[2026-05-07T18:14:35.927] [DEBUG] debug-file - Executing task :entry:default@DoNativeStrip
[2026-05-07T18:14:35.927] [DEBUG] debug-file - Task 'entry:default@DoNativeStrip' cost while wrapping incremental declarations: 1 ms 
[2026-05-07T18:14:35.928] [DEBUG] debug-file - Incremental task entry:default@DoNativeStrip pre-execution cost: 1 ms .
[2026-05-07T18:14:35.928] [DEBUG] debug-file - entry : default@DoNativeStrip cost memory 0.08039093017578125
[2026-05-07T18:14:35.928] [INFO] debug-file - UP-TO-DATE :entry:default@DoNativeStrip...  
[2026-05-07T18:14:35.929] [DEBUG] debug-file - Executing task :entry:default@CompileArkTS
[2026-05-07T18:14:35.929] [DEBUG] debug-file - obfuscationOptions: undefined
[2026-05-07T18:14:35.930] [DEBUG] debug-file - Task 'entry:default@CompileArkTS' cost while wrapping incremental declarations: 1 ms 
[2026-05-07T18:14:35.937] [DEBUG] debug-file - build config:
[2026-05-07T18:14:35.937] [DEBUG] debug-file - {
  moduleType: 'entry',
  perf: 0,
  targetName: '.default',
  packageManagerType: 'ohpm',
  localPropertiesPath: 'K:\\study\\HarmonyOs\\code\\chenminghui_BattleCiity\\local.properties',
  isPreview: false,
  isOhosTest: false,
  isLocalTest: false,
  buildMode: 'Debug',
  hotReloadBuild: undefined,
  watchMode: 'false',
  aceProfilePath: 'K:\\study\\HarmonyOs\\code\\chenminghui_BattleCiity\\entry\\build\\default\\intermediates\\res\\default\\resources\\base\\profile',
  etsLoaderPath: 'K:\\study\\HarmonyOs\\software\\DevEcoStudio\\DevEco Studio\\sdk\\default\\openharmony\\ets\\build-tools\\ets-loader',
  modulePath: 'K:\\study\\HarmonyOs\\code\\chenminghui_BattleCiity\\entry',
  testFrameworkPar: {
    testMode: undefined,
    coveragePathFilter: undefined,
    coverageMode: undefined
  },
  needCoverageInsert: false,
  debugLine: false,
  projectTopDir: 'K:\\study\\HarmonyOs\\code\\chenminghui_BattleCiity',
  compileSdkVersion: 22,
  compatibleSdkVersion: 10,
  originCompatibleSdkVersion: '4.0.0(10)',
  compatibleSdkVersionStage: undefined,
  bundleName: 'c***y',
  etsLoaderVersion: '6.0.2.130',
  etsLoaderReleaseType: 'Release',
  aotCompileMode: 'type',
  apPath: 'K:\\study\\HarmonyOs\\code\\chenminghui_BattleCiity\\entry\\modules.ap',
  entryModuleName: 'entry',
  entryModuleVersion: '1.0.0',
  entryPackageName: 'entry',
  allModuleNameHash: 'a4db1cfab7325329050ebee4afa0d9ca953afb3f6e9b46f820446b7b1027027a',
  externalApiPaths: [
    'K:\\study\\HarmonyOs\\software\\DevEcoStudio\\DevEco Studio\\sdk\\default\\hms\\ets'
  ],
  compilerTypes: [],
  isCrossplatform: false,
  hvigorPluginFile: undefined,
  compilePluginPath: undefined,
  buildGeneratedProfilePath: 'K:\\study\\HarmonyOs\\code\\chenminghui_BattleCiity\\entry\\build\\default\\generated\\profile\\default',
  bundleType: 'app',
  arkTSVersion: undefined,
  apiVersion: 22,
  needCompleteSourcesMap: false,
  isFaMode: false,
  buildDir: 'K:\\study\\HarmonyOs\\code\\chenminghui_BattleCiity\\entry\\build',
  deviceTypes: [ 'phone', 'tablet' ],
  pkgContextInfo: undefined,
  ohPackagePathMap: {},
  dependencyAliasMap: {},
  permission: { requestPermissions: undefined, definePermissions: undefined },
  useGetCurrentBundleName: false,
  projectArkOption: undefined,
  sourceMapDir: undefined,
  branchElimination: false,
  transformLib: undefined,
  tsImportSendable: false,
  resolveConflictMode: true,
  depName2RootPath: {},
  depName2DepInfo: {},
  rootPathSet: [ 'K:\\study\\HarmonyOs\\code\\chenminghui_BattleCiity' ],
  useNativeResolver: true,
  shouldEmitJs: true,
  useTscResolve: false,
  singleFileEmit: false,
  userProjectConfig: {
    autoLazyImport: false,
    allowEmptyBundleName: false,
    reExportCheckMode: 'noCheck',
    executionMode: 'memory',
    usePathPlaceholder: false,
    writeRollupCache: true,
    isExpandImportEnabled: false,
    expandImportExclude: '',
    lazyImportExclude: '',
    lazyImportInclude: '',
    ignoreCrossplatformCheck: false,
    isHarDeduplicateEnabled: false,
    skipOhModulesLint: false,
    enableStrictCheckOHModule: false,
    disableSendableCheckRules: [],
    useDeclarationFileSignature: false,
    customizedOptions: undefined,
    integratedHsp: false,
    isPreloadSoEnabled: false
  },
  executionMode: 'memory',
  arkCompileCachePath: 'K:\\study\\HarmonyOs\\code\\chenminghui_BattleCiity\\entry\\build\\default\\cache\\default\\default@CompileArkTS\\esmodule',
  autoLazyFilter: undefined,
  isHarDeduplicateEnabled: false,
  intermediateHarDuplicateDirPath: 'K:\\study\\HarmonyOs\\code\\chenminghui_BattleCiity\\entry\\build\\default\\intermediates\\har_duplicate\\default',
  autoLazyImport: false,
  allowEmptyBundleName: false,
  reExportCheckMode: 'noCheck',
  usePathPlaceholder: false,
  writeRollupCache: true,
  isExpandImportEnabled: false,
  expandImportExclude: '',
  lazyImportExclude: '',
  lazyImportInclude: '',
  ignoreCrossplatformCheck: false,
  skipOhModulesLint: false,
  enableStrictCheckOHModule: false,
  disableSendableCheckRules: [],
  useDeclarationFileSignature: false,
  customizedOptions: undefined,
  integratedHsp: false,
  isPreloadSoEnabled: false,
  strictMode: undefined,
  useNormalizedOHMUrl: false,
  caseSensitiveCheck: false,
  aceModuleJsonPath: 'K:\\study\\HarmonyOs\\code\\chenminghui_BattleCiity\\entry\\build\\default\\intermediates\\res\\default\\ark_module.json',
  appResource: 'K:\\study\\HarmonyOs\\code\\chenminghui_BattleCiity\\entry\\build\\default\\intermediates\\res\\default\\ResourceTable.txt',
  rawFileResource: 'K:\\study\\HarmonyOs\\code\\chenminghui_BattleCiity\\entry\\build\\default\\intermediates\\res\\default\\resources\\rawfile',
  resourceTableHash: '42116fa57be9f8ac9defd210768d75e197c8b8faeb2d6536c1e619711672b5b7',
  runtimeOS: 'HarmonyOS',
  sdkInfo: 'false:22:6.0.2.130:Release',
  aceModuleRoot: 'K:\\study\\HarmonyOs\\code\\chenminghui_BattleCiity\\entry\\src\\main\\ets',
  compileMode: 'esmodule',
  aceSuperVisualPath: 'K:\\study\\HarmonyOs\\code\\chenminghui_BattleCiity\\entry\\src\\main\\supervisual',
  aceBuildJson: 'K:\\study\\HarmonyOs\\code\\chenminghui_BattleCiity\\entry\\build\\default\\intermediates\\loader\\default\\loader.json',
  cachePath: 'K:\\study\\HarmonyOs\\code\\chenminghui_BattleCiity\\entry\\build\\default\\cache\\default\\default@CompileArkTS\\esmodule\\debug',
  aceModuleBuild: 'K:\\study\\HarmonyOs\\code\\chenminghui_BattleCiity\\entry\\build\\default\\intermediates\\loader_out\\default\\ets',
  supportChunks: true,
  declaredFilesPath: undefined,
  shouldCollectDirectImportees: false,
  isByteCodeHarOptimize: false,
  expandImportPath: undefined,
  pkgNameToPkgBriefInfo: {
    entry: {
      pkgRoot: 'K:\\study\\HarmonyOs\\code\\chenminghui_BattleCiity\\entry',
      originalSourceRoots: undefined,
      sourceRoots: [Array],
      pkgName: 'entry'
    }
  },
  projectModel: {
    'K:\\study\\HarmonyOs\\code\\chenminghui_BattleCiity\\entry\\src\\main': {
      moduleName: 'entry',
      modulePkgPath: 'K:\\study\\HarmonyOs\\code\\chenminghui_BattleCiity\\entry',
      belongProjectPath: 'K:\\study\\HarmonyOs\\code\\chenminghui_BattleCiity'
    },
    'K:\\study\\HarmonyOs\\code\\chenminghui_BattleCiity\\entry': {
      moduleName: 'entry',
      modulePkgPath: 'K:\\study\\HarmonyOs\\code\\chenminghui_BattleCiity\\entry',
      belongProjectPath: 'K:\\study\\HarmonyOs\\code\\chenminghui_BattleCiity'
    },
    'K:\\study\\HarmonyOs\\code\\chenminghui_BattleCiity': {
      moduleName: 'chenminghui_BattleCiity',
      modulePkgPath: 'K:\\study\\HarmonyOs\\code\\chenminghui_BattleCiity',
      belongProjectPath: 'K:\\study\\HarmonyOs\\code\\chenminghui_BattleCiity'
    }
  },
  pkgJsonFileHash: '0c650fcb5db374eb0293e4593f1a26d0e2b7b030f86c991c65a2cb279448be58',
  allModulePaths: [ 'K:\\study\\HarmonyOs\\code\\chenminghui_BattleCiity\\entry' ],
  routerMap: {},
  obfuscationOptions: undefined,
  byteCodeHarToDependencyKeys: undefined,
  compileBlockPkg: [],
  mockParams: {
    decorator: '@MockSetup',
    packageName: '@ohos/hamock',
    etsSourceRootPath: 'src/main/ets',
    mockConfigPath: undefined,
    mockConfigKey2ModuleInfo: {},
    source2ModuleIdMap: {}
  },
  copyCodeResourceEnable: true,
  copyCodeResourceExcludes: [],
  copyCodeResourceIncludes: undefined,
  uiTransformOptimization: false,
  sdkPath: 'K:/study/HarmonyOs/software/DevEcoStudio/DevEco Studio/sdk',
  needPreloadSoFileSet: {},
  preloadSoFilePath: 'K:\\study\\HarmonyOs\\code\\chenminghui_BattleCiity\\entry\\build\\default\\intermediates\\preload\\default\\preload.json',
  useSourceHash: false,
  localModuleParamMap: {},
  otherPaths: {
    'entry/*': [
      '..\\*',
      '..\\..\\..\\build\\default\\generated\\profile\\default\\*'
    ]
  },
  collectImportersConfig: undefined
}
[2026-05-07T18:14:35.937] [DEBUG] debug-file - Compile arkts with external api path: K:\study\HarmonyOs\software\DevEcoStudio\DevEco Studio\sdk\default\hms\ets
[2026-05-07T18:14:35.938] [DEBUG] debug-file - default@CompileArkTS work[2] is submitted.
[2026-05-07T18:14:35.938] [DEBUG] debug-file - default@CompileArkTS work[2] is pushed to ready queue.
[2026-05-07T18:14:35.938] [DEBUG] debug-file - A work dispatched to worker[19] failed because unable to get work from ready queue.
[2026-05-07T18:14:35.938] [DEBUG] debug-file - A work dispatched to worker[18] failed because unable to get work from ready queue.
[2026-05-07T18:14:35.938] [DEBUG] debug-file - A work dispatched to worker[17] failed because unable to get work from ready queue.
[2026-05-07T18:14:35.938] [DEBUG] debug-file - A work dispatched to worker[16] failed because unable to get work from ready queue.
[2026-05-07T18:14:35.938] [DEBUG] debug-file - A work dispatched to worker[15] failed because unable to get work from ready queue.
[2026-05-07T18:14:35.938] [DEBUG] debug-file - A work dispatched to worker[14] failed because unable to get work from ready queue.
[2026-05-07T18:14:35.938] [DEBUG] debug-file - A work dispatched to worker[13] failed because unable to get work from ready queue.
[2026-05-07T18:14:35.938] [DEBUG] debug-file - A work dispatched to worker[12] failed because unable to get work from ready queue.
[2026-05-07T18:14:35.938] [DEBUG] debug-file - A work dispatched to worker[11] failed because unable to get work from ready queue.
[2026-05-07T18:14:35.938] [DEBUG] debug-file - A work dispatched to worker[10] failed because unable to get work from ready queue.
[2026-05-07T18:14:35.938] [DEBUG] debug-file - A work dispatched to worker[9] failed because unable to get work from ready queue.
[2026-05-07T18:14:35.938] [DEBUG] debug-file - A work dispatched to worker[8] failed because unable to get work from ready queue.
[2026-05-07T18:14:35.938] [DEBUG] debug-file - A work dispatched to worker[7] failed because unable to get work from ready queue.
[2026-05-07T18:14:35.938] [DEBUG] debug-file - A work dispatched to worker[6] failed because unable to get work from ready queue.
[2026-05-07T18:14:35.938] [DEBUG] debug-file - A work dispatched to worker[5] failed because unable to get work from ready queue.
[2026-05-07T18:14:35.938] [DEBUG] debug-file - default@CompileArkTS work[2] has been dispatched to worker[4].
[2026-05-07T18:14:35.939] [DEBUG] debug-file - default@CompileArkTS work[2] is dispatched.
[2026-05-07T18:14:35.939] [DEBUG] debug-file - CopyResources startTime: 1554611057200
[2026-05-07T18:14:35.939] [DEBUG] debug-file - default@CompileArkTS work[3] is submitted.
[2026-05-07T18:14:35.939] [DEBUG] debug-file - default@CompileArkTS work[3] is pushed to ready queue.
[2026-05-07T18:14:35.939] [DEBUG] debug-file - A work dispatched to worker[19] failed because unable to get work from ready queue.
[2026-05-07T18:14:35.939] [DEBUG] debug-file - Create  resident worker with id: 18.
[2026-05-07T18:14:35.939] [DEBUG] debug-file - default@CompileArkTS work[3] has been dispatched to worker[18].
[2026-05-07T18:14:35.940] [DEBUG] debug-file - default@CompileArkTS work[3] is dispatched.
[2026-05-07T18:14:35.940] [DEBUG] debug-file - entry : default@CompileArkTS cost memory -0.46148681640625
[2026-05-07T18:14:35.940] [DEBUG] debug-file - Executing task :entry:default@BuildJS
[2026-05-07T18:14:35.941] [DEBUG] debug-file - Task 'entry:default@BuildJS' cost while wrapping incremental declarations: 1 ms 
[2026-05-07T18:14:35.942] [DEBUG] debug-file - entry : default@BuildJS cost memory 0.153289794921875
[2026-05-07T18:14:35.942] [DEBUG] debug-file - runTaskFromQueue task cost before running: 168 ms 
[2026-05-07T18:14:35.942] [INFO] debug-file - Finished :entry:default@BuildJS... after 2 ms 
[2026-05-07T18:14:35.943] [DEBUG] debug-file - Executing task :entry:default@CacheNativeLibs
[2026-05-07T18:14:35.943] [DEBUG] debug-file - Task 'entry:default@CacheNativeLibs' cost while wrapping incremental declarations: 1 ms 
[2026-05-07T18:14:35.944] [DEBUG] debug-file - Incremental task entry:default@CacheNativeLibs pre-execution cost: 1 ms .
[2026-05-07T18:14:35.944] [DEBUG] debug-file - entry : default@CacheNativeLibs cost memory 0.09571075439453125
[2026-05-07T18:14:35.944] [INFO] debug-file - UP-TO-DATE :entry:default@CacheNativeLibs...  
[2026-05-07T18:14:36.577] [DEBUG] debug-file - worker[18] has one work done.
[2026-05-07T18:14:36.577] [DEBUG] debug-file - CopyResources is end, endTime: 1555249297300
[2026-05-07T18:14:36.577] [DEBUG] debug-file - default@CompileArkTS work[3] done.
[2026-05-07T18:14:36.577] [DEBUG] debug-file - A work dispatched to worker[18] failed because unable to get work from ready queue.
[2026-05-07T18:14:37.341] [WARN] debug-file - [33mWARN: [33m[33mArkTS:WARN File: K:/study/HarmonyOs/code/chenminghui_BattleCiity/entry/src/main/ets/pages/GamePage.ets:29:17
 'getContext' has been deprecated.
[39m[39m

[2026-05-07T18:14:37.342] [DEBUG] debug-file - Ark compile task finished.finished time is 1556014292200
[2026-05-07T18:14:37.342] [DEBUG] debug-file - worker[4] has one work done.
[2026-05-07T18:14:37.344] [DEBUG] debug-file - default@CompileArkTS work[2] done.
[2026-05-07T18:14:37.344] [DEBUG] debug-file - A work dispatched to worker[4] failed because unable to get work from ready queue.
[2026-05-07T18:14:37.345] [INFO] debug-file - Finished :entry:default@CompileArkTS... after 1 s 413 ms 
[2026-05-07T18:14:37.346] [DEBUG] debug-file - Executing task :entry:default@GeneratePkgModuleJson
[2026-05-07T18:14:37.346] [DEBUG] debug-file - File: 'K:\study\HarmonyOs\code\chenminghui_BattleCiity\entry\build\default\intermediates\preload\default\preload.json' from 'preloadSoJsonPath' is not exists, just ignore.
[2026-05-07T18:14:37.347] [DEBUG] debug-file - Error occurs while handling @Input 'shouldDeduplicateHar': The "data" argument must be of type string or an instance of Buffer, TypedArray, or DataView. Received undefined
[2026-05-07T18:14:37.347] [DEBUG] debug-file - Task 'entry:default@GeneratePkgModuleJson' cost while wrapping incremental declarations: 1 ms 
[2026-05-07T18:14:37.347] [DEBUG] debug-file - entry:default@GeneratePkgModuleJson is not up-to-date, since the input file 'K:\study\HarmonyOs\code\chenminghui_BattleCiity\entry\build\default\intermediates\res\default\module.json' has been changed.
[2026-05-07T18:14:37.347] [DEBUG] debug-file - Incremental task entry:default@GeneratePkgModuleJson pre-execution cost: 1 ms .
[2026-05-07T18:14:37.349] [DEBUG] debug-file - entry : default@GeneratePkgModuleJson cost memory 0.177276611328125
[2026-05-07T18:14:37.349] [DEBUG] debug-file - runTaskFromQueue task cost before running: 1 s 575 ms 
[2026-05-07T18:14:37.349] [INFO] debug-file - Finished :entry:default@GeneratePkgModuleJson... after 3 ms 
[2026-05-07T18:14:37.349] [DEBUG] debug-file - Executing task :entry:default@ProcessCompiledResources
[2026-05-07T18:14:37.350] [DEBUG] debug-file - File: 'K:\study\HarmonyOs\code\chenminghui_BattleCiity\entry\build\default\intermediates\preload\default\preload.json' from 'preloadSoJsonPath' is not exists, just ignore.
[2026-05-07T18:14:37.350] [DEBUG] debug-file - Task 'entry:default@ProcessCompiledResources' cost while wrapping incremental declarations: 1 ms 
[2026-05-07T18:14:37.350] [DEBUG] debug-file - entry : default@ProcessCompiledResources cost memory 0.06003570556640625
[2026-05-07T18:14:37.350] [DEBUG] debug-file - runTaskFromQueue task cost before running: 1 s 576 ms 
[2026-05-07T18:14:37.350] [INFO] debug-file - Finished :entry:default@ProcessCompiledResources... after 1 ms 
[2026-05-07T18:14:37.352] [DEBUG] debug-file - Executing task :entry:default@PackageHap
[2026-05-07T18:14:37.355] [DEBUG] debug-file - entry:default@PackageHap is not up-to-date, since the input file 'K:\study\HarmonyOs\code\chenminghui_BattleCiity\entry\build\default\intermediates\res\default\module.json' has been changed.
[2026-05-07T18:14:37.355] [DEBUG] debug-file - Incremental task entry:default@PackageHap pre-execution cost: 2 ms .
[2026-05-07T18:14:37.356] [DEBUG] debug-file - Use tool [K:\study\HarmonyOs\software\DevEcoStudio\DevEco Studio\sdk\default\openharmony\toolchains\lib\app_packing_tool.jar]
 [
  'java',
  '-Dfile.encoding=GBK',
  '-jar',
  'K:\\study\\HarmonyOs\\software\\DevEcoStudio\\DevEco Studio\\sdk\\default\\openharmony\\toolchains\\lib\\app_packing_tool.jar',
  '--mode',
  'hap',
  '--force',
  'true',
  '--lib-path',
  'K:\\study\\HarmonyOs\\code\\chenminghui_BattleCiity\\entry\\build\\default\\intermediates\\stripped_native_libs\\default',
  '--json-path',
  'K:\\study\\HarmonyOs\\code\\chenminghui_BattleCiity\\entry\\build\\default\\intermediates\\package\\default\\module.json',
  '--resources-path',
  'K:\\study\\HarmonyOs\\code\\chenminghui_BattleCiity\\entry\\build\\default\\intermediates\\res\\default\\resources',
  '--index-path',
  'K:\\study\\HarmonyOs\\code\\chenminghui_BattleCiity\\entry\\build\\default\\intermediates\\res\\default\\resources.index',
  '--pack-info-path',
  'K:\\study\\HarmonyOs\\code\\chenminghui_BattleCiity\\entry\\build\\default\\outputs\\default\\pack.info',
  '--out-path',
  'K:\\study\\HarmonyOs\\code\\chenminghui_BattleCiity\\entry\\build\\default\\outputs\\default\\entry-default-unsigned.hap',
  '--ets-path',
  'K:\\study\\HarmonyOs\\code\\chenminghui_BattleCiity\\entry\\build\\default\\intermediates\\loader_out\\default\\ets'
]
[2026-05-07T18:14:37.613] [DEBUG] debug-file - java daemon socket received message:{"code":0,"message":"pack success"}
[2026-05-07T18:14:37.616] [DEBUG] debug-file - entry : default@PackageHap cost memory 0.654449462890625
[2026-05-07T18:14:37.616] [DEBUG] debug-file - runTaskFromQueue task cost before running: 1 s 842 ms 
[2026-05-07T18:14:37.617] [INFO] debug-file - Finished :entry:default@PackageHap... after 265 ms 
[2026-05-07T18:14:37.618] [DEBUG] debug-file - Executing task :entry:default@PackingCheck
[2026-05-07T18:14:37.624] [DEBUG] debug-file - entry : default@PackingCheck cost memory -1.2205581665039062
[2026-05-07T18:14:37.624] [DEBUG] debug-file - runTaskFromQueue task cost before running: 1 s 850 ms 
[2026-05-07T18:14:37.625] [INFO] debug-file - Finished :entry:default@PackingCheck... after 7 ms 
[2026-05-07T18:14:37.626] [DEBUG] debug-file - Executing task :entry:default@SignHap
[2026-05-07T18:14:37.626] [WARN] debug-file - Will skip sign 'hos_hap'. No signingConfigs profile is configured in current project.
             If needed, configure the signingConfigs in K:\study\HarmonyOs\code\chenminghui_BattleCiity\build-profile.json5.
[2026-05-07T18:14:37.627] [DEBUG] debug-file - entry:default@SignHap is not up-to-date, since the input file 'K:\study\HarmonyOs\code\chenminghui_BattleCiity\entry\build\default\outputs\default\entry-default-unsigned.hap' has been changed.
[2026-05-07T18:14:37.627] [DEBUG] debug-file - Incremental task entry:default@SignHap pre-execution cost: 1 ms .
[2026-05-07T18:14:37.627] [DEBUG] debug-file - entry : default@SignHap cost memory 0.0919952392578125
[2026-05-07T18:14:37.627] [DEBUG] debug-file - runTaskFromQueue task cost before running: 1 s 853 ms 
[2026-05-07T18:14:37.627] [INFO] debug-file - Finished :entry:default@SignHap... after 2 ms 
[2026-05-07T18:14:37.629] [DEBUG] debug-file - Executing task :entry:default@CollectDebugSymbol
[2026-05-07T18:14:37.629] [DEBUG] debug-file - entry : default@CollectDebugSymbol cost memory 0.09786224365234375
[2026-05-07T18:14:37.630] [DEBUG] debug-file - runTaskFromQueue task cost before running: 1 s 856 ms 
[2026-05-07T18:14:37.630] [INFO] debug-file - Finished :entry:default@CollectDebugSymbol... after 1 ms 
[2026-05-07T18:14:37.630] [DEBUG] debug-file - Executing task :entry:assembleHap
[2026-05-07T18:14:37.630] [DEBUG] debug-file - entry : assembleHap cost memory 0.0128021240234375
[2026-05-07T18:14:37.630] [DEBUG] debug-file - runTaskFromQueue task cost before running: 1 s 856 ms 
[2026-05-07T18:14:37.630] [INFO] debug-file - Finished :entry:assembleHap... after 1 ms 
[2026-05-07T18:14:37.638] [INFO] debug-file - BUILD SUCCESSFUL in 1 s 864 ms 
[2026-05-07T18:14:37.638] [DEBUG] debug-file - There is no need to refresh cache, since the incremental task entry:default@PreBuild is up-to-date.
[2026-05-07T18:14:37.638] [DEBUG] debug-file - Update task entry:default@CreateModuleInfo output file:K:\study\HarmonyOs\code\chenminghui_BattleCiity\entry\build\default\generated\profile\default\ModuleInfo.ts cache.
[2026-05-07T18:14:37.638] [DEBUG] debug-file - Incremental task entry:default@CreateModuleInfo post-execution cost:1 ms .
[2026-05-07T18:14:37.638] [DEBUG] debug-file - There is no need to refresh cache, since the incremental task entry:default@GenerateMetadata is up-to-date.
[2026-05-07T18:14:37.638] [DEBUG] debug-file - There is no need to refresh cache, since the incremental task entry:default@MergeProfile is up-to-date.
[2026-05-07T18:14:37.638] [DEBUG] debug-file - There is no need to refresh cache, since the incremental task entry:default@CreateBuildProfile is up-to-date.
[2026-05-07T18:14:37.638] [DEBUG] debug-file - Update task entry:default@GeneratePkgContextInfo output file:K:\study\HarmonyOs\code\chenminghui_BattleCiity\entry\build\default\intermediates\loader\default\pkgContextInfo.json cache.
[2026-05-07T18:14:37.639] [DEBUG] debug-file - Incremental task entry:default@GeneratePkgContextInfo post-execution cost:1 ms .
[2026-05-07T18:14:37.639] [DEBUG] debug-file - Update task entry:default@ProcessIntegratedHsp output file:K:\study\HarmonyOs\code\chenminghui_BattleCiity\build\cache\default\integrated_hsp\integratedHspCache.json cache.
[2026-05-07T18:14:37.639] [DEBUG] debug-file - Incremental task entry:default@ProcessIntegratedHsp post-execution cost:1 ms .
[2026-05-07T18:14:37.639] [DEBUG] debug-file - There is no need to refresh cache, since the incremental task entry:default@MakePackInfo is up-to-date.
[2026-05-07T18:14:37.639] [DEBUG] debug-file - Update task entry:default@SyscapTransform input file:K:\study\HarmonyOs\software\DevEcoStudio\DevEco Studio\sdk\default\openharmony\toolchains\syscap_tool.exe cache by regenerate.
[2026-05-07T18:14:37.639] [DEBUG] debug-file - Update task entry:default@SyscapTransform input file:K:\study\HarmonyOs\software\DevEcoStudio\DevEco Studio\sdk\default\openharmony\ets\api\device-define cache by regenerate.
[2026-05-07T18:14:37.640] [DEBUG] debug-file - Update task entry:default@SyscapTransform output file:K:\study\HarmonyOs\code\chenminghui_BattleCiity\entry\build\default\intermediates\syscap\default\rpcid.sc cache.
[2026-05-07T18:14:37.640] [DEBUG] debug-file - Incremental task entry:default@SyscapTransform post-execution cost:1 ms .
[2026-05-07T18:14:37.640] [DEBUG] debug-file - There is no need to refresh cache, since the incremental task entry:default@ProcessProfile is up-to-date.
[2026-05-07T18:14:37.640] [DEBUG] debug-file - There is no need to refresh cache, since the incremental task entry:default@ProcessRouterMap is up-to-date.
[2026-05-07T18:14:37.640] [DEBUG] debug-file - There is no need to refresh cache, since the incremental task entry:default@ProcessShareConfig is up-to-date.
[2026-05-07T18:14:37.640] [DEBUG] debug-file - Update task entry:default@ProcessStartupConfig output file:K:\study\HarmonyOs\code\chenminghui_BattleCiity\entry\build\default\intermediates\startup\default\startup_config.json cache.
[2026-05-07T18:14:37.640] [DEBUG] debug-file - Incremental task entry:default@ProcessStartupConfig post-execution cost:1 ms .
[2026-05-07T18:14:37.640] [DEBUG] debug-file - There is no need to refresh cache, since the incremental task entry:default@ProcessResource is up-to-date.
[2026-05-07T18:14:37.640] [DEBUG] debug-file - There is no need to refresh cache, since the incremental task entry:default@GenerateLoaderJson is up-to-date.
[2026-05-07T18:14:37.640] [DEBUG] debug-file - There is no need to refresh cache, since the incremental task entry:default@ProcessLibs is up-to-date.
[2026-05-07T18:14:37.640] [DEBUG] debug-file - There is no need to refresh cache, since the incremental task entry:default@CompileResource is up-to-date.
[2026-05-07T18:14:37.640] [DEBUG] debug-file - There is no need to refresh cache, since the incremental task entry:default@DoNativeStrip is up-to-date.
[2026-05-07T18:14:37.641] [DEBUG] debug-file - Update task entry:default@CompileArkTS input file:K:\study\HarmonyOs\code\chenminghui_BattleCiity\entry\build\default\intermediates\loader\default cache by regenerate.
[2026-05-07T18:14:37.642] [DEBUG] debug-file - Update task entry:default@CompileArkTS input file:K:\study\HarmonyOs\code\chenminghui_BattleCiity\entry\build\default\intermediates\res\default\resources\rawfile cache by regenerate.
[2026-05-07T18:14:37.643] [DEBUG] debug-file - Update task entry:default@CompileArkTS input file:K:\study\HarmonyOs\code\chenminghui_BattleCiity\entry\build\default\intermediates\res\default\ResourceTable.txt cache by regenerate.
[2026-05-07T18:14:37.643] [DEBUG] debug-file - Update task entry:default@CompileArkTS input file:K:\study\HarmonyOs\code\chenminghui_BattleCiity\entry\build\default\intermediates\res\default\ark_module.json cache by regenerate.
[2026-05-07T18:14:37.643] [DEBUG] debug-file - Update task entry:default@CompileArkTS input file:K:\study\HarmonyOs\code\chenminghui_BattleCiity\entry\build\default\intermediates\res\default\resources\base\profile cache by regenerate.
[2026-05-07T18:14:37.643] [DEBUG] debug-file - Update task entry:default@CompileArkTS input file:K:\study\HarmonyOs\code\chenminghui_BattleCiity\entry\src\main\ets cache by regenerate.
[2026-05-07T18:14:37.647] [DEBUG] debug-file - Update task entry:default@CompileArkTS input file:K:\study\HarmonyOs\code\chenminghui_BattleCiity\entry\build\default\generated\profile\default\BuildProfile.ets cache by regenerate.
[2026-05-07T18:14:37.647] [DEBUG] debug-file - Update task entry:default@CompileArkTS output file:K:\study\HarmonyOs\code\chenminghui_BattleCiity\entry\build\default\intermediates\loader_out\default\ets cache.
[2026-05-07T18:14:37.648] [DEBUG] debug-file - Incremental task entry:default@CompileArkTS post-execution cost:8 ms .
[2026-05-07T18:14:37.648] [DEBUG] debug-file - Update task entry:default@BuildJS input file:K:\study\HarmonyOs\code\chenminghui_BattleCiity\entry\build\default\intermediates\loader\default cache by regenerate.
[2026-05-07T18:14:37.649] [DEBUG] debug-file - Update task entry:default@BuildJS input file:K:\study\HarmonyOs\code\chenminghui_BattleCiity\entry\build\default\intermediates\res\default\resources\rawfile cache by regenerate.
[2026-05-07T18:14:37.650] [DEBUG] debug-file - Update task entry:default@BuildJS input file:K:\study\HarmonyOs\code\chenminghui_BattleCiity\entry\build\default\intermediates\res\default\ResourceTable.txt cache by regenerate.
[2026-05-07T18:14:37.650] [DEBUG] debug-file - Update task entry:default@BuildJS input file:K:\study\HarmonyOs\code\chenminghui_BattleCiity\entry\build\default\intermediates\res\default\ark_module.json cache by regenerate.
[2026-05-07T18:14:37.650] [DEBUG] debug-file - Update task entry:default@BuildJS input file:K:\study\HarmonyOs\code\chenminghui_BattleCiity\entry\build\default\intermediates\res\default\resources\base\profile cache by regenerate.
[2026-05-07T18:14:37.650] [DEBUG] debug-file - Update task entry:default@BuildJS output file:K:\study\HarmonyOs\code\chenminghui_BattleCiity\entry\build\default\intermediates\loader_out\default\js cache.
[2026-05-07T18:14:37.650] [DEBUG] debug-file - Incremental task entry:default@BuildJS post-execution cost:3 ms .
[2026-05-07T18:14:37.650] [DEBUG] debug-file - There is no need to refresh cache, since the incremental task entry:default@CacheNativeLibs is up-to-date.
[2026-05-07T18:14:37.650] [DEBUG] debug-file - Update task entry:default@GeneratePkgModuleJson input file:K:\study\HarmonyOs\code\chenminghui_BattleCiity\entry\build\default\intermediates\res\default\module.json cache from map.
[2026-05-07T18:14:37.651] [DEBUG] debug-file - Update task entry:default@GeneratePkgModuleJson output file:K:\study\HarmonyOs\code\chenminghui_BattleCiity\entry\build\default\intermediates\package\default\module.json cache.
[2026-05-07T18:14:37.651] [DEBUG] debug-file - Incremental task entry:default@GeneratePkgModuleJson post-execution cost:1 ms .
[2026-05-07T18:14:37.651] [DEBUG] debug-file - Incremental task entry:default@ProcessCompiledResources post-execution cost:1 ms .
[2026-05-07T18:14:37.651] [DEBUG] debug-file - Update task entry:default@PackageHap input file:K:\study\HarmonyOs\code\chenminghui_BattleCiity\entry\build\default\intermediates\stripped_native_libs\default cache by regenerate.
[2026-05-07T18:14:37.651] [DEBUG] debug-file - Update task entry:default@PackageHap input file:K:\study\HarmonyOs\code\chenminghui_BattleCiity\entry\build\default\intermediates\res\default\module.json cache from map.
[2026-05-07T18:14:37.651] [DEBUG] debug-file - Update task entry:default@PackageHap input file:K:\study\HarmonyOs\code\chenminghui_BattleCiity\entry\build\default\intermediates\res\default\resources cache by regenerate.
[2026-05-07T18:14:37.653] [DEBUG] debug-file - Update task entry:default@PackageHap input file:K:\study\HarmonyOs\code\chenminghui_BattleCiity\entry\build\default\intermediates\res\default\resources.index cache by regenerate.
[2026-05-07T18:14:37.653] [DEBUG] debug-file - Update task entry:default@PackageHap input file:K:\study\HarmonyOs\code\chenminghui_BattleCiity\entry\build\default\outputs\default\pack.info cache by regenerate.
[2026-05-07T18:14:37.653] [DEBUG] debug-file - Update task entry:default@PackageHap input file:K:\study\HarmonyOs\code\chenminghui_BattleCiity\entry\build\default\intermediates\loader_out\default\ets cache by regenerate.
[2026-05-07T18:14:37.653] [DEBUG] debug-file - Update task entry:default@PackageHap input file:K:\study\HarmonyOs\code\chenminghui_BattleCiity\entry\build\default\intermediates\loader_out\default\ets\sourceMaps.map cache by regenerate.
[2026-05-07T18:14:37.654] [DEBUG] debug-file - Update task entry:default@PackageHap input file:K:\study\HarmonyOs\code\chenminghui_BattleCiity\entry\build\default\generated\profile\default\BuildProfile.ets cache by regenerate.
[2026-05-07T18:14:37.654] [DEBUG] debug-file - Update task entry:default@PackageHap output file:K:\study\HarmonyOs\code\chenminghui_BattleCiity\entry\build\default\outputs\default\entry-default-unsigned.hap cache.
[2026-05-07T18:14:37.654] [DEBUG] debug-file - Update task entry:default@PackageHap output file:K:\study\HarmonyOs\code\chenminghui_BattleCiity\entry\build\default\intermediates\source_map\default\sourceMaps.map cache.
[2026-05-07T18:14:37.654] [DEBUG] debug-file - Update task entry:default@PackageHap output file:K:\study\HarmonyOs\code\chenminghui_BattleCiity\entry\build\default\outputs\default\mapping\sourceMaps.map cache.
[2026-05-07T18:14:37.654] [DEBUG] debug-file - Incremental task entry:default@PackageHap post-execution cost:4 ms .
[2026-05-07T18:14:37.654] [DEBUG] debug-file - Update task entry:default@SignHap input file:K:\study\HarmonyOs\code\chenminghui_BattleCiity\entry\build\default\outputs\default\entry-default-unsigned.hap cache from map.
[2026-05-07T18:14:37.654] [DEBUG] debug-file - Update task entry:default@SignHap output file:K:\study\HarmonyOs\code\chenminghui_BattleCiity\entry\build\default\outputs\default\entry-default-signed.hap cache.
[2026-05-07T18:14:37.655] [DEBUG] debug-file - Incremental task entry:default@SignHap post-execution cost:1 ms .
[2026-05-07T18:14:37.655] [DEBUG] debug-file - Update task entry:default@CollectDebugSymbol input file:K:\study\HarmonyOs\code\chenminghui_BattleCiity\entry\build\default\intermediates\loader_out\default\ets\sourceMaps.map cache by regenerate.
[2026-05-07T18:14:37.655] [DEBUG] debug-file - Update task entry:default@CollectDebugSymbol input file:K:\study\HarmonyOs\code\chenminghui_BattleCiity\entry\build\default\intermediates\libs\default cache by regenerate.
[2026-05-07T18:14:37.655] [DEBUG] debug-file - Update task entry:default@CollectDebugSymbol output file:K:\study\HarmonyOs\code\chenminghui_BattleCiity\entry\build\default\outputs\default\symbol cache.
[2026-05-07T18:14:37.655] [DEBUG] debug-file - Incremental task entry:default@CollectDebugSymbol post-execution cost:1 ms .
[2026-05-07T18:14:37.674] [DEBUG] debug-file - Cleanup worker 18.
[2026-05-07T18:14:37.674] [DEBUG] debug-file - Worker 18 has been cleaned up.
[2026-05-07T18:14:37.674] [DEBUG] debug-file - Current idle worker size: 1.
[2026-05-07T18:14:37.674] [DEBUG] debug-file - Current resident worker size: 2.
[2026-05-07T18:14:37.675] [DEBUG] debug-file - hvigor build process will be closed.
[2026-05-07T18:14:37.675] [DEBUG] debug-file - java daemon socket close code:1000 reason:close by user
[2026-05-07T18:14:37.681] [DEBUG] debug-file - session manager: send message to worker process.
[2026-05-07T18:14:37.682] [DEBUG] debug-file - session manager: send message to worker process.
[2026-05-07T18:14:37.680] [DEBUG] debug-file - worker[18] exits with exit code 1.
[2026-05-07T18:14:37.682] [DEBUG] debug-file - watch worker: worker id should be larger than 0. Nothing will be sent to any worker thread.
[2026-05-07T18:14:37.682] [DEBUG] debug-file - watch worker: worker id should be larger than 0. Nothing will be sent to any worker thread.
